ds,trend,yhat_lower,yhat_upper,trend_lower,trend_upper,additive_terms,additive_terms_lower,additive_terms_upper,weekly,weekly_lower,weekly_upper,yearly,yearly_lower,yearly_upper,multiplicative_terms,multiplicative_terms_lower,multiplicative_terms_upper,yhat
2020-01-01,901.9300000000001,184.54635835094305,691.3280122032635,901.9300000000001,901.9300000000001,-466.4801317669819,-466.4801317669819,-466.4801317669819,18.187768370962864,18.187768370962864,18.187768370962864,-484.6679001379448,-484.6679001379448,-484.6679001379448,0.0,0.0,0.0,435.44986823301815
2020-01-02,901.9194888158069,198.32384148154782,680.9831368981446,901.9194888158069,901.9194888158069,-473.16752600927947,-473.16752600927947,-473.16752600927947,-4.846181999975453,-4.846181999975453,-4.846181999975453,-468.32134400930397,-468.32134400930397,-468.32134400930397,0.0,0.0,0.0,428.7519628065274
2020-01-03,901.9089776316137,173.0331561300825,670.575039445239,901.9089776316137,901.9089776316137,-479.24557332862224,-479.24557332862224,-479.24557332862224,-26.348946947633294,-26.348946947633294,-26.348946947633294,-452.89662638098895,-452.89662638098895,-452.89662638098895,0.0,0.0,0.0,422.6634043029914
2020-01-04,901.8984664474203,230.21183728063684,729.3037132450837,901.8984664474203,901.8984664474203,-432.98213052415497,-432.98213052415497,-432.98213052415497,5.516960428028571,5.516960428028571,5.516960428028571,-438.4990909521835,-438.4990909521835,-438.4990909521835,0.0,0.0,0.0,468.91633592326536
2020-01-05,901.8879552632272,242.0366955858828,751.0632519737646,901.8879552632272,901.8879552632272,-415.44355225720665,-415.44355225720665,-415.44355225720665,9.75777878339914,9.75777878339914,9.75777878339914,-425.20133104060574,-425.20133104060574,-425.20133104060574,0.0,0.0,0.0,486.4444030060206
2020-01-06,901.877444079034,266.27318195226184,766.3320148898413,901.877444079034,901.877444079034,-397.7168449976248,-397.7168449976248,-397.7168449976248,15.325618498902983,15.325618498902983,15.325618498902983,-413.0424634965278,-413.0424634965278,-413.0424634965278,0.0,0.0,0.0,504.16059908140926
2020-01-07,901.8669328948408,228.31141089311745,745.4780469240211,901.8669328948408,901.8669328948408,-419.6212101571204,-419.6212101571204,-419.6212101571204,-17.592997133750995,-17.592997133750995,-17.592997133750995,-402.0282130233694,-402.0282130233694,-402.0282130233694,0.0,0.0,0.0,482.2457227377204
2020-01-08,901.8564217106476,286.4201351101076,779.5219816008932,901.8564217106476,901.8564217106476,-373.94402627272143,-373.94402627272143,-373.94402627272143,18.187768371024056,18.187768371024056,18.187768371024056,-392.1317946437455,-392.1317946437455,-392.1317946437455,0.0,0.0,0.0,527.9123954379262
2020-01-09,901.8459105264545,256.55688768343623,753.4992247623157,901.8459105264545,901.8459105264545,-388.141744885652,-388.141744885652,-388.141744885652,-4.846181999976497,-4.846181999976497,-4.846181999976497,-383.2955628856755,-383.2955628856755,-383.2955628856755,0.0,0.0,0.0,513.7041656408026
2020-01-10,901.8353993422612,243.45300320039317,725.9768529848816,901.8353993422612,901.8353993422612,-401.7823250114495,-401.7823250114495,-401.7823250114495,-26.348946947555635,-26.348946947555635,-26.348946947555635,-375.4333780638938,-375.4333780638938,-375.4333780638938,0.0,0.0,0.0,500.05307433081174
2020-01-11,901.824888158068,287.2973828813838,787.0054919455605,901.824888158068,901.824888158068,-362.9166628108894,-362.9166628108894,-362.9166628108894,5.516960427999043,5.516960427999043,5.516960427999043,-368.43362323888846,-368.43362323888846,-368.43362323888846,0.0,0.0,0.0,538.9082253471786
2020-01-12,901.8143769738749,288.93273519499,789.6331671594857,901.8143769738749,901.8143769738749,-352.4050116665416,-352.4050116665416,-352.4050116665416,9.757778783390059,9.757778783390059,9.757778783390059,-362.16279044993166,-362.16279044993166,-362.16279044993166,0.0,0.0,0.0,549.4093653073332
2020-01-13,901.8038657896817,302.14298869150144,817.5750091452092,901.8038657896817,901.8038657896817,-341.14392349443597,-341.14392349443597,-341.14392349443597,15.325618498883253,15.325618498883253,15.325618498883253,-356.46954199331924,-356.46954199331924,-356.46954199331924,0.0,0.0,0.0,560.6599422952457
2020-01-14,901.7933546054885,295.0505957133192,784.2586855025494,901.7933546054885,901.7933546054885,-368.7821392774808,-368.7821392774808,-368.7821392774808,-17.59299713377257,-17.59299713377257,-17.59299713377257,-351.1891421437082,-351.1891421437082,-351.1891421437082,0.0,0.0,0.0,533.0112153280077
2020-01-15,901.7828434212953,333.5637894331201,819.607508050298,901.7828434212953,901.7828434212953,-327.9603786570988,-327.9603786570988,-327.9603786570988,18.187768370978077,18.187768370978077,18.187768370978077,-346.1481470280769,-346.1481470280769,-346.1481470280769,0.0,0.0,0.0,573.8224647641965
2020-01-16,901.7723322371021,309.544954318187,809.0028297697907,901.7723322371021,901.7723322371021,-346.01541751524474,-346.01541751524474,-346.01541751524474,-4.846181999977539,-4.846181999977539,-4.846181999977539,-341.1692355152672,-341.1692355152672,-341.1692355152672,0.0,0.0,0.0,555.7569147218574
2020-01-17,901.7618210529089,273.59962843284285,789.2762224154909,901.7618210529089,901.7618210529089,-362.42500901532566,-362.42500901532566,-362.42500901532566,-26.34894694775745,-26.34894694775745,-26.34894694775745,-336.07606206756816,-336.07606206756816,-336.07606206756816,0.0,0.0,0.0,539.3368120375833
2020-01-18,901.7513098687157,327.0572072896697,834.8920046105409,901.7513098687157,901.7513098687157,-325.1810530972053,-325.1810530972053,-325.1810530972053,5.51696042811499,5.51696042811499,5.51696042811499,-330.6980135253202,-330.6980135253202,-330.6980135253202,0.0,0.0,0.0,576.5702567715105
2020-01-19,901.7407986845226,337.15760206291037,852.5721013156525,901.7407986845226,901.7407986845226,-315.1169769162841,-315.1169769162841,-315.1169769162841,9.75777878342228,9.75777878342228,9.75777878342228,-324.87475569970644,-324.87475569970644,-324.87475569970644,0.0,0.0,0.0,586.6238217682385
2020-01-20,901.7302875003294,348.72283862703904,850.3403251685438,901.7302875003294,901.7302875003294,-303.13484379940405,-303.13484379940405,-303.13484379940405,15.32561849886521,15.32561849886521,15.32561849886521,-318.46046229826925,-318.46046229826925,-318.46046229826925,0.0,0.0,0.0,598.5954437009253
2020-01-21,901.7197763161362,320.7423625995675,814.1054531529236,901.7197763161362,901.7197763161362,-328.92062503625664,-328.92062503625664,-328.92062503625664,-17.59299713379415,-17.59299713379415,-17.59299713379415,-311.32762790246255,-311.32762790246255,-311.32762790246255,0.0,0.0,0.0,572.7991512798795
2020-01-22,901.7092651319429,385.2114973217723,872.3915130632522,901.7092651319429,901.7092651319429,-285.1826098224134,-285.1826098224134,-285.1826098224134,18.18776837103926,18.18776837103926,18.18776837103926,-303.3703781934526,-303.3703781934526,-303.3703781934526,0.0,0.0,0.0,616.5266553095295
2020-01-23,901.6987539477498,354.05045680207724,838.2981399815732,901.6987539477498,901.6987539477498,-299.3533860655086,-299.3533860655086,-299.3533860655086,-4.846181999978581,-4.846181999978581,-4.846181999978581,-294.50720406552995,-294.50720406552995,-294.50720406552995,0.0,0.0,0.0,602.3453678822411
2020-01-24,901.6882427635566,368.3155483589035,828.3271047473082,901.6882427635566,901.6882427635566,-311.0320082619027,-311.0320082619027,-311.0320082619027,-26.348946947689964,-26.348946947689964,-26.348946947689964,-284.68306131421275,-284.68306131421275,-284.68306131421275,0.0,0.0,0.0,590.6562345016539
2020-01-25,901.6777315793634,374.96118016915625,878.4489406640738,901.6777315793634,901.6777315793634,-268.35383341450574,-268.35383341450574,-268.35383341450574,5.516960428085465,5.516960428085465,5.516960428085465,-273.8707938425912,-273.8707938425912,-273.8707938425912,0.0,0.0,0.0,633.3238981648576
2020-01-26,901.6672203951701,396.0120770977012,899.6316256526194,901.6672203951701,901.6672203951701,-252.31407658835704,-252.31407658835704,-252.31407658835704,9.757778783411425,9.757778783411425,9.757778783411425,-262.07185537176844,-262.07185537176844,-262.07185537176844,0.0,0.0,0.0,649.3531438068131
2020-01-27,901.6567092109769,408.8823115897711,914.7844943118268,901.6567092109769,901.6567092109769,-233.99070353595363,-233.99070353595363,-233.99070353595363,15.325618498847161,15.325618498847161,15.325618498847161,-249.3163220348008,-249.3163220348008,-249.3163220348008,0.0,0.0,0.0,667.6660056750234
2020-02-01,901.604153290011,472.1040322194396,1002.51701375253,901.604153290011,901.604153290011,-168.58759040127362,-168.58759040127362,-168.58759040127362,5.516960428055938,5.516960428055938,5.516960428055938,-174.10455082932955,-174.10455082932955,-174.10455082932955,0.0,0.0,0.0,733.0165628887374
2020-02-02,901.5936421058177,498.8492008346549,988.8034689194465,901.5936421058177,901.5936421058177,-147.91885699853074,-147.91885699853074,-147.91885699853074,9.757778783443648,9.757778783443648,9.757778783443648,-157.6766357819744,-157.6766357819744,-157.6766357819744,0.0,0.0,0.0,753.674785107287
2020-02-03,901.5831309216246,538.3470070073419,1018.9705112085287,901.5831309216246,901.5831309216246,-125.84247961505264,-125.84247961505264,-125.84247961505264,15.325618498930618,15.325618498930618,15.325618498930618,-141.16809811398326,-141.16809811398326,-141.16809811398326,0.0,0.0,0.0,775.740651306572
2020-02-04,901.5726197374314,509.1931849039913,1001.3057182066578,901.5726197374314,901.5726197374314,-142.35675950375162,-142.35675950375162,-142.35675950375162,-17.59299713376078,-17.59299713376078,-17.59299713376078,-124.76376236999084,-124.76376236999084,-124.76376236999084,0.0,0.0,0.0,759.2158602336798
2020-02-05,901.5621085532382,555.7231063054924,1051.556200396615,901.5621085532382,901.5621085532382,-90.46406215871714,-90.46406215871714,-90.46406215871714,18.187768371020372,18.187768371020372,18.187768371020372,-108.65183052973751,-108.65183052973751,-108.65183052973751,0.0,0.0,0.0,811.098046394521
2020-02-06,901.551597369045,538.8957376456831,1043.39051376964,901.551597369045,901.551597369045,-97.86582931446512,-97.86582931446512,-97.86582931446512,-4.846181999952339,-4.846181999952339,-4.846181999952339,-93.01964731451278,-93.01964731451278,-93.01964731451278,0.0,0.0,0.0,803.6857680545799
2020-02-07,901.5410861848519,557.8581492049765,1053.098253516677,901.5410861848519,901.5410861848519,-104.39847715606331,-104.39847715606331,-104.39847715606331,-26.34894694763459,-26.34894694763459,-26.34894694763459,-78.04953020842872,-78.04953020842872,-78.04953020842872,0.0,0.0,0.0,797.1426090287886
2020-02-08,901.5305750006586,610.5957780769482,1098.4981969249209,901.5305750006586,901.5305750006586,-58.39780072729773,-58.39780072729773,-58.39780072729773,5.516960428171885,5.516960428171885,5.516960428171885,-63.91476115546961,-63.91476115546961,-63.91476115546961,0.0,0.0,0.0,843.1327742733608
2020-02-09,901.5200638164654,610.3118858103095,1120.9197752180598,901.5200638164654,901.5200638164654,-41.01805231210163,-41.01805231210163,-41.01805231210163,9.757778783393269,9.757778783393269,9.757778783393269,-50.77583109549491,-50.77583109549491,-50.77583109549491,0.0,0.0,0.0,860.5020115043637
2020-02-10,901.5095526322723,618.5094287405982,1124.142938399571,901.5095526322723,901.5095526322723,-23.451402093039995,-23.451402093039995,-23.451402093039995,15.325618498912569,15.325618498912569,15.325618498912569,-38.777020591952564,-38.777020591952564,-38.777020591952564,0.0,0.0,0.0,878.0581505392323
2020-02-11,901.4990414480791,597.7197195524583,1104.4911671665252,901.4990414480791,901.4990414480791,-45.636387161607736,-45.636387161607736,-45.636387161607736,-17.592997133788014,-17.592997133788014,-17.592997133788014,-28.043390027819722,-28.043390027819722,-28.043390027819722,0.0,0.0,0.0,855.8626542864713
2020-02-12,901.4885302638859,654.1875144329011,1149.2422002675953,901.4885302638859,901.4885302638859,-0.490473110936369,-0.490473110936369,-0.490473110936369,18.18776837108156,18.18776837108156,18.18776837108156,-18.67824148201793,-18.67824148201793,-18.67824148201793,0.0,0.0,0.0,900.9980571529495
2020-02-13,901.4780190796927,640.6025932081911,1147.335736747652,901.4780190796927,901.4780190796927,-15.607283769284063,-15.607283769284063,-15.607283769284063,-4.846182000042399,-4.846182000042399,-4.846182000042399,-10.761101769241664,-10.761101769241664,-10.761101769241664,0.0,0.0,0.0,885.8707353104086
2020-02-14,901.4675078954995,609.9910047927931,1118.462770518342,901.4675078954995,901.4675078954995,-30.695209520055645,-30.695209520055645,-30.695209520055645,-26.34894694765687,-26.34894694765687,-26.34894694765687,-4.346262572398777,-4.346262572398777,-4.346262572398777,0.0,0.0,0.0,870.7722983754438
2020-02-15,901.4569967113063,661.2421528726783,1159.003235098201,901.4569967113063,901.4569967113063,6.055060948432834,6.055060948432834,6.055060948432834,5.516960428142357,5.516960428142357,5.516960428142357,0.5381005202904765,0.5381005202904765,0.5381005202904765,0.0,0.0,0.0,907.5120576597391
2020-02-16,901.446485527113,669.8414821384649,1170.9807149175058,901.446485527113,901.446485527113,13.6480013594435,13.6480013594435,13.6480013594435,9.757778783425486,9.757778783425486,9.757778783425486,3.890222576018012,3.890222576018012,3.890222576018012,0.0,0.0,0.0,915.0944868865565
2020-02-17,901.4359743429198,657.6871955673249,1186.8597872227579,901.4359743429198,901.4359743429198,21.060082628052218,21.060082628052218,21.060082628052218,15.32561849889452,15.32561849889452,15.32561849889452,5.734464129157698,5.734464129157698,5.734464129157698,0.0,0.0,0.0,922.4960569709721
2020-02-18,901.4254631587268,654.042441177183,1131.3501970712057,901.4254631587268,901.4254631587268,-11.472530602878193,-11.472530602878193,-11.472530602878193,-17.592997133809597,-17.592997133809597,-17.592997133809597,6.120466530931402,6.120466530931402,6.120466530931402,0.0,0.0,0.0,889.9529325558485
2020-02-19,901.4149519745336,690.4983383839865,1163.936471956987,901.4149519745336,901.4149519745336,23.30954928621269,23.30954928621269,23.30954928621269,18.187768371001482,18.187768371001482,18.187768371001482,5.121780915211212,5.121780915211212,5.121780915211212,0.0,0.0,0.0,924.7245012607463
2020-02-20,901.4044407903402,645.7082166021753,1139.7726817996943,901.4044407903402,901.4044407903402,-2.012166495280044,-2.012166495280044,-2.012166495280044,-4.846181999865409,-4.846181999865409,-4.846181999865409,2.834015504585364,2.834015504585364,2.834015504585364,0.0,0.0,0.0,899.3922742950601
2020-02-21,901.3939296061471,640.6464121376151,1127.0813113543597,901.3939296061471,901.3939296061471,-26.976390725436847,-26.976390725436847,-26.976390725436847,-26.348946947679153,-26.348946947679153,-26.348946947679153,-0.627443777757699,-0.627443777757699,-0.627443777757699,0.0,0.0,0.0,874.4175388807103
2020-02-22,901.3834184219539,656.0202981473551,1147.267722473452,901.3834184219539,901.3834184219539,0.3868846156996017,0.3868846156996017,0.3868846156996017,5.516960428038783,5.516960428038783,5.516960428038783,-5.130075812339181,-5.130075812339181,-5.130075812339181,0.0,0.0,0.0,901.7703030376535
2020-02-23,901.3729072377607,653.5134262439124,1159.5637854221936,901.3729072377607,901.3729072377607,-0.7693807281277358,-0.7693807281277358,-0.7693807281277358,9.757778783457713,9.757778783457713,9.757778783457713,-10.527159511585449,-10.527159511585449,-10.527159511585449,0.0,0.0,0.0,900.603526509633
2020-02-24,901.3623960535675,647.0759957155694,1159.9568743269938,901.3623960535675,901.3623960535675,-1.3353079901138063,-1.3353079901138063,-1.3353079901138063,15.325618498874793,15.325618498874793,15.325618498874793,-16.6609264889886,-16.6609264889886,-16.6609264889886,0.0,0.0,0.0,900.0270880634537
2020-02-25,901.3518848693743,613.4484602075631,1114.6591293568576,901.3518848693743,901.3518848693743,-40.95885012078257,-40.95885012078257,-40.95885012078257,-17.59299713379291,-17.59299713379291,-17.59299713379291,-23.365852986989665,-23.365852986989665,-23.365852986989665,0.0,0.0,0.0,860.3930347485917
2020-02-26,901.3413736851812,642.7838955194982,1144.0381368781887,901.3413736851812,901.3413736851812,-12.284243619922579,-12.284243619922579,-12.284243619922579,18.18776837106267,18.18776837106267,18.18776837106267,-30.472011990985244,-30.472011990985244,-30.472011990985244,0.0,0.0,0.0,889.0571300652587
2020-02-27,901.3308624874782,617.7733844716186,1109.6358242245847,901.3308624874782,901.3308624874782,-42.65458953997753,-42.65458953997753,-42.65458953997753,-4.846181999838124,-4.846181999838124,-4.846181999838124,-37.8084075401394,-37.8084075401394,-37.8084075401394,0.0,0.0,0.0,858.6762729475006
2020-03-01,901.2993288943695,590.3278730304099,1104.3345812253376,901.2993288943695,901.2993288943695,-49.782106346870634,-49.782106346870634,-49.782106346870634,9.757778783405554,9.757778783405554,9.757778783405554,-59.53988513027618,-59.53988513027618,-59.53988513027618,0.0,0.0,0.0,851.5172225474989
2020-03-02,901.2888176966666,598.7592867657359,1096.338143308105,901.2888176966666,901.2888176966666,-50.8498563074158,-50.8498563074158,-50.8498563074158,15.32561849885843,15.32561849885843,15.32561849885843,-66.17547480627422,-66.17547480627422,-66.17547480627422,0.0,0.0,0.0,850.4389613892507
2020-03-03,901.2783064989637,569.2982722672798,1076.8046880697996,901.2783064989637,901.2783064989637,-89.86973846733899,-89.86973846733899,-89.86973846733899,-17.592997133776223,-17.592997133776223,-17.592997133776223,-72.27674133356275,-72.27674133356275,-72.27674133356275,0.0,0.0,0.0,811.4085680316248
2020-03-04,901.2677953012608,596.9988045395789,1093.8834117399,901.2677953012608,901.2677953012608,-59.53879844952668,-59.53879844952668,-59.53879844952668,18.187768371016695,18.187768371016695,18.187768371016695,-77.72656682054338,-77.72656682054338,-77.72656682054338,0.0,0.0,0.0,841.7289968517341
2020-03-05,901.2572841035579,579.2797120984914,1054.8286210095732,901.2572841035579,901.2572841035579,-87.2702627557406,-87.2702627557406,-87.2702627557406,-4.8461819998391675,-4.8461819998391675,-4.8461819998391675,-82.42408075590143,-82.42408075590143,-82.42408075590143,0.0,0.0,0.0,813.9870213478173
2020-03-06,901.246772905855,535.9087916358915,1056.668364002265,901.246772905855,901.246772905855,-112.63466586914777,-112.63466586914777,-112.63466586914777,-26.348946947633948,-26.348946947633948,-26.348946947633948,-86.28571892151382,-86.28571892151382,-86.28571892151382,0.0,0.0,0.0,788.6121070367072
2020-03-07,901.236261708152,581.522521856825,1060.557301506405,901.236261708152,901.236261708152,-83.728902426026,-83.728902426026,-83.728902426026,5.5169604280524664,5.5169604280524664,5.5169604280524664,-89.24586285407845,-89.24586285407845,-89.24586285407845,0.0,0.0,0.0,817.507359282126
2020-03-08,901.2257505104491,583.5404796144068,1071.7462468340211,901.2257505104491,901.2257505104491,-81.49928515035256,-81.49928515035256,-81.49928515035256,9.757778783437775,9.757778783437775,9.757778783437775,-91.25706393379032,-91.25706393379032,-91.25706393379032,0.0,0.0,0.0,819.7264653600965
2020-03-09,901.2152393127461,559.1368301790419,1066.4403645851842,901.2152393127461,901.2152393127461,-76.96424755770363,-76.96424755770363,-76.96424755770363,15.325618498940202,15.325618498940202,15.325618498940202,-92.28986605664383,-92.28986605664383,-92.28986605664383,0.0,0.0,0.0,824.2509917550425
2020-03-10,901.2047281150433,545.9445330787541,1028.447138722701,901.2047281150433,901.2047281150433,-109.9252471214417,-109.9252471214417,-109.9252471214417,-17.592997133759535,-17.592997133759535,-17.592997133759535,-92.33224998768216,-92.33224998768216,-92.33224998768216,0.0,0.0,0.0,791.2794809936016
2020-03-11,901.1942169173403,585.1980064445189,1077.637816022063,901.1942169173403,901.1942169173403,-73.20096231284096,-73.20096231284096,-73.20096231284096,18.18776837107788,18.18776837107788,18.18776837107788,-91.38873068391884,-91.38873068391884,-91.38873068391884,0.0,0.0,0.0,827.9932546044994
2020-03-12,901.1837057196375,554.3020298482397,1042.2049545599423,901.1837057196375,901.1837057196375,-94.32532794301646,-94.32532794301646,-94.32532794301646,-4.846181999929226,-4.846181999929226,-4.846181999929226,-89.47914594308723,-89.47914594308723,-89.47914594308723,0.0,0.0,0.0,806.8583777766211
2020-03-13,901.1731945219345,533.0112504206213,1042.4345742130329,901.1731945219345,901.1731945219345,-112.98612748235797,-112.98612748235797,-112.98612748235797,-26.348946947745993,-26.348946947745993,-26.348946947745993,-86.63718053461197,-86.63718053461197,-86.63718053461197,0.0,0.0,0.0,788.1870670395765
2020-03-14,901.1626833242317,555.418659040981,1058.831188809801,901.1626833242317,901.1626833242317,-77.39171397488109,-77.39171397488109,-77.39171397488109,5.516960428095677,5.516960428095677,5.516960428095677,-82.90867440297676,-82.90867440297676,-82.90867440297676,0.0,0.0,0.0,823.7709693493506
2020-03-15,901.1521721265287,590.6976988212099,1070.6254519109366,901.1521721265287,901.1521721265287,-68.59198775244126,-68.59198775244126,-68.59198775244126,9.757778783387401,9.757778783387401,9.757778783387401,-78.34976653582865,-78.34976653582865,-78.34976653582865,0.0,0.0,0.0,832.5601843740875
2020-03-16,901.1416609288258,594.5671361470859,1104.6012705909714,901.1416609288258,901.1416609288258,-57.699309143365625,-57.699309143365625,-57.699309143365625,15.325618498922152,15.325618498922152,15.325618498922152,-73.02492764228778,-73.02492764228778,-73.02492764228778,0.0,0.0,0.0,843.4423517854601
2020-03-17,901.1311497311228,558.8426824586127,1066.6998200458986,901.1311497311228,901.1311497311228,-84.59793203866859,-84.59793203866859,-84.59793203866859,-17.59299713378112,-17.59299713378112,-17.59299713378112,-67.00493490488746,-67.00493490488746,-67.00493490488746,0.0,0.0,0.0,816.5332176924543
2020-03-18,901.12063853342,608.465099485069,1112.6736655613954,901.12063853342,901.12063853342,-42.177072441745075,-42.177072441745075,-42.177072441745075,18.187768370997798,18.187768370997798,18.187768370997798,-60.36484081274288,-60.36484081274288,-60.36484081274288,0.0,0.0,0.0,858.9435660916749
2020-03-19,901.110127335717,595.9601801354602,1089.7301365351086,901.110127335717,901.110127335717,-58.02816754131756,-58.02816754131756,-58.02816754131756,-4.846182000019285,-4.846182000019285,-4.846182000019285,-53.181985541298275,-53.181985541298275,-53.181985541298275,0.0,0.0,0.0,843.0819597943995
2020-03-20,901.0996161380142,592.4036900803471,1082.567843729239,901.0996161380142,901.0996161380142,-71.8830455885907,-71.8830455885907,-71.8830455885907,-26.348946947668342,-26.348946947668342,-26.348946947668342,-45.53409864092237,-45.53409864092237,-45.53409864092237,0.0,0.0,0.0,829.2165705494235
2020-03-21,901.0891049403112,617.6888701564174,1118.7145054859066,901.0891049403112,901.0891049403112,-31.980570652273986,-31.980570652273986,-31.980570652273986,5.516960428138885,5.516960428138885,5.516960428138885,-37.49753108041288,-37.49753108041288,-37.49753108041288,0.0,0.0,0.0,869.1085342880373
2020-03-22,901.0785937426083,624.6590603011172,1141.3909136164827,901.0785937426083,901.0785937426083,-19.387874352195674,-19.387874352195674,-19.387874352195674,9.757778783419619,9.757778783419619,9.757778783419619,-29.145653135615294,-29.145653135615294,-29.145653135615294,0.0,0.0,0.0,881.6907193904126
2020-03-23,901.0680825449055,644.4369334986383,1128.014140872217,901.0680825449055,901.0680825449055,-5.221828904169945,-5.221828904169945,-5.221828904169945,15.325618498902426,15.325618498902426,15.325618498902426,-20.54744740307237,-20.54744740307237,-20.54744740307237,0.0,0.0,0.0,895.8462536407355
2020-03-24,901.0575713472024,642.9948294756398,1106.5428983295542,901.0575713472024,901.0575713472024,-29.359316686967116,-29.359316686967116,-29.359316686967116,-17.592997133726165,-17.592997133726165,-17.592997133726165,-11.76631955324095,-11.76631955324095,-11.76631955324095,0.0,0.0,0.0,871.6982546602353
2020-03-25,901.0470601494995,659.3528657542873,1171.8581978500697,901.0470601494995,901.0470601494995,15.328625851660087,15.328625851660087,15.328625851660087,18.18776837095182,18.18776837095182,18.18776837095182,-2.859142519291734,-2.859142519291734,-2.859142519291734,0.0,0.0,0.0,916.3756860011596
2020-03-26,901.0365489517966,653.1948306459865,1153.9669678260686,901.0365489517966,901.0365489517966,1.2782751546051878,1.2782751546051878,1.2782751546051878,-4.846181999931312,-4.846181999931312,-4.846181999931312,6.1244571545365,6.1244571545365,6.1244571545365,0.0,0.0,0.0,902.3148241064018
2020-03-27,901.0260377540937,647.1441976861572,1133.6933074142771,901.0260377540937,901.0260377540937,-11.206378036991168,-11.206378036991168,-11.206378036991168,-26.34894694769062,-26.34894694769062,-26.34894694769062,15.142568910699453,15.142568910699453,15.142568910699453,0.0,0.0,0.0,889.8196597171026
2020-04-01,900.9734817655792,714.9706778283654,1219.0919607376175,900.9734817655792,900.9734817655792,78.02222570014497,78.02222570014497,78.02222570014497,18.187768370942372,18.187768370942372,18.187768370942372,59.8344573292026,59.8344573292026,59.8344573292026,0.0,0.0,0.0,978.9957074657242
2020-04-02,900.9629705678763,720.4246527834019,1220.6806871248934,900.9629705678763,900.9629705678763,63.76711039630941,63.76711039630941,63.76711039630941,-4.846182000021369,-4.846182000021369,-4.846182000021369,68.61329239633078,68.61329239633078,68.61329239633078,0.0,0.0,0.0,964.7300809641856
2020-04-03,900.9524593701733,694.1548783574117,1187.1114693322281,900.9524593701733,900.9524593701733,50.99324995192078,50.99324995192078,50.99324995192078,-26.348946947623133,-26.348946947623133,-26.348946947623133,77.34219689954391,77.34219689954391,77.34219689954391,0.0,0.0,0.0,951.9457093220941
2020-04-04,900.9419481724703,734.0209145021663,1239.4630651191678,900.9419481724703,900.9419481724703,91.54954750294532,91.54954750294532,91.54954750294532,5.516960428078521,5.516960428078521,5.516960428078521,86.0325870748668,86.0325870748668,86.0325870748668,0.0,0.0,0.0,992.4914956754156
2020-04-05,900.9314369747675,774.1525480483579,1255.7966543786156,900.9314369747675,900.9314369747675,104.45703016112792,104.45703016112792,104.45703016112792,9.757778783399683,9.757778783399683,9.757778783399683,94.69925137772823,94.69925137772823,94.69925137772823,0.0,0.0,0.0,1005.3884671358954
2020-04-06,900.9209257770646,770.2109906651184,1264.522395784919,900.9209257770646,900.9209257770646,118.68499575446266,118.68499575446266,118.68499575446266,15.325618498866332,15.325618498866332,15.325618498866332,103.35937725559634,103.35937725559634,103.35937725559634,0.0,0.0,0.0,1019.6059215315272
2020-04-07,900.9104145793617,740.0034471608977,1247.9589379276229,900.9104145793617,900.9104145793617,94.43858851690892,94.43858851690892,94.43858851690892,-17.592997133774983,-17.592997133774983,-17.592997133774983,112.0315856506839,112.0315856506839,112.0315856506839,0.0,0.0,0.0,995.3490030962706
2020-04-08,900.8999033816588,786.672640107057,1276.9034420473301,900.8999033816588,900.8999033816588,138.9227674301547,138.9227674301547,138.9227674301547,18.18776837100356,18.18776837100356,18.18776837100356,120.73499905915114,120.73499905915114,120.73499905915114,0.0,0.0,0.0,1039.8226708118134
2020-04-09,900.8893921839559,768.3418091629583,1279.5776014172507,900.8893921839559,900.8893921839559,124.64218408965124,124.64218408965124,124.64218408965124,-4.846182000022413,-4.846182000022413,-4.846182000022413,129.48836608967366,129.48836608967366,129.48836608967366,0.0,0.0,0.0,1025.5315762736072
2020-04-10,900.878880986253,772.9915665590463,1267.6934107685615,900.878880986253,900.878880986253,111.96031515418828,111.96031515418828,111.96031515418828,-26.34894694755565,-26.34894694755565,-26.34894694755565,138.30926210174394,138.30926210174394,138.30926210174394,0.0,0.0,0.0,1012.8391961404412
2020-04-11,900.86836978855,806.7081615050107,1306.9313726239477,900.86836978855,900.86836978855,152.73034222401995,152.73034222401995,152.73034222401995,5.516960428048995,5.516960428048995,5.516960428048995,147.21338179597097,147.21338179597097,147.21338179597097,0.0,0.0,0.0,1053.5987120125699
2020-04-12,900.8578585908471,817.4371075759066,1323.1829090890085,900.8578585908471,900.8578585908471,165.97171448907704,165.97171448907704,165.97171448907704,9.757778783390606,9.757778783390606,9.757778783390606,156.21393570568645,156.21393570568645,156.21393570568645,0.0,0.0,0.0,1066.829573079924
2020-04-13,900.8473473931442,834.1941290731373,1328.1099937779416,900.8473473931442,900.8473473931442,180.646777035363,180.646777035363,180.646777035363,15.325618498846598,15.325618498846598,15.325618498846598,165.32115853651638,165.32115853651638,165.32115853651638,0.0,0.0,0.0,1081.4941244285071
2020-04-14,900.8368361954413,790.0352788031303,1313.9042449945125,900.8368361954413,900.8368361954413,156.94893621747553,156.94893621747553,156.94893621747553,-17.592997133758296,-17.592997133758296,-17.592997133758296,174.54193335123384,174.54193335123384,174.54193335123384,0.0,0.0,0.0,1057.7857724129167
2020-04-15,900.8263249977383,839.9126633799704,1354.1576841467963,900.8263249977383,900.8263249977383,202.06730018700262,202.06730018700262,202.06730018700262,18.187768370994114,18.187768370994114,18.187768370994114,183.87953181600852,183.87953181600852,183.87953181600852,0.0,0.0,0.0,1102.8936251847408
2020-04-16,900.8158138000355,820.7142614500008,1339.3085344898607,900.8158138000355,900.8158138000355,188.48728522673204,188.48728522673204,188.48728522673204,-4.84618199990611,-4.84618199990611,-4.84618199990611,193.33346722663816,193.33346722663816,193.33346722663816,0.0,0.0,0.0,1089.3030990267675
2020-04-17,900.8053026023325,836.6864674344348,1326.8188908885193,900.8053026023325,900.8053026023325,176.55050696455856,176.55050696455856,176.55050696455856,-26.348946947667695,-26.348946947667695,-26.348946947667695,202.89945391222625,202.89945391222625,202.89945391222625,0.0,0.0,0.0,1077.3558095668911
2020-04-18,900.7947914046297,876.0948511825426,1343.5636849566965,900.7947914046297,900.7947914046297,218.08642437385456,218.08642437385456,218.08642437385456,5.516960428164941,5.516960428164941,5.516960428164941,212.5694639456896,212.5694639456896,212.5694639456896,0.0,0.0,0.0,1118.8812157784841
2020-04-19,900.7842802069267,878.3646729977803,1371.7499075494266,900.7842802069267,900.7842802069267,232.08964872047727,232.08964872047727,232.08964872047727,9.757778783422825,9.757778783422825,9.757778783422825,222.33186993705448,222.33186993705448,222.33186993705448,0.0,0.0,0.0,1132.873928927404
2020-04-20,900.7737690092238,881.3540434569283,1390.6738838694114,900.7737690092238,900.7737690092238,247.49727958151547,247.49727958151547,247.49727958151547,15.325618498828554,15.325618498828554,15.325618498828554,232.17166108268694,232.17166108268694,232.17166108268694,0.0,0.0,0.0,1148.2710485907392
2020-04-21,900.7632578115208,896.870177295481,1380.048616783878,900.7632578115208,900.7632578115208,224.47772148017475,224.47772148017475,224.47772148017475,-17.592997133785534,-17.592997133785534,-17.592997133785534,242.0707186139603,242.0707186139603,242.0707186139603,0.0,0.0,0.0,1125.2409792916956
2020-04-22,900.752746613818,925.3627398849469,1410.619124836168,900.752746613818,900.752746613818,270.19590469716235,270.19590469716235,270.19590469716235,18.18776837105531,18.18776837105531,18.18776837105531,252.00813632610704,252.00813632610704,252.00813632610704,0.0,0.0,0.0,1170.9486513109803
2020-04-23,900.742235416115,895.0351631379357,1408.623558875257,900.742235416115,900.742235416115,257.11438995494507,257.11438995494507,257.11438995494507,-4.846181999907155,-4.846181999907155,-4.846181999907155,261.9605719548522,261.9605719548522,261.9605719548522,0.0,0.0,0.0,1157.85662537106
2020-04-24,900.7317242184121,883.2947157902186,1379.067573061914,900.7317242184121,900.7317242184121,245.5536688187328,245.5536688187328,245.5536688187328,-26.348946947600215,-26.348946947600215,-26.348946947600215,271.90261576633304,271.90261576633304,271.90261576633304,0.0,0.0,0.0,1146.2853930371448
2020-04-25,900.7212129870111,957.541613855687,1436.1278815102794,900.7212129870111,900.7212129870111,287.32412420489123,287.32412420489123,287.32412420489123,5.516960428135413,5.516960428135413,5.516960428135413,281.8071637767559,281.8071637767559,281.8071637767559,0.0,0.0,0.0,1188.0453371919023
2020-04-26,900.7107017556101,932.7260234876006,1455.5094934940507,900.7107017556101,900.7107017556101,301.4035632435576,301.4035632435576,301.4035632435576,9.757778783413748,9.757778783413748,9.757778783413748,291.64578446014383,291.64578446014383,291.64578446014383,0.0,0.0,0.0,1202.1142649991677
2020-04-27,900.7001905242091,961.9510877325868,1465.9908426405227,900.7001905242091,900.7001905242091,316.7146880506114,316.7146880506114,316.7146880506114,15.325618498912009,15.325618498912009,15.325618498912009,301.38906955169944,301.38906955169944,301.38906955169944,0.0,0.0,0.0,1217.4148785748205
2020-05-01,900.6581455986052,969.1387174302013,1459.6384202080524,900.6581455986052,900.6581455986052,312.455070292625,312.455070292625,312.455070292625,-26.348946947702085,-26.348946947702085,-26.348946947702085,338.8040172403271,338.8040172403271,338.8040172403271,0.0,0.0,0.0,1213.11321589123
2020-05-02,900.6476343672041,1010.1539812269483,1502.7303530318095,900.6476343672041,900.6476343672041,353.1335241793834,353.1335241793834,353.1335241793834,5.5169604280318385,5.5169604280318385,5.5169604280318385,347.6165637513516,347.6165637513516,347.6165637513516,0.0,0.0,0.0,1253.7811585465874
2020-05-03,900.6371231358031,1012.6051330167604,1504.5391224260068,900.6371231358031,900.6371231358031,365.91080901536515,365.91080901536515,365.91080901536515,9.757778783445968,9.757778783445968,9.757778783445968,356.15303023191916,356.15303023191916,356.15303023191916,0.0,0.0,0.0,1266.5479321511682
2020-05-04,900.6266119044021,1038.2710388073983,1516.374079904287,900.6266119044021,900.6266119044021,379.71024959086265,379.71024959086265,379.71024959086265,15.325618498893963,15.325618498893963,15.325618498893963,364.3846310919687,364.3846310919687,364.3846310919687,0.0,0.0,0.0,1280.3368614952647
2020-05-05,900.6161006730011,996.6819961113603,1520.8353201355542,900.6161006730011,900.6161006730011,354.690387321971,354.690387321971,354.690387321971,-17.59299713375216,-17.59299713375216,-17.59299713375216,372.2833844557232,372.2833844557232,372.2833844557232,0.0,0.0,0.0,1255.306487994972
2020-05-06,900.6055894416002,1056.2142282052334,1551.6264353705908,900.6055894416002,900.6055894416002,398.0099962000493,398.0099962000493,398.0099962000493,18.18776837103641,18.18776837103641,18.18776837103641,379.82222782901283,379.82222782901283,379.82222782901283,0.0,0.0,0.0,1298.6155856416494
2020-05-07,900.5950782101991,1052.5705636676907,1510.8789732856947,900.5950782101991,900.5950782101991,382.1289453277203,382.1289453277203,382.1289453277203,-4.846181999998257,-4.846181999998257,-4.846181999998257,386.97512732771855,386.97512732771855,386.97512732771855,0.0,0.0,0.0,1282.7240235379195
2020-05-08,900.5845669787982,1031.6532197109632,1521.9291459672095,900.5845669787982,900.5845669787982,367.3682403399561,367.3682403399561,367.3682403399561,-26.3489469476346,-26.3489469476346,-26.3489469476346,393.7171872875908,393.7171872875908,393.7171872875908,0.0,0.0,0.0,1267.9528073187544
2020-05-09,900.5740557473972,1071.9684494391906,1563.638595718437,900.5740557473972,900.5740557473972,405.54172719837186,405.54172719837186,405.54172719837186,5.516960428075048,5.516960428075048,5.516960428075048,400.0247667702968,400.0247667702968,400.0247667702968,0.0,0.0,0.0,1306.115782945769
2020-05-10,900.5635445159962,1068.0259705843432,1566.7882353086836,900.5635445159962,900.5635445159962,415.6333875972842,415.6333875972842,415.6333875972842,9.75777878339559,9.75777878339559,9.75777878339559,405.87560881388856,405.87560881388856,405.87560881388856,0.0,0.0,0.0,1316.1969321132804
2020-05-11,900.5530332845951,1083.971964015392,1575.7071817544743,900.5530332845951,900.5530332845951,426.57460578678956,426.57460578678956,426.57460578678956,15.325618498874233,15.325618498874233,15.325618498874233,411.2489872879153,411.2489872879153,411.2489872879153,0.0,0.0,0.0,1327.1276390713847
2020-05-12,900.5425220531941,1055.8985435250288,1548.404728293548,900.5425220531941,900.5425220531941,398.5328778115459,398.5328778115459,398.5328778115459,-17.592997133773743,-17.592997133773743,-17.592997133773743,416.12587494531965,416.12587494531965,416.12587494531965,0.0,0.0,0.0,1299.0753998647401
2020-05-13,900.5320108217932,1079.6599008928713,1584.0519069945349,900.5320108217932,900.5320108217932,438.67690314749456,438.67690314749456,438.67690314749456,18.187768370990437,18.187768370990437,18.187768370990437,420.48913477650416,420.48913477650416,420.48913477650416,0.0,0.0,0.0,1339.2089139692878
2020-05-14,900.5214995903922,1072.9394675527485,1578.620989355024,900.5214995903922,900.5214995903922,419.4775531254956,419.4775531254956,419.4775531254956,-4.846182000088316,-4.846182000088316,-4.846182000088316,424.3237351255839,424.3237351255839,424.3237351255839,0.0,0.0,0.0,1319.9990527158877
2020-05-15,900.5109883589912,1071.1259410498558,1565.2736288118006,900.5109883589912,900.5109883589912,401.26804035256185,401.26804035256185,401.26804035256185,-26.348946947656884,-26.348946947656884,-26.348946947656884,427.61698730021874,427.61698730021874,427.61698730021874,0.0,0.0,0.0,1301.779028711553
2020-05-16,900.5004771275902,1087.0777123525704,1576.18686829883,900.5004771275902,900.5004771275902,435.87576308725414,435.87576308725414,435.87576308725414,5.516960428118258,5.516960428118258,5.516960428118258,430.3588026591359,430.3588026591359,430.3588026591359,0.0,0.0,0.0,1336.3762402148443
2020-05-17,900.4899658961892,1088.724007369914,1578.5166643363382,900.4899658961892,900.4899658961892,442.29974325844,442.29974325844,442.29974325844,9.75777878342781,9.75777878342781,9.75777878342781,432.54196447501215,432.54196447501215,432.54196447501215,0.0,0.0,0.0,1342.7897091546292
2020-05-18,900.4794546647882,1115.0975106746084,1588.9492797195944,900.4794546647882,900.4794546647882,449.4880268081352,449.4880268081352,449.4880268081352,15.325618498959365,15.325618498959365,15.325618498959365,434.1624083091758,434.1624083091758,434.1624083091758,0.0,0.0,0.0,1349.9674814729235
2020-05-19,900.4689434333873,1056.2886980213764,1555.5575466112157,900.4689434333873,900.4689434333873,417.6265061320299,417.6265061320299,417.6265061320299,-17.592997133795322,-17.592997133795322,-17.592997133795322,435.21950326582515,435.21950326582515,435.21950326582515,0.0,0.0,0.0,1318.095449565417
2020-05-20,900.4584322019862,1089.1705126288919,1616.7188159913958,900.4584322019862,900.4584322019862,453.9040937425621,453.9040937425621,453.9040937425621,18.18776837098099,18.18776837098099,18.18776837098099,435.7163253715811,435.7163253715811,435.7163253715811,0.0,0.0,0.0,1354.3625259445482
2020-05-21,900.4479209705852,1089.6827663804982,1612.383867388782,900.4479209705852,900.4479209705852,430.81373150277295,430.81373150277295,430.81373150277295,-4.846182000000344,-4.846182000000344,-4.846182000000344,435.65991350277324,435.65991350277324,435.65991350277324,0.0,0.0,0.0,1331.261652473358
2020-05-22,900.4374097391842,1055.50579134044,1564.2564885870636,900.4374097391842,900.4374097391842,408.7125508418238,408.7125508418238,408.7125508418238,-26.348946947679167,-26.348946947679167,-26.348946947679167,435.061497789503,435.061497789503,435.061497789503,0.0,0.0,0.0,1309.1499605810081
2020-05-23,900.4268985077833,1088.737487007455,1602.121625446771,900.4268985077833,900.4268985077833,439.4536507205349,439.4536507205349,439.4536507205349,5.5169604280887325,5.5169604280887325,5.5169604280887325,433.9366902924462,433.9366902924462,433.9366902924462,0.0,0.0,0.0,1339.8805492283182
2020-05-24,900.4163872763822,1098.1491516131903,1588.7979180340938,900.4163872763822,900.4163872763822,442.0634067659756,442.0634067659756,442.0634067659756,9.757778783416954,9.757778783416954,9.757778783416954,432.30562798255863,432.30562798255863,432.30562798255863,0.0,0.0,0.0,1342.4797940423578
2020-05-25,900.4058760449813,1097.4311920906716,1595.3245230934847,900.4058760449813,900.4058760449813,445.5186771565597,445.5186771565597,445.5186771565597,15.32561849893964,15.32561849893964,15.32561849893964,430.19305865762004,430.19305865762004,430.19305865762004,0.0,0.0,0.0,1345.924553201541
2020-05-26,900.3953648135803,1059.410891510693,1564.321953400594,900.3953648135803,900.3953648135803,410.0353642522838,410.0353642522838,410.0353642522838,-17.592997133778635,-17.592997133778635,-17.592997133778635,427.62836138606235,427.62836138606235,427.62836138606235,0.0,0.0,0.0,1310.430729065864
2020-05-27,900.3848535821793,1103.7632103241626,1577.1081776116362,900.3848535821793,900.3848535821793,442.8332627240474,442.8332627240474,442.8332627240474,18.18776837097154,18.18776837097154,18.18776837097154,424.64549435307583,424.64549435307583,424.64549435307583,0.0,0.0,0.0,1343.2181163062266
2020-06-01,900.3322974251744,1071.54452332476,1553.4975231880105,900.3322974251744,900.3322974251744,420.2699653712115,420.2699653712115,420.2699653712115,15.325618498923276,15.325618498923276,15.325618498923276,404.9443468722883,404.9443468722883,404.9443468722883,0.0,0.0,0.0,1320.602262796386
2020-06-02,900.3217861937733,1048.0336549328958,1541.231576249334,900.3217861937733,900.3217861937733,382.80221076217356,382.80221076217356,382.80221076217356,-17.592997133761948,-17.592997133761948,-17.592997133761948,400.3952078959355,400.3952078959355,400.3952078959355,0.0,0.0,0.0,1283.123996955947
2020-06-03,900.3112749623723,1067.0912796269463,1546.9293388127096,900.3112749623723,900.3112749623723,413.9602867061137,413.9602867061137,413.9602867061137,18.187768371032732,18.187768371032732,18.187768371032732,395.772518335081,395.772518335081,395.772518335081,0.0,0.0,0.0,1314.271561668486
2020-06-04,900.3007637309713,1040.1527792900615,1543.2646358348375,900.3007637309713,900.3007637309713,386.2891677442666,386.2891677442666,386.2891677442666,-4.846181999885086,-4.846181999885086,-4.846181999885086,391.13534974415165,391.13534974415165,391.13534974415165,0.0,0.0,0.0,1286.5899314752378
2020-06-05,900.2902524995703,1020.0741583172072,1484.9656401416635,900.2902524995703,900.2902524995703,360.1944073505773,360.1944073505773,360.1944073505773,-26.34894694762379,-26.34894694762379,-26.34894694762379,386.5433542982011,386.5433542982011,386.5433542982011,0.0,0.0,0.0,1260.4846598501476
2020-06-06,900.2797412681693,1031.0070079660122,1523.2737922781605,900.2797412681693,900.2797412681693,387.57297186867356,387.57297186867356,387.57297186867356,5.516960428102417,5.516960428102417,5.516960428102417,382.0560114405711,382.0560114405711,382.0560114405711,0.0,0.0,0.0,1287.8527131368428
2020-06-07,900.2692300367684,1042.3615876428903,1556.5734846500134,900.2692300367684,900.2692300367684,387.4896283978771,387.4896283978771,387.4896283978771,9.757778783398797,9.757778783398797,9.757778783398797,377.73184961447834,377.73184961447834,377.73184961447834,0.0,0.0,0.0,1287.7588584346454
2020-06-08,900.2587188053674,1051.3049990746476,1549.2762633295956,900.2587188053674,900.2587188053674,388.95327552412596,388.95327552412596,388.95327552412596,15.325618498903545,15.325618498903545,15.325618498903545,373.62765702522245,373.62765702522245,373.62765702522245,0.0,0.0,0.0,1289.2119943294933
2020-06-09,900.2482075739664,1010.4959458183621,1510.7369409656822,900.2482075739664,900.2482075739664,352.20469872131474,352.20469872131474,352.20469872131474,-17.592997133789186,-17.592997133789186,-17.592997133789186,369.79769585510394,369.79769585510394,369.79769585510394,0.0,0.0,0.0,1252.452906295281
2020-06-10,900.2376963425654,1044.212310860023,1535.7143586405289,900.2376963425654,900.2376963425654,384.480702828639,384.480702828639,384.480702828639,18.18776837109392,18.18776837109392,18.18776837109392,366.292934457545,366.292934457545,366.292934457545,0.0,0.0,0.0,1284.7183991712045
2020-06-11,900.2271851111643,1015.6142388281986,1517.4708176301733,900.2271851111643,900.2271851111643,358.31412979235887,358.31412979235887,358.31412979235887,-4.846181999975145,-4.846181999975145,-4.846181999975145,363.1603117923341,363.1603117923341,363.1603117923341,0.0,0.0,0.0,1258.5413149035232
2020-06-12,900.2166738797633,989.659559882727,1469.6038870625798,900.2166738797633,900.2166738797633,334.09310079335097,334.09310079335097,334.09310079335097,-26.348946947735836,-26.348946947735836,-26.348946947735836,360.4420477410868,360.4420477410868,360.4420477410868,0.0,0.0,0.0,1234.3097746731144
2020-06-13,900.2061626483624,1011.853824529125,1511.284944822677,900.2061626483624,900.2061626483624,363.6919724144344,363.6919724144344,363.6919724144344,5.516960428145628,5.516960428145628,5.516960428145628,358.1750119862888,358.1750119862888,358.1750119862888,0.0,0.0,0.0,1263.8981350627969
2020-06-14,900.1956514169614,1014.8045713061807,1527.4710985579388,900.1956514169614,900.1956514169614,366.147941663725,366.147941663725,366.147941663725,9.75777878338794,9.75777878338794,9.75777878338794,356.3901628803371,356.3901628803371,356.3901628803371,0.0,0.0,0.0,1266.3435930806863
2020-06-15,900.1851401855605,1009.7518118877653,1505.5999510417994,900.1851401855605,900.1851401855605,370.437684715997,370.437684715997,370.437684715997,15.325618498885499,15.325618498885499,15.325618498885499,355.1120662171115,355.1120662171115,355.1120662171115,0.0,0.0,0.0,1270.6228249015576
2020-06-16,900.1746289541594,993.1188252411043,1483.295679516487,900.1746289541594,900.1746289541594,336.76550496225065,336.76550496225065,336.76550496225065,-17.592997133810762,-17.592997133810762,-17.592997133810762,354.3585020960614,354.3585020960614,354.3585020960614,0.0,0.0,0.0,1236.94013391641
2020-06-17,900.1641177227584,1012.8177007552348,1508.811714029034,900.1641177227584,900.1641177227584,372.3279345639738,372.3279345639738,372.3279345639738,18.187768371084474,18.187768371084474,18.187768371084474,354.14016619288935,354.14016619288935,354.14016619288935,0.0,0.0,0.0,1272.4920522867324
2020-06-18,900.1536064913574,968.4207224471423,1500.0920964902753,900.1536064913574,900.1536064913574,349.6142877806918,349.6142877806918,349.6142877806918,-4.846181999976187,-4.846181999976187,-4.846181999976187,354.460469780668,354.460469780668,354.460469780668,0.0,0.0,0.0,1249.7678942720493
2020-06-19,900.1430952599565,977.4439752761411,1478.5905893334707,900.1430952599565,900.1430952599565,328.96649389094534,328.96649389094534,328.96649389094534,-26.348946947668356,-26.348946947668356,-26.348946947668356,355.31544083861365,355.31544083861365,355.31544083861365,0.0,0.0,0.0,1229.1095891509017
2020-06-20,900.1325840285554,1003.9585641051704,1514.1765516389905,900.1325840285554,900.1325840285554,362.2106870314,362.2106870314,362.2106870314,5.516960428042052,5.516960428042052,5.516960428042052,356.69372660335796,356.69372660335796,356.69372660335796,0.0,0.0,0.0,1262.3432710599554
2020-06-21,900.1220727971545,1038.4104236396167,1525.6546579577923,900.1220727971545,900.1220727971545,368.33447479695286,368.33447479695286,368.33447479695286,9.75777878337886,9.75777878337886,9.75777878337886,358.576696013574,358.576696013574,358.576696013574,0.0,0.0,0.0,1268.4565475941074
2020-06-22,900.1115616701361,1027.5262889897167,1517.353542046718,900.1115616701361,900.1115616701361,376.2642572239402,376.2642572239402,376.2642572239402,15.32561849886577,15.32561849886577,15.32561849886577,360.93863872507444,360.93863872507444,360.93863872507444,0.0,0.0,0.0,1276.3758188940762
2020-06-23,900.1010505431177,992.5346876432054,1487.4345533110888,900.1010505431177,900.1010505431177,346.1540586411193,346.1540586411193,346.1540586411193,-17.592997133755816,-17.592997133755816,-17.592997133755816,363.74705577487515,363.74705577487515,363.74705577487515,0.0,0.0,0.0,1246.255109184237
2020-06-24,900.0905394160992,1031.63630637941,1527.918860179904,900.0905394160992,900.0905394160992,385.1508039554521,385.1508039554521,385.1508039554521,18.18776837107503,18.18776837107503,18.18776837107503,366.96303558437705,366.96303558437705,366.96303558437705,0.0,0.0,0.0,1285.2413433715512
2020-06-25,900.0800282890808,1008.301958822628,1518.2396492380965,900.0800282890808,900.0800282890808,365.6955258438733,365.6955258438733,365.6955258438733,-4.846181999859886,-4.846181999859886,-4.846181999859886,370.5417078437332,370.5417078437332,370.5417078437332,0.0,0.0,0.0,1265.775554132954
2020-06-26,900.0695171620623,1018.8852856114858,1490.1291656473347,900.0695171620623,900.0695171620623,348.0838199790081,348.0838199790081,348.0838199790081,-26.34894694769063,-26.34894694769063,-26.34894694769063,374.4327669266988,374.4327669266988,374.4327669266988,0.0,0.0,0.0,1248.1533371410706
2020-06-27,900.0590060350439,1045.3007143768607,1542.5838075226222,900.0590060350439,900.0590060350439,384.09801628579106,384.09801628579106,384.09801628579106,5.516960428012525,5.516960428012525,5.516960428012525,378.58105585777855,378.58105585777855,378.58105585777855,0.0,0.0,0.0,1284.157022320835
2020-07-01,900.0169615269701,1056.9183741219213,1563.257197133568,900.0169615269701,900.0169615269701,414.69800595630676,414.69800595630676,414.69800595630676,18.187768370958416,18.187768370958416,18.187768370958416,396.5102375853483,396.5102375853483,396.5102375853483,0.0,0.0,0.0,1314.714967483277
2020-07-02,900.0064503999517,1057.4964028879876,1561.4644169009548,900.0064503999517,900.0064503999517,396.1478828803598,396.1478828803598,396.1478828803598,-4.84618199986093,-4.84618199986093,-4.84618199986093,400.9940648802207,400.9940648802207,400.9940648802207,0.0,0.0,0.0,1296.1543332803117
2020-07-03,899.9959392729334,1035.013364575542,1538.3987377191463,899.9959392729334,899.9959392729334,378.9913333967711,378.9913333967711,378.9913333967711,-26.348946947623148,-26.348946947623148,-26.348946947623148,405.3402803443942,405.3402803443942,405.3402803443942,0.0,0.0,0.0,1278.9872726697045
2020-07-04,899.9854281459149,1041.9202852115504,1563.3446432563267,899.9854281459149,899.9854281459149,414.9962178919268,414.9962178919268,414.9962178919268,5.516960428128472,5.516960428128472,5.516960428128472,409.4792574637983,409.4792574637983,409.4792574637983,0.0,0.0,0.0,1314.9816460378415
2020-07-05,899.9749170188965,1065.3170400808249,1567.186828110389,899.9749170188965,899.9749170188965,423.10005360286993,423.10005360286993,423.10005360286993,9.757778783360704,9.757778783360704,9.757778783360704,413.34227481950916,413.34227481950916,413.34227481950916,0.0,0.0,0.0,1323.0749706217664
2020-07-06,899.964405891878,1059.6892294924266,1573.3625747633394,899.964405891878,899.964405891878,432.18786839673646,432.18786839673646,432.18786839673646,15.325618498931176,15.325618498931176,15.325618498931176,416.86224989780527,416.86224989780527,416.86224989780527,0.0,0.0,0.0,1332.1522742886145
2020-07-07,899.9538947648596,1063.9463336110277,1551.8856255991843,899.9538947648596,899.9538947648596,402.38145757606185,402.38145757606185,402.38145757606185,-17.592997133760708,-17.592997133760708,-17.592997133760708,419.9744547098225,419.9744547098225,419.9744547098225,0.0,0.0,0.0,1302.3353523409214
2020-07-08,899.9433836378411,1085.224624501087,1592.7692893792434,899.9433836378411,899.9433836378411,440.8049769129085,440.8049769129085,440.8049769129085,18.187768371019605,18.187768371019605,18.187768371019605,422.61720854188894,422.61720854188894,422.61720854188894,0.0,0.0,0.0,1340.7483605507496
2020-07-09,899.9328725108227,1050.3859053357862,1572.3763835455002,899.9328725108227,899.9328725108227,419.88636160371533,419.88636160371533,419.88636160371533,-4.846181999950987,-4.846181999950987,-4.846181999950987,424.73254360366633,424.73254360366633,424.73254360366633,0.0,0.0,0.0,1319.819234114538
2020-07-10,899.9223613838043,1040.3361515861598,1556.2914325972783,899.9223613838043,899.9223613838043,399.917892700591,399.917892700591,399.917892700591,-26.348946947645427,-26.348946947645427,-26.348946947645427,426.26683964823644,426.26683964823644,426.26683964823644,0.0,0.0,0.0,1299.8402540843954
2020-07-11,899.9118502567858,1084.1160617915789,1587.1785679690238,899.9118502567858,899.9118502567858,432.6883842238185,432.6883842238185,432.6883842238185,5.516960428098946,5.516960428098946,5.516960428098946,427.17142379571953,427.17142379571953,427.17142379571953,0.0,0.0,0.0,1332.6002344806043
2020-07-12,899.9013391297674,1084.1734986012614,1586.119849473901,899.9013391297674,899.9013391297674,437.16091057778226,437.16091057778226,437.16091057778226,9.757778783392924,9.757778783392924,9.757778783392924,427.4031317943893,427.4031317943893,427.4031317943893,0.0,0.0,0.0,1337.0622497075497
2020-07-13,899.8908280027489,1101.3192079247701,1595.1817984357567,899.8908280027489,899.8908280027489,442.2504453081269,442.2504453081269,442.2504453081269,15.32561849891313,15.32561849891313,15.32561849891313,426.92482680921387,426.92482680921387,426.92482680921387,0.0,0.0,0.0,1342.141273310876
2020-07-14,899.8803168757306,1052.4230770826339,1570.9812497864618,899.8803168757306,899.8803168757306,408.11287441872514,408.11287441872514,408.11287441872514,-17.592997133782283,-17.592997133782283,-17.592997133782283,425.70587155250746,425.70587155250746,425.70587155250746,0.0,0.0,0.0,1307.9931912944558
2020-07-15,899.8698057487121,1097.1399790908972,1605.8186804311326,899.8698057487121,899.8698057487121,441.9103175633176,441.9103175633176,441.9103175633176,18.187768371010158,18.187768371010158,18.187768371010158,423.72254919230744,423.72254919230744,423.72254919230744,0.0,0.0,0.0,1341.7801233120297
2020-07-16,899.8592946216936,1100.0827381423767,1559.2982290927555,899.8592946216936,899.8592946216936,416.11224602563544,416.11224602563544,416.11224602563544,-4.846181999863015,-4.846181999863015,-4.846181999863015,420.95842802549845,420.95842802549845,420.95842802549845,0.0,0.0,0.0,1315.971540647329
2020-07-17,899.8487834946752,1041.5970903989498,1534.8758787002182,899.8487834946752,899.8487834946752,391.0557174782057,391.0557174782057,391.0557174782057,-26.34894694765754,-26.34894694765754,-26.34894694765754,417.4046644258632,417.4046644258632,417.4046644258632,0.0,0.0,0.0,1290.904500972881
2020-07-18,899.8382723676567,1045.682967397851,1554.450879210037,899.8382723676567,899.8382723676567,418.57719854925,418.57719854925,418.57719854925,5.516960428068106,5.516960428068106,5.516960428068106,413.06023812118184,413.06023812118184,413.06023812118184,0.0,0.0,0.0,1318.4154709169068
2020-07-19,899.8277612406383,1051.7370389502667,1582.4137080091718,899.8277612406383,899.8277612406383,417.689892251361,417.689892251361,417.689892251361,9.757778783425149,9.757778783425149,9.757778783425149,407.93211346793584,407.93211346793584,407.93211346793584,0.0,0.0,0.0,1317.5176534919992
2020-07-20,899.8172501136199,1063.9591008214945,1565.9631601279555,899.8172501136199,899.8172501136199,417.36093862984507,417.36093862984507,417.36093862984507,15.3256184988934,15.3256184988934,15.3256184988934,402.0353201309517,402.0353201309517,402.0353201309517,0.0,0.0,0.0,1317.178188743465
2020-07-21,899.8067389866014,1035.8559520835674,1527.1098972043733,899.8067389866014,899.8067389866014,377.7999493561015,377.7999493561015,377.7999493561015,-17.592997133765603,-17.592997133765603,-17.592997133765603,395.39294648986714,395.39294648986714,395.39294648986714,0.0,0.0,0.0,1277.606688342703
2020-07-22,899.796227859583,1062.175298451095,1554.3221228054888,899.796227859583,899.796227859583,406.22380760471,406.22380760471,406.22380760471,18.18776837103482,18.18776837103482,18.18776837103482,388.0360392336752,388.0360392336752,388.0360392336752,0.0,0.0,0.0,1306.020035464293
2020-07-23,899.7857167325645,1037.5942382685905,1509.7969344865837,899.7857167325645,899.7857167325645,375.15722101101,375.15722101101,375.15722101101,-4.846181999953074,-4.846181999953074,-4.846181999953074,380.0034030109631,380.0034030109631,380.0034030109631,0.0,0.0,0.0,1274.9429377435745
2020-07-24,899.7752056055461,986.7572675182644,1497.4536009096796,899.7752056055461,899.7752056055461,344.99234776676053,344.99234776676053,344.99234776676053,-26.348946947679824,-26.348946947679824,-26.348946947679824,371.3412947144403,371.3412947144403,371.3412947144403,0.0,0.0,0.0,1244.7675533723068
2020-07-25,899.7646944785278,999.4112610165416,1523.0180380744969,899.7646944785278,899.7646944785278,367.6199684439057,367.6199684439057,367.6199684439057,5.51696042803858,5.51696042803858,5.51696042803858,362.1030080158671,362.1030080158671,362.1030080158671,0.0,0.0,0.0,1267.3846629224336
2020-07-26,899.7541833515094,1012.4414899283239,1505.2258960503261,899.7541833515094,899.7541833515094,362.1061239320649,362.1061239320649,362.1061239320649,9.757778783416066,9.757778783416066,9.757778783416066,352.3483451486489,352.3483451486489,352.3483451486489,0.0,0.0,0.0,1261.8603072835742
2020-07-27,899.7436722244909,998.9602590931621,1487.6402996207814,899.7436722244909,899.7436722244909,357.4685931576173,357.4685931576173,357.4685931576173,15.32561849887704,15.32561849887704,15.32561849887704,342.14297465874023,342.14297465874023,342.14297465874023,0.0,0.0,0.0,1257.2122653821082
2020-08-01,899.6911165893987,948.6783969062484,1455.313192541024,899.6911165893987,899.6911165893987,292.47729589703107,292.47729589703107,292.47729589703107,5.51696042808179,5.51696042808179,5.51696042808179,286.9603354689493,286.9603354689493,286.9603354689493,0.0,0.0,0.0,1192.1684124864298
2020-08-02,899.6806054623802,946.7861721801879,1442.6120470486198,899.6806054623802,899.6806054623802,285.4075641572774,285.4075641572774,285.4075641572774,9.757778783446508,9.757778783446508,9.757778783446508,275.64978537383087,275.64978537383087,275.64978537383087,0.0,0.0,0.0,1185.0881696196575
2020-08-03,899.6700943353618,949.4589651897884,1423.3173026196325,899.6700943353618,899.6700943353618,279.76170590598593,279.76170590598593,279.76170590598593,15.325618498857306,15.325618498857306,15.325618498857306,264.43608740712864,264.43608740712864,264.43608740712864,0.0,0.0,0.0,1179.4318002413477
2020-08-04,899.6595832083433,879.5441999459206,1385.8723413058863,899.6595832083433,899.6595832083433,235.80347867796405,235.80347867796405,235.80347867796405,-17.59299713373789,-17.59299713373789,-17.59299713373789,253.39647581170195,253.39647581170195,253.39647581170195,0.0,0.0,0.0,1135.4630618863073
2020-08-05,899.649072081325,928.0416407319661,1415.8730677355434,899.649072081325,899.649072081325,260.7919002395758,260.7919002395758,260.7919002395758,18.18776837101592,18.18776837101592,18.18776837101592,242.60413186855982,242.60413186855982,242.60413186855982,0.0,0.0,0.0,1160.4409723209008
2020-08-06,899.6385609543065,865.5439024308549,1382.3931135593045,899.6385609543065,899.6385609543065,227.2807031114315,227.2807031114315,227.2807031114315,-4.846182000044176,-4.846182000044176,-4.846182000044176,232.12688511147567,232.12688511147567,232.12688511147567,0.0,0.0,0.0,1126.919264065738
2020-08-07,899.628049827288,859.4384533125804,1340.4864685507125,899.628049827288,899.628049827288,195.6770098900723,195.6770098900723,195.6770098900723,-26.348946947724386,-26.348946947724386,-26.348946947724386,222.02595683779668,222.02595683779668,222.02595683779668,0.0,0.0,0.0,1095.3050597173603
2020-08-08,899.6175387002696,866.5023868570499,1351.5763679128572,899.6175387002696,899.6175387002696,217.87173433165688,217.87173433165688,217.87173433165688,5.5169604281249995,5.5169604281249995,5.5169604281249995,212.35477390353188,212.35477390353188,212.35477390353188,0.0,0.0,0.0,1117.4892730319266
2020-08-09,899.6070275732511,866.8136752668777,1367.793849156148,899.6070275732511,899.6070275732511,212.91566017422386,212.91566017422386,212.91566017422386,9.757778783396134,9.757778783396134,9.757778783396134,203.15788139082773,203.15788139082773,203.15788139082773,0.0,0.0,0.0,1112.522687747475
2020-08-10,899.5965164462327,850.7028563786441,1362.3273449311894,899.5965164462327,899.5965164462327,209.79560114015763,209.79560114015763,209.79560114015763,15.32561849883758,15.32561849883758,15.32561849883758,194.46998264132006,194.46998264132006,194.46998264132006,0.0,0.0,0.0,1109.3921175863904
2020-08-11,899.5860053192143,850.1532418909102,1309.6333475599417,899.5860053192143,899.5860053192143,168.7221371701414,168.7221371701414,168.7221371701414,-17.592997133759464,-17.592997133759464,-17.592997133759464,186.31513430390086,186.31513430390086,186.31513430390086,0.0,0.0,0.0,1068.3081424893558
2020-08-12,899.575494192196,841.5419220991769,1331.4697189669516,899.575494192196,899.575494192196,196.89389078582403,196.89389078582403,196.89389078582403,18.187768371006477,18.187768371006477,18.187768371006477,178.70612241481754,178.70612241481754,178.70612241481754,0.0,0.0,0.0,1096.46938497802
2020-08-13,899.5649830651774,833.1801832831205,1298.30150955385,899.5649830651774,899.5649830651774,166.79786109838795,166.79786109838795,166.79786109838795,-4.84618200001689,-4.84618200001689,-4.84618200001689,171.64404309840486,171.64404309840486,171.64404309840486,0.0,0.0,0.0,1066.3628441635653
2020-08-14,899.5544719381589,819.4263904026332,1299.7640622646893,899.5544719381589,899.5544719381589,138.76916130702455,138.76916130702455,138.76916130702455,-26.348946947646727,-26.348946947646727,-26.348946947646727,165.11810825467128,165.11810825467128,165.11810825467128,0.0,0.0,0.0,1038.3236332451834
2020-08-15,899.5439608111406,820.3705757505036,1315.9604037025088,899.5439608111406,899.5439608111406,164.62265305148657,164.62265305148657,164.62265305148657,5.516960428168209,5.516960428168209,5.516960428168209,159.10569262331836,159.10569262331836,159.10569262331836,0.0,0.0,0.0,1064.1666138626272
2020-08-16,899.5334496841222,818.8202418684724,1345.2760758476672,899.5334496841222,899.5334496841222,163.3304127184183,163.3304127184183,163.3304127184183,9.757778783428355,9.757778783428355,9.757778783428355,153.57263393498994,153.57263393498994,153.57263393498994,0.0,0.0,0.0,1062.8638624025405
2020-08-17,899.5229385571038,817.3445380308473,1304.172678048605,899.5229385571038,899.5229385571038,163.79941106503193,163.79941106503193,163.79941106503193,15.32561849881953,15.32561849881953,15.32561849881953,148.4737925662124,148.4737925662124,148.4737925662124,0.0,0.0,0.0,1063.3223496221358
2020-08-18,899.5124274300853,762.0721701718227,1261.3608595958704,899.5124274300853,899.5124274300853,126.1608741739238,126.1608741739238,126.1608741739238,-17.5929971337867,-17.5929971337867,-17.5929971337867,143.75387130771048,143.75387130771048,143.75387130771048,0.0,0.0,0.0,1025.673301604009
2020-08-19,899.5019163030668,807.0537951318919,1313.7141652150653,899.5019163030668,899.5019163030668,157.53625803406095,157.53625803406095,157.53625803406095,18.18776837099703,18.18776837099703,18.18776837099703,139.34848966306393,139.34848966306393,139.34848966306393,0.0,0.0,0.0,1057.0381743371277
2020-08-20,899.4914051636678,801.9318286487878,1288.2874697389614,899.4914051636678,899.4914051636678,130.33931866286886,130.33931866286886,130.33931866286886,-4.846181999928916,-4.846181999928916,-4.846181999928916,135.18550066279778,135.18550066279778,135.18550066279778,0.0,0.0,0.0,1029.8307238265365
2020-08-21,899.4808940242688,742.2343759533321,1254.1029992872448,899.4808940242688,899.4808940242688,104.83758471792288,104.83758471792288,104.83758471792288,-26.348946947758776,-26.348946947758776,-26.348946947758776,131.18653166568166,131.18653166568166,131.18653166568166,0.0,0.0,0.0,1004.3184787421917
2020-08-22,899.4703828848695,772.3029520316537,1273.1713584653676,899.4703828848695,899.4703828848695,132.7856846276326,132.7856846276326,132.7856846276326,5.516960428138685,5.516960428138685,5.516960428138685,127.26872419949392,127.26872419949392,127.26872419949392,0.0,0.0,0.0,1032.256067512502
2020-08-23,899.4598717454705,802.6239975511114,1279.9490012879378,899.4598717454705,899.4598717454705,133.10442052601005,133.10442052601005,133.10442052601005,9.757778783419276,9.757778783419276,9.757778783419276,123.34664174259078,123.34664174259078,123.34664174259078,0.0,0.0,0.0,1032.5642922714806
2020-08-24,899.4493606060714,778.5601469971115,1282.53527609393,899.4493606060714,899.4493606060714,134.65992714857302,134.65992714857302,134.65992714857302,15.325618498901298,15.325618498901298,15.325618498901298,119.33430864967173,119.33430864967173,119.33430864967173,0.0,0.0,0.0,1034.1092877546444
2020-08-25,899.4388494666723,744.1944102793033,1250.6482618816442,899.4388494666723,899.4388494666723,97.55434122103034,97.55434122103034,97.55434122103034,-17.59299713380828,-17.59299713380828,-17.59299713380828,115.14733835483861,115.14733835483861,115.14733835483861,0.0,0.0,0.0,996.9931906877026
2020-08-26,899.4283383272732,793.6313144463351,1273.0335371455574,899.4283383272732,899.4283383272732,128.8928730840349,128.8928730840349,128.8928730840349,18.187768370987584,18.187768370987584,18.187768370987584,110.70510471304732,110.70510471304732,110.70510471304732,0.0,0.0,0.0,1028.321211411308
2020-08-27,899.4178271878742,739.0186492007374,1232.952117382753,899.4178271878742,899.4178271878742,101.0867250231457,101.0867250231457,101.0867250231457,-4.846182000018976,-4.846182000018976,-4.846182000018976,105.93290702316469,105.93290702316469,105.93290702316469,0.0,0.0,0.0,1000.5045522110199
2020-09-01,899.3652714908787,708.2739696021899,1206.6310104576417,899.3652714908787,899.3652714908787,57.58402951172793,57.58402951172793,57.58402951172793,-17.592997133753325,-17.592997133753325,-17.592997133753325,75.17702664548125,75.17702664548125,75.17702664548125,0.0,0.0,0.0,956.9493010026067
2020-09-02,899.3547603514796,728.126206376598,1221.4252573915219,899.3547603514796,899.3547603514796,85.62312243660925,85.62312243660925,85.62312243660925,18.187768371048772,18.187768371048772,18.187768371048772,67.43535406556046,67.43535406556046,67.43535406556046,0.0,0.0,0.0,984.9778827880889
2020-09-03,899.3442492120806,710.0068318726547,1200.1891802754938,899.3442492120806,899.3442492120806,54.31715861988257,54.31715861988257,54.31715861988257,-4.84618200002002,-4.84618200002002,-4.84618200002002,59.163340619902584,59.163340619902584,59.163340619902584,0.0,0.0,0.0,953.6614078319632
2020-09-04,899.3337380726814,670.3366510374748,1156.689878862544,899.3337380726814,899.3337380726814,24.045003234279555,24.045003234279555,24.045003234279555,-26.34894694762381,-26.34894694762381,-26.34894694762381,50.393950181903364,50.393950181903364,50.393950181903364,0.0,0.0,0.0,923.3787413069609
2020-09-05,899.3232269332824,694.8900421130935,1203.1964555724794,899.3232269332824,899.3232269332824,46.69397645491418,46.69397645491418,46.69397645491418,5.516960428005582,5.516960428005582,5.516960428005582,41.1770160269086,41.1770160269086,41.1770160269086,0.0,0.0,0.0,946.0172033881965
2020-09-06,899.3127157938833,708.2228942843341,1188.6064204400152,899.3127157938833,899.3127157938833,41.33654402748922,41.33654402748922,41.33654402748922,9.757778783401115,9.757778783401115,9.757778783401115,31.578765244088103,31.578765244088103,31.578765244088103,0.0,0.0,0.0,940.6492598213725
2020-09-07,899.3022046544843,697.2375618906872,1183.8657333312296,899.3022046544843,899.3022046544843,37.00654472845943,37.00654472845943,37.00654472845943,15.325618498866891,15.325618498866891,15.325618498866891,21.680926229592536,21.680926229592536,21.680926229592536,0.0,0.0,0.0,936.3087493829437
2020-09-08,899.2916935150851,664.0067409515713,1144.6783179352851,899.2916935150851,899.2916935150851,-6.0135726938127165,-6.0135726938127165,-6.0135726938127165,-17.59299713377491,-17.59299713377491,-17.59299713377491,11.579424439962194,11.579424439962194,11.579424439962194,0.0,0.0,0.0,893.2781208212723
2020-09-09,899.2811823756861,671.3101676416732,1197.4842490807234,899.2811823756861,899.2811823756861,19.57045026495282,19.57045026495282,19.57045026495282,18.187768371002797,18.187768371002797,18.187768371002797,1.3826818939500263,1.3826818939500263,1.3826818939500263,0.0,0.0,0.0,918.8516326406389
2020-09-10,899.2706712362871,643.4968604484034,1137.4154641770936,899.2706712362871,899.2706712362871,-13.63663577337527,-13.63663577337527,-13.63663577337527,-4.846181999903718,-4.846181999903718,-4.846181999903718,-8.790453773471551,-8.790453773471551,-8.790453773471551,0.0,0.0,0.0,885.6340354629118
2020-09-11,899.2601600968878,621.2771050913419,1101.845948484594,899.2601600968878,899.2601600968878,-45.16206178895995,-45.16206178895995,-45.16206178895995,-26.34894694773585,-26.34894694773585,-26.34894694773585,-18.813114841224092,-18.813114841224092,-18.813114841224092,0.0,0.0,0.0,854.0980983079279
2020-09-12,899.2496489574888,612.3944970050709,1107.0267331322532,899.2496489574888,899.2496489574888,-23.036147793350402,-23.036147793350402,-23.036147793350402,5.516960428121527,5.516960428121527,5.516960428121527,-28.553108221471927,-28.553108221471927,-28.553108221471927,0.0,0.0,0.0,876.2135011641384
2020-09-13,899.2391378180897,620.1650286449618,1142.5843937932395,899.2391378180897,899.2391378180897,-28.11806645018595,-28.11806645018595,-28.11806645018595,9.757778783433338,9.757778783433338,9.757778783433338,-37.87584523361929,-37.87584523361929,-37.87584523361929,0.0,0.0,0.0,871.1210713679038
2020-09-14,899.2286266786906,618.2411228334172,1119.7280772252957,899.2286266786906,899.2286266786906,-31.32182610500876,-31.32182610500876,-31.32182610500876,15.325618498950346,15.325618498950346,15.325618498950346,-46.64744460395911,-46.64744460395911,-46.64744460395911,0.0,0.0,0.0,867.9068005736818
2020-09-15,899.2181155392915,571.6152508688615,1075.1971437867203,899.2181155392915,899.2181155392915,-72.33093758065645,-72.33093758065645,-72.33093758065645,-17.59299713379649,-17.59299713379649,-17.59299713379649,-54.73794044685996,-54.73794044685996,-54.73794044685996,0.0,0.0,0.0,826.887177958635
2020-09-16,899.2076043998925,611.7724816727894,1096.3419334127843,899.2076043998925,899.2076043998925,-43.83675368471622,-43.83675368471622,-43.83675368471622,18.187768371063985,18.187768371063985,18.187768371063985,-62.0245220557802,-62.0245220557802,-62.0245220557802,0.0,0.0,0.0,855.3708507151763
2020-09-17,899.1970932604934,586.7033919946323,1096.4820985405163,899.1970932604934,899.1970932604934,-73.24091106915893,-73.24091106915893,-73.24091106915893,-4.846181999904761,-4.846181999904761,-4.846181999904761,-68.39472906925415,-68.39472906925415,-68.39472906925415,0.0,0.0,0.0,825.9561821913344
2020-09-18,899.1865821210943,544.3209246189045,1044.1611719795746,899.1865821210943,899.1865821210943,-100.09847106311871,-100.09847106311871,-100.09847106311871,-26.34894694766837,-26.34894694766837,-26.34894694766837,-73.74952411545034,-73.74952411545034,-73.74952411545034,0.0,0.0,0.0,799.0881110579755
2020-09-19,899.1760709816953,589.6576174949605,1081.7793872387097,899.1760709816953,899.1760709816953,-72.4892050463021,-72.4892050463021,-72.4892050463021,5.516960428092002,5.516960428092002,5.516960428092002,-78.00616547439411,-78.00616547439411,-78.00616547439411,0.0,0.0,0.0,826.6868659353931
2020-09-20,899.1655598422961,581.4255816456123,1058.9339972097794,899.1655598422961,899.1655598422961,-71.34302589619594,-71.34302589619594,-71.34302589619594,9.757778783422483,9.757778783422483,9.757778783422483,-81.10080467961842,-81.10080467961842,-81.10080467961842,0.0,0.0,0.0,827.8225339461002
2020-09-21,899.155048702897,582.4983549170825,1082.067876050065,899.155048702897,899.155048702897,-67.66511980861216,-67.66511980861216,-67.66511980861216,15.325618498930613,15.325618498930613,15.325618498930613,-82.99073830754278,-82.99073830754278,-82.99073830754278,0.0,0.0,0.0,831.4899288942848
2020-09-22,899.1445375634979,555.7527657432763,1049.6317430458507,899.1445375634979,899.1445375634979,-101.24924655904984,-101.24924655904984,-101.24924655904984,-17.592997133741537,-17.592997133741537,-17.592997133741537,-83.6562494253083,-83.6562494253083,-83.6562494253083,0.0,0.0,0.0,797.895291004448
2020-09-23,899.1340264240989,574.4603412149008,1080.1832234099743,899.1340264240989,899.1340264240989,-64.91421380935269,-64.91421380935269,-64.91421380935269,18.187768370983903,18.187768370983903,18.187768370983903,-83.10198218033659,-83.10198218033659,-83.10198218033659,0.0,0.0,0.0,834.2198126147463
2020-09-24,899.1235152846998,549.1178787160866,1065.9420056267875,899.1235152846998,899.1235152846998,-86.20398466969236,-86.20398466969236,-86.20398466969236,-4.846181999905802,-4.846181999905802,-4.846181999905802,-81.35780266978655,-81.35780266978655,-81.35780266978655,0.0,0.0,0.0,812.9195306150075
2020-09-25,899.1130041453007,526.1213158086487,1033.1097132286989,899.1130041453007,899.1130041453007,-104.82805727029731,-104.82805727029731,-104.82805727029731,-26.348946947680478,-26.348946947680478,-26.348946947680478,-78.47911032261683,-78.47911032261683,-78.47911032261683,0.0,0.0,0.0,794.2849468750034
2020-09-26,899.1024930059016,574.6159219684241,1096.0575023255838,899.1024930059016,899.1024930059016,-69.02961589656901,-69.02961589656901,-69.02961589656901,5.516960428062476,5.516960428062476,5.516960428062476,-74.54657632463149,-74.54657632463149,-74.54657632463149,0.0,0.0,0.0,830.0728771093326
2020-09-27,899.0919818665026,584.114809406746,1083.9031671999278,899.0919818665026,899.0919818665026,-59.90752005083921,-59.90752005083921,-59.90752005083921,9.7577787834134,9.7577787834134,9.7577787834134,-69.66529883425261,-69.66529883425261,-69.66529883425261,0.0,0.0,0.0,839.1844618156633
2020-10-01,899.0499373089061,596.00452808672,1100.3573470077338,899.0499373089061,899.0499373089061,-48.36060880225385,-48.36060880225385,-48.36060880225385,-4.846181999906846,-4.846181999906846,-4.846181999906846,-43.514426802346996,-43.514426802346996,-43.514426802346996,0.0,0.0,0.0,850.6893285066523
2020-10-02,899.0394261695071,580.770336052372,1085.2716829658207,899.0394261695071,899.0394261695071,-62.53961348394033,-62.53961348394033,-62.53961348394033,-26.348946947612998,-26.348946947612998,-26.348946947612998,-36.19066653632733,-36.19066653632733,-36.19066653632733,0.0,0.0,0.0,836.4998126855668
2020-10-03,899.028915030108,619.0330509728004,1101.1374020578387,899.028915030108,899.028915030108,-23.427805133138353,-23.427805133138353,-23.427805133138353,5.516960428178422,5.516960428178422,5.516960428178422,-28.94476556131678,-28.94476556131678,-28.94476556131678,0.0,0.0,0.0,875.6011098969697
2020-10-04,899.018403890709,641.5592525643757,1151.7736247577714,899.018403890709,899.018403890709,-12.22663745230968,-12.22663745230968,-12.22663745230968,9.757778783363024,9.757778783363024,9.757778783363024,-21.984416235672704,-21.984416235672704,-21.984416235672704,0.0,0.0,0.0,886.7917664383993
2020-10-05,899.0078927513098,659.1930116330327,1161.39758189611,899.0078927513098,899.0078927513098,-0.19166537743649448,-0.19166537743649448,-0.19166537743649448,15.325618498894523,15.325618498894523,15.325618498894523,-15.517283876331017,-15.517283876331017,-15.517283876331017,0.0,0.0,0.0,898.8162273738733
2020-10-06,898.9973816119108,628.0504290343663,1130.9368688774323,898.9973816119108,898.9973816119108,-27.339660910316972,-27.339660910316972,-27.339660910316972,-17.59299713379035,-17.59299713379035,-17.59299713379035,-9.746663776526617,-9.746663776526617,-9.746663776526617,0.0,0.0,0.0,871.6577207015938
2020-10-07,898.9868704725117,658.2287844298843,1146.4323168887936,898.9868704725117,898.9868704725117,13.320623647171226,13.320623647171226,13.320623647171226,18.187768371106284,18.187768371106284,18.187768371106284,-4.867144723935057,-4.867144723935057,-4.867144723935057,0.0,0.0,0.0,912.3074941196829
2020-10-08,898.9763593331126,636.7199888560519,1129.0555380294238,898.9763593331126,898.9763593331126,-5.906562470676267,-5.906562470676267,-5.906562470676267,-4.8461819999969045,-4.8461819999969045,-4.8461819999969045,-1.0603804706793623,-1.0603804706793623,-1.0603804706793623,0.0,0.0,0.0,893.0697968624363
2020-10-09,898.9658481937136,636.3119379520494,1111.614116256518,898.9658481937136,898.9658481937136,-24.84001706764238,-24.84001706764238,-24.84001706764238,-26.348946947635273,-26.348946947635273,-26.348946947635273,1.508929879992895,1.508929879992895,1.508929879992895,0.0,0.0,0.0,874.1258311260711
2020-10-10,898.9553370543144,645.6676530109861,1156.5737861402201,898.9553370543144,898.9553370543144,8.213715014850552,8.213715014850552,8.213715014850552,5.516960428148895,5.516960428148895,5.516960428148895,2.6967545867016565,2.6967545867016565,2.6967545867016565,0.0,0.0,0.0,907.169052069165
2020-10-11,898.9448259149153,657.1852497174948,1152.0462415159516,898.9448259149153,898.9448259149153,12.140821334967779,12.140821334967779,12.140821334967779,9.757778783393467,9.757778783393467,9.757778783393467,2.3830425515743103,2.3830425515743103,2.3830425515743103,0.0,0.0,0.0,911.0856472498831
2020-10-12,898.9343147755162,657.4016366221533,1152.8794336226608,898.9343147755162,898.9343147755162,15.800170973004166,15.800170973004166,15.800170973004166,15.325618498876475,15.325618498876475,15.325618498876475,0.4745524741276905,0.4745524741276905,0.4745524741276905,0.0,0.0,0.0,914.7344857485203
2020-10-13,898.9238036361172,616.9393405940311,1129.0777688858418,898.9238036361172,898.9238036361172,-20.68587388395333,-20.68587388395333,-20.68587388395333,-17.592997133811934,-17.592997133811934,-17.592997133811934,-3.092876750141392,-3.092876750141392,-3.092876750141392,0.0,0.0,0.0,878.2379297521638
2020-10-14,898.9132924967181,671.2888424056121,1167.77685525142,898.9132924967181,898.9132924967181,9.835091448262256,9.835091448262256,9.835091448262256,18.18776837098967,18.18776837098967,18.18776837098967,-8.352676922727413,-8.352676922727413,-8.352676922727413,0.0,0.0,0.0,908.7483839449803
2020-10-15,898.902781357319,625.7608759970027,1125.3290098560683,898.902781357319,898.902781357319,-20.152753413207257,-20.152753413207257,-20.152753413207257,-4.84618199990893,-4.84618199990893,-4.84618199990893,-15.306571413298327,-15.306571413298327,-15.306571413298327,0.0,0.0,0.0,878.7500279441117
2020-10-16,898.8922702179199,613.8062067776804,1107.3639735209565,898.8922702179199,898.8922702179199,-50.27324635022793,-50.27324635022793,-50.27324635022793,-26.34894694765756,-26.34894694765756,-26.34894694765756,-23.924299402570373,-23.924299402570373,-23.924299402570373,0.0,0.0,0.0,848.6190238676919
2020-10-17,898.8817590785208,615.2214932991009,1100.849376704397,898.8817590785208,898.8817590785208,-28.627100083321046,-28.627100083321046,-28.627100083321046,5.516960428045321,5.516960428045321,5.516960428045321,-34.14406051136637,-34.14406051136637,-34.14406051136637,0.0,0.0,0.0,870.2546589951997
2020-10-18,898.8712479269143,615.6741964379612,1118.322418694293,898.8712479269143,898.8712479269143,-36.11590097184428,-36.11590097184428,-36.11590097184428,9.75777878338439,9.75777878338439,9.75777878338439,-45.87367975522868,-45.87367975522868,-45.87367975522868,0.0,0.0,0.0,862.75534695507
2020-10-19,898.8607367753078,616.6237460849101,1106.3550842383354,898.8607367753078,898.8607367753078,-43.66685691044798,-43.66685691044798,-43.66685691044798,15.325618498856747,15.325618498856747,15.325618498856747,-58.992475409304724,-58.992475409304724,-58.992475409304724,0.0,0.0,0.0,855.1938798648598
2020-10-20,898.8502256237014,575.1689517675961,1045.9971141418594,898.8502256237014,898.8502256237014,-90.94679229390582,-90.94679229390582,-90.94679229390582,-17.59299713379525,-17.59299713379525,-17.59299713379525,-73.35379516011056,-73.35379516011056,-73.35379516011056,0.0,0.0,0.0,807.9034333297956
2020-10-21,898.839714472095,574.7914217628363,1082.9784900415184,898.839714472095,898.839714472095,-70.60040092526158,-70.60040092526158,-70.60040092526158,18.18776837105086,18.18776837105086,18.18776837105086,-88.78816929631245,-88.78816929631245,-88.78816929631245,0.0,0.0,0.0,828.2393135468334
2020-10-22,898.8292033204885,547.3128137888531,1030.2681247979924,898.8292033204885,898.8292033204885,-109.95319606751715,-109.95319606751715,-109.95319606751715,-4.846181999881646,-4.846181999881646,-4.846181999881646,-105.1070140676355,-105.1070140676355,-105.1070140676355,0.0,0.0,0.0,788.8760072529714
2020-10-23,898.8186921688821,494.36212168636996,1007.4794796988755,898.8186921688821,898.8186921688821,-148.45575107805314,-148.45575107805314,-148.45575107805314,-26.348946947679835,-26.348946947679835,-26.348946947679835,-122.1068041303733,-122.1068041303733,-122.1068041303733,0.0,0.0,0.0,750.3629410908289
2020-10-24,898.8081810172756,513.4194562989541,1015.6312912116841,898.8081810172756,898.8081810172756,-134.05666014428934,-134.05666014428934,-134.05666014428934,5.51696042808853,5.51696042808853,5.51696042808853,-139.57362057237788,-139.57362057237788,-139.57362057237788,0.0,0.0,0.0,764.7515208729862
2020-10-25,898.7976698656693,508.83872035800493,1002.9848968336245,898.7976698656693,898.7976698656693,-147.5301919218408,-147.5301919218408,-147.5301919218408,9.75777878341661,9.75777878341661,9.75777878341661,-157.2879707052574,-157.2879707052574,-157.2879707052574,0.0,0.0,0.0,751.2674779438285
2020-10-26,898.7871587140628,489.4443983560646,991.9031776746485,898.7871587140628,898.7871587140628,-159.70414941674292,-159.70414941674292,-159.70414941674292,15.325618498840383,15.325618498840383,15.325618498840383,-175.0297679155833,-175.0297679155833,-175.0297679155833,0.0,0.0,0.0,739.0830092973199
2020-10-27,898.7766475624563,452.54410043357274,930.1646192385338,898.7766475624563,898.7766475624563,-210.17635174386297,-210.17635174386297,-210.17635174386297,-17.592997133778564,-17.592997133778564,-17.592997133778564,-192.5833546100844,-192.5833546100844,-192.5833546100844,0.0,0.0,0.0,688.6002958185934
2020-11-01,898.724091804424,388.3811405028265,881.4660514067683,898.724091804424,898.724091804424,-261.13513407792254,-261.13513407792254,-261.13513407792254,9.757778783448835,9.757778783448835,9.757778783448835,-270.8929128613713,-270.8929128613713,-270.8929128613713,0.0,0.0,0.0,637.5889577265015
2020-11-02,898.7135806528175,381.5207326109616,875.5657266620145,898.7135806528175,898.7135806528175,-268.30004040378833,-268.30004040378833,-268.30004040378833,15.325618498922152,15.325618498922152,15.325618498922152,-283.62565890271054,-283.62565890271054,-283.62565890271054,0.0,0.0,0.0,630.4135402490292
2020-11-03,898.7030695012111,346.08774244142114,850.0334738139065,898.7030695012111,898.7030695012111,-312.7545680093646,-312.7545680093646,-312.7545680093646,-17.592997133761877,-17.592997133761877,-17.592997133761877,-295.1615708756027,-295.1615708756027,-295.1615708756027,0.0,0.0,0.0,585.9485014918464
2020-11-04,898.6925583496047,355.6739807469837,846.7189316655872,898.6925583496047,898.6925583496047,-287.28077617187637,-287.28077617187637,-287.28077617187637,18.187768371031968,18.187768371031968,18.187768371031968,-305.4685445429083,-305.4685445429083,-305.4685445429083,0.0,0.0,0.0,611.4117821777284
2020-11-05,898.6820471979983,330.4341803953835,827.9474989429724,898.6820471979983,898.6820471979983,-319.39398314246023,-319.39398314246023,-319.39398314246023,-4.84618199997275,-4.84618199997275,-4.84618199997275,-314.5478011424875,-314.5478011424875,-314.5478011424875,0.0,0.0,0.0,579.288064055538
2020-11-06,898.6715360463918,301.3546293950038,796.4172323833503,898.6715360463918,898.6715360463918,-348.7827054050753,-348.7827054050753,-348.7827054050753,-26.3489469477244,-26.3489469477244,-26.3489469477244,-322.4337584573509,-322.4337584573509,-322.4337584573509,0.0,0.0,0.0,549.8888306413164
2020-11-07,898.6610248947853,347.78996398876455,832.6295795863936,898.6610248947853,898.6610248947853,-323.67613064253896,-323.67613064253896,-323.67613064253896,5.516960428028164,5.516960428028164,5.516960428028164,-329.19309107056705,-329.19309107056705,-329.19309107056705,0.0,0.0,0.0,574.9848942522464
2020-11-08,898.6505137431789,325.3087940184867,806.4204925698899,898.6505137431789,898.6505137431789,-325.1652173179911,-325.1652173179911,-325.1652173179911,9.757778783398456,9.757778783398456,9.757778783398456,-334.9229961013896,-334.9229961013896,-334.9229961013896,0.0,0.0,0.0,573.4852964251877
2020-11-09,898.6400025915725,334.71093977421424,816.9660054152279,898.6400025915725,898.6400025915725,-324.423081687587,-324.423081687587,-324.423081687587,15.325618498904106,15.325618498904106,15.325618498904106,-339.7487001864911,-339.7487001864911,-339.7487001864911,0.0,0.0,0.0,574.2169209039855
2020-11-10,898.629491439966,302.7528130321198,798.2057915620525,898.629491439966,898.629491439966,-361.4132593629349,-361.4132593629349,-361.4132593629349,-17.592997133789112,-17.592997133789112,-17.592997133789112,-343.82026222914584,-343.82026222914584,-343.82026222914584,0.0,0.0,0.0,537.2162320770311
2020-11-11,898.6189802883596,310.346515848913,825.618686580169,898.6189802883596,898.6189802883596,-329.12097564702316,-329.12097564702316,-329.12097564702316,18.18776837102252,18.18776837102252,18.18776837102252,-347.3087440180456,-347.3087440180456,-347.3087440180456,0.0,0.0,0.0,569.4980046413364
2020-11-12,898.6084691367531,319.4417457790853,781.9145309611338,898.6084691367531,898.6084691367531,-355.2480187716534,-355.2480187716534,-355.2480187716534,-4.846182000062809,-4.846182000062809,-4.846182000062809,-350.40183677159064,-350.40183677159064,-350.40183677159064,0.0,0.0,0.0,543.3604503650997
2020-11-13,898.5979579851466,272.9861704314594,770.526041928455,898.5979579851466,898.5979579851466,-379.64799252837685,-379.64799252837685,-379.64799252837685,-26.348946947646745,-26.348946947646745,-26.348946947646745,-353.2990455807301,-353.2990455807301,-353.2990455807301,0.0,0.0,0.0,518.9499654567699
2020-11-14,898.5874468335403,311.48120035751174,793.8997747680592,898.5874468335403,898.5874468335403,-350.6895848169117,-350.6895848169117,-350.6895848169117,5.516960428071374,5.516960428071374,5.516960428071374,-356.2065452449831,-356.2065452449831,-356.2065452449831,0.0,0.0,0.0,547.8978620166286
2020-11-15,898.5769356819338,290.60524340522676,793.6820265700471,898.5769356819338,898.5769356819338,-349.5740510320248,-349.5740510320248,-349.5740510320248,9.757778783430672,9.757778783430672,9.757778783430672,-359.3318298154554,-359.3318298154554,-359.3318298154554,0.0,0.0,0.0,549.002884649909
2020-11-16,898.5664245303274,295.51562918051087,795.6322565323237,898.5664245303274,898.5664245303274,-347.55266554119305,-347.55266554119305,-347.55266554119305,15.325618498884376,15.325618498884376,15.325618498884376,-362.8782840400774,-362.8782840400774,-362.8782840400774,0.0,0.0,0.0,551.0137589891343
2020-11-17,898.5559133787209,291.67772019669627,774.8431019482315,898.5559133787209,898.5559133787209,-384.63280481566767,-384.63280481566767,-384.63280481566767,-17.592997133772425,-17.592997133772425,-17.592997133772425,-367.03980768189524,-367.03980768189524,-367.03980768189524,0.0,0.0,0.0,513.9231085630532
2020-11-18,898.5454022271144,285.87392243906436,786.0300226751227,898.5454022271144,898.5454022271144,-353.80785489072974,-353.80785489072974,-353.80785489072974,18.187768370976542,18.187768370976542,18.187768370976542,-371.99562326170627,-371.99562326170627,-371.99562326170627,0.0,0.0,0.0,544.7375473363848
2020-11-19,898.534891075508,242.3230160109507,758.7527080378765,898.534891075508,898.534891075508,-382.75157615432755,-382.75157615432755,-382.75157615432755,-4.846181999974836,-4.846181999974836,-4.846181999974836,-377.90539415435273,-377.90539415435273,-377.90539415435273,0.0,0.0,0.0,515.7833149211804
2020-11-20,898.5243799239015,245.3100605993515,750.0037815917766,898.5243799239015,898.5243799239015,-411.2537201583752,-411.2537201583752,-411.2537201583752,-26.34894694766902,-26.34894694766902,-26.34894694766902,-384.90477321070614,-384.90477321070614,-384.90477321070614,0.0,0.0,0.0,487.2706597655263
2020-11-21,898.513868772295,253.37235376887375,750.5553779889925,898.513868772295,898.513868772295,-387.5845319109713,-387.5845319109713,-387.5845319109713,5.516960428041847,5.516960428041847,5.516960428041847,-393.10149233901313,-393.10149233901313,-393.10149233901313,0.0,0.0,0.0,510.92933686132375
2020-11-22,898.5033576206886,252.4806566098011,751.5380558070531,898.5033576206886,898.5033576206886,-392.814312197529,-392.814312197529,-392.814312197529,9.757778783421593,9.757778783421593,9.757778783421593,-402.57209098095063,-402.57209098095063,-402.57209098095063,0.0,0.0,0.0,505.6890454231596
2020-11-23,898.4928464690821,239.94914550832868,757.5550788387953,898.4928464690821,898.4928464690821,-398.0337479588558,-398.0337479588558,-398.0337479588558,15.325618498864644,15.325618498864644,15.325618498864644,-413.35936645772045,-413.35936645772045,-413.35936645772045,0.0,0.0,0.0,500.4590985102263
2020-11-24,898.4823353174758,221.08830910455248,709.9158489560957,898.4823353174758,898.4823353174758,-443.0636092334528,-443.0636092334528,-443.0636092334528,-17.592997133794007,-17.592997133794007,-17.592997133794007,-425.47061209965875,-425.47061209965875,-425.47061209965875,0.0,0.0,0.0,455.418726084023
2020-11-25,898.4718241658693,216.31845272480206,738.3987848390719,898.4718241658693,898.4718241658693,-420.68892194844904,-420.68892194844904,-420.68892194844904,18.187768370967095,18.187768370967095,18.187768370967095,-438.8766903194161,-438.8766903194161,-438.8766903194161,0.0,0.0,0.0,477.78290221742026
2020-11-26,898.4613130142628,206.02459864361396,685.2987524140476,898.4613130142628,898.4613130142628,-458.3581498026287,-458.3581498026287,-458.3581498026287,-4.846182000064894,-4.846182000064894,-4.846182000064894,-453.51196780256384,-453.51196780256384,-453.51196780256384,0.0,0.0,0.0,440.1031632116341
2020-11-27,898.4508018626564,159.46525396312495,643.6127147511498,898.4508018626564,898.4508018626564,-495.6240662108088,-495.6240662108088,-495.6240662108088,-26.348946947691303,-26.348946947691303,-26.348946947691303,-469.27511926311746,-469.27511926311746,-469.27511926311746,0.0,0.0,0.0,402.82673565184757
2020-12-01,898.4087572562306,87.24000652153423,593.0075360719691,898.4087572562306,898.4087572562306,-558.0390435781492,-558.0390435781492,-558.0390435781492,-17.592997133739058,-17.592997133739058,-17.592997133739058,-540.4460464444101,-540.4460464444101,-540.4460464444101,0.0,0.0,0.0,340.36971367808144
2020-12-02,898.3982461046241,126.61171314891004,606.2042301335576,898.3982461046241,898.3982461046241,-541.0519153004143,-541.0519153004143,-541.0519153004143,18.18776837102828,18.18776837102828,18.18776837102828,-559.2396836714425,-559.2396836714425,-559.2396836714425,0.0,0.0,0.0,357.34633080420986
2020-12-03,898.3877349530177,87.5212864047932,569.246072981758,898.3877349530177,898.3877349530177,-582.7964619712039,-582.7964619712039,-582.7964619712039,-4.846182000065937,-4.846182000065937,-4.846182000065937,-577.950279971138,-577.950279971138,-577.950279971138,0.0,0.0,0.0,315.59127298181374
2020-12-04,898.3772238014113,19.538217100542003,527.3363335928271,898.3772238014113,898.3772238014113,-622.6630454566155,-622.6630454566155,-622.6630454566155,-26.348946947703414,-26.348946947703414,-26.348946947703414,-596.3140985089121,-596.3140985089121,-596.3140985089121,0.0,0.0,0.0,275.71417834479587
2020-12-05,898.3667126498049,41.56476483296176,551.9348338358405,898.3667126498049,898.3667126498049,-608.5466658141139,-608.5466658141139,-608.5466658141139,5.516960428055532,5.516960428055532,5.516960428055532,-614.0636262421696,-614.0636262421696,-614.0636262421696,0.0,0.0,0.0,289.82004683569096
2020-12-06,898.3562014981984,33.19961595797013,527.825681255374,898.3562014981984,898.3562014981984,-621.1755660994618,-621.1755660994618,-621.1755660994618,9.757778783401662,9.757778783401662,9.757778783401662,-630.9333448828634,-630.9333448828634,-630.9333448828634,0.0,0.0,0.0,277.1806353987366
2020-12-07,898.3456903465919,-8.091575556995366,520.8402311988859,898.3456903465919,898.3456903465919,-631.3398657286942,-631.3398657286942,-631.3398657286942,15.325618498933421,15.325618498933421,15.325618498933421,-646.6654842276276,-646.6654842276276,-646.6654842276276,0.0,0.0,0.0,267.0058246178977
2020-12-08,898.3351791949855,-33.65759285877262,462.2280836266284,898.3351791949855,898.3351791949855,-678.6086196416885,-678.6086196416885,-678.6086196416885,-17.592997133760637,-17.592997133760637,-17.592997133760637,-661.0156225079278,-661.0156225079278,-661.0156225079278,0.0,0.0,0.0,219.72655955329697
2020-12-09,898.324668043379,-10.080317689655399,501.99381280575955,898.324668043379,898.324668043379,-655.5702336763635,-655.5702336763635,-655.5702336763635,18.187768371018837,18.187768371018837,18.187768371018837,-673.7580020473822,-673.7580020473822,-673.7580020473822,0.0,0.0,0.0,242.7544343670155
2020-12-10,898.3141568917725,-31.779079359520864,469.12783584556774,898.3141568917725,898.3141568917725,-689.5366173589563,-689.5366173589563,-689.5366173589563,-4.846181999949636,-4.846181999949636,-4.846181999949636,-684.6904353590066,-684.6904353590066,-684.6904353590066,0.0,0.0,0.0,208.77753953281626
2020-12-11,898.3036457401661,-64.15559575962362,416.765012521196,898.3036457401661,898.3036457401661,-719.987633641102,-719.987633641102,-719.987633641102,-26.348946947725693,-26.348946947725693,-26.348946947725693,-693.6386866933763,-693.6386866933763,-693.6386866933763,0.0,0.0,0.0,178.3160120990641
2020-12-12,898.2931345885596,-48.58499327117209,453.2705520860913,898.2931345885596,898.2931345885596,-694.9432662912866,-694.9432662912866,-694.9432662912866,5.516960428171479,5.516960428171479,5.516960428171479,-700.4602267194581,-700.4602267194581,-700.4602267194581,0.0,0.0,0.0,203.34986829727302
2020-12-13,898.2826234369531,-37.3690751358955,454.12707806454114,898.2826234369531,898.2826234369531,-695.2894943815596,-695.2894943815596,-695.2894943815596,9.757778783433883,9.757778783433883,9.757778783433883,-705.0472731649935,-705.0472731649935,-705.0472731649935,0.0,0.0,0.0,202.99312905539352
2020-12-14,898.2721122853468,-35.31349891161334,460.6508057350173,898.2721122853468,898.2721122853468,-692.0034289866759,-692.0034289866759,-692.0034289866759,15.32561849891369,15.32561849891369,15.32561849891369,-707.3290474855895,-707.3290474855895,-707.3290474855895,0.0,0.0,0.0,206.2686832986709
2020-12-15,898.2616011337403,-80.0245092127611,423.01735831743713,898.2616011337403,898.2616011337403,-724.866193675437,-724.866193675437,-724.866193675437,-17.592997133787872,-17.592997133787872,-17.592997133787872,-707.2731965416492,-707.2731965416492,-707.2731965416492,0.0,0.0,0.0,173.39540745830334
2020-12-16,898.251089993874,-51.08978691531315,443.97286877696865,898.251089993874,898.251089993874,-686.6985799992221,-686.6985799992221,-686.6985799992221,18.187768371080022,18.187768371080022,18.187768371080022,-704.8863483703022,-704.8863483703022,-704.8863483703022,0.0,0.0,0.0,211.5525099946518
2020-12-17,898.2405788540078,-58.86490727961719,456.35252207427067,898.2405788540078,898.2405788540078,-705.0599739468734,-705.0599739468734,-705.0599739468734,-4.846181999950679,-4.846181999950679,-4.846181999950679,-700.2137919469226,-700.2137919469226,-700.2137919469226,0.0,0.0,0.0,193.18060490713447
2020-12-18,898.2300677141416,-72.63729660474203,431.79783093273556,898.2300677141416,898.2300677141416,-719.6872387684988,-719.6872387684988,-719.6872387684988,-26.348946947747976,-26.348946947747976,-26.348946947747976,-693.3382918207508,-693.3382918207508,-693.3382918207508,0.0,0.0,0.0,178.54282894564278
2020-12-19,898.2195565742752,-36.379756295143075,480.0428795880229,898.2195565742752,898.2195565742752,-678.8611087365739,-678.8611087365739,-678.8611087365739,5.516960428141952,5.516960428141952,5.516960428141952,-684.3780691647158,-684.3780691647158,-684.3780691647158,0.0,0.0,0.0,219.3584478377013
2020-12-20,898.209045434409,-24.604976123669026,484.522056366745,898.209045434409,898.209045434409,-663.7262218080734,-663.7262218080734,-663.7262218080734,9.7577787834248,9.7577787834248,9.7577787834248,-673.4840005914983,-673.4840005914983,-673.4840005914983,0.0,0.0,0.0,234.48282362633552
2020-12-21,898.1985342945427,-13.496155845088449,489.438968000333,898.1985342945427,898.1985342945427,-645.5104860699846,-645.5104860699846,-645.5104860699846,15.325618498893961,15.325618498893961,15.325618498893961,-660.8361045688786,-660.8361045688786,-660.8361045688786,0.0,0.0,0.0,252.6880482245581
2020-12-22,898.1880231546763,-4.256598451358468,479.78841974255795,898.1880231546763,898.1880231546763,-664.2323991042857,-664.2323991042857,-664.2323991042857,-17.592997133771185,-17.592997133771185,-17.592997133771185,-646.6394019705145,-646.6394019705145,-646.6394019705145,0.0,0.0,0.0,233.9556240503906
2020-12-23,898.1775120148101,36.15746881759449,534.503328833663,898.1775120148101,898.1775120148101,-612.9314834429778,-612.9314834429778,-612.9314834429778,18.187768370999947,18.187768370999947,18.187768370999947,-631.1192518139777,-631.1192518139777,-631.1192518139777,0.0,0.0,0.0,285.2460285718323
2020-12-24,898.1670008749438,21.859412913060403,523.7025013957871,898.1670008749438,898.1670008749438,-619.3624572208976,-619.3624572208976,-619.3624572208976,-4.846181999951723,-4.846181999951723,-4.846181999951723,-614.5162752209458,-614.5162752209458,-614.5162752209458,0.0,0.0,0.0,278.80454365404626
2020-12-25,898.1564897350775,34.84932968932431,515.4880633455183,898.1564897350775,898.1564897350775,-623.4299367491019,-623.4299367491019,-623.4299367491019,-26.348946947680492,-26.348946947680492,-26.348946947680492,-597.0809898014214,-597.0809898014214,-597.0809898014214,0.0,0.0,0.0,274.72655298597556
2020-12-26,898.1459785952112,94.19276095711173,566.6189705229576,898.1459785952112,898.1459785952112,-573.55132237437,-573.55132237437,-573.55132237437,5.5169604280383755,5.5169604280383755,5.5169604280383755,-579.0682828024085,-579.0682828024085,-579.0682828024085,0.0,0.0,0.0,324.5946562208412
2020-12-27,898.1354674553451,99.13716653141911,601.9002414208518,898.1354674553451,898.1354674553451,-550.9740755516581,-550.9740755516581,-550.9740755516581,9.757778783457024,9.757778783457024,9.757778783457024,-560.731854335115,-560.731854335115,-560.731854335115,0.0,0.0,0.0,347.161391903687
2021-01-01,898.0829117560136,151.52043149831042,631.6235422264854,898.0829117560136,898.0829117560136,-498.675323685462,-498.675323685462,-498.675323685462,-26.348946947613012,-26.348946947613012,-26.348946947613012,-472.326376737849,-472.326376737849,-472.326376737849,0.0,0.0,0.0,399.4075880705516
2021-01-02,898.0724006161473,199.20581334347636,696.7814267421156,898.0724006161473,898.0724006161473,-451.1431112764057,-451.1431112764057,-451.1431112764057,5.516960428081587,5.516960428081587,5.516960428081587,-456.6600717044872,-456.6600717044872,-456.6600717044872,0.0,0.0,0.0,446.9292893397416
2021-01-03,898.061889476281,212.33878226826147,716.9128769909189,898.061889476281,898.061889476281,-432.23985836442586,-432.23985836442586,-432.23985836442586,9.757778783406645,9.757778783406645,9.757778783406645,-441.99763714783245,-441.99763714783245,-441.99763714783245,0.0,0.0,0.0,465.8220311118551
2021-01-04,898.0513783364147,228.32411034828218,738.5827059677194,898.0513783364147,898.0513783364147,-413.0943351987847,-413.0943351987847,-413.0943351987847,15.325618498857866,15.325618498857866,15.325618498857866,-428.41995369764254,-428.41995369764254,-428.41995369764254,0.0,0.0,0.0,484.95704313763
2021-01-05,898.0408671965486,205.36031214194165,709.2794947613479,898.0408671965486,898.0408671965486,-433.5675281469038,-433.5675281469038,-433.5675281469038,-17.592997133776077,-17.592997133776077,-17.592997133776077,-415.9745310131277,-415.9745310131277,-415.9745310131277,0.0,0.0,0.0,464.4733390496448
2021-01-06,898.0303560566822,272.1104937961611,770.0415228289073,898.0303560566822,898.0303560566822,-386.48762151742716,-386.48762151742716,-386.48762151742716,18.187768371015157,18.187768371015157,18.187768371015157,-404.6753898884423,-404.6753898884423,-404.6753898884423,0.0,0.0,0.0,511.54273453925504
2021-01-07,898.0198449168159,270.3011322955688,729.2478503164598,898.0198449168159,898.0198449168159,-399.34992939280244,-399.34992939280244,-399.34992939280244,-4.84618199992548,-4.84618199992548,-4.84618199992548,-394.5037473928769,-394.5037473928769,-394.5037473928769,0.0,0.0,0.0,498.6699155240135
2021-01-08,898.0093337769497,245.78967818905576,731.9110941869274,898.0093337769497,898.0093337769497,-411.7584252866218,-411.7584252866218,-411.7584252866218,-26.34894694763529,-26.34894694763529,-26.34894694763529,-385.4094783389865,-385.4094783389865,-385.4094783389865,0.0,0.0,0.0,486.2509084903279
2021-01-09,897.9988226370833,283.306643100028,777.7976091252748,897.9988226370833,897.9988226370833,-371.7963474609936,-371.7963474609936,-371.7963474609936,5.516960428124797,5.516960428124797,5.516960428124797,-377.31330788911845,-377.31330788911845,-377.31330788911845,0.0,0.0,0.0,526.2024751760897
2021-01-10,897.9883114972171,291.80483548038035,790.3437104813565,897.9883114972171,897.9883114972171,-360.3518941418575,-360.3518941418575,-360.3518941418575,9.75777878339579,9.75777878339579,9.75777878339579,-370.10967292525334,-370.10967292525334,-370.10967292525334,0.0,0.0,0.0,537.6364173553595
2021-01-11,897.9778003573508,274.0664846927395,815.3356163141087,897.9778003573508,897.9778003573508,-348.3445558376176,-348.3445558376176,-348.3445558376176,15.325618498941322,15.325618498941322,15.325618498941322,-363.67017433655883,-363.67017433655883,-363.67017433655883,0.0,0.0,0.0,549.6332445197332
2021-01-12,897.9672892174844,255.76721970877028,781.3108492200548,897.9672892174844,897.9672892174844,-375.44052611575324,-375.44052611575324,-375.44052611575324,-17.592997133797656,-17.592997133797656,-17.592997133797656,-357.8475289819556,-357.8475289819556,-357.8475289819556,0.0,0.0,0.0,522.5267631017311
2021-01-13,897.9567780776182,323.50405254100775,808.5450610434698,897.9567780776182,897.9567780776182,-334.292150704126,-334.292150704126,-334.292150704126,18.187768371005706,18.187768371005706,18.187768371005706,-352.47991907513176,-352.47991907513176,-352.47991907513176,0.0,0.0,0.0,563.6646273734922
2021-01-14,897.946266937752,290.2305689940066,800.8945765571328,897.946266937752,897.946266937752,-352.2418103620347,-352.2418103620347,-352.2418103620347,-4.846181999837507,-4.846181999837507,-4.846181999837507,-347.39562836219716,-347.39562836219716,-347.39562836219716,0.0,0.0,0.0,545.7044565757172
2021-01-15,897.9357557978857,278.5253299106954,770.9584798316934,897.9357557978857,897.9357557978857,-368.76679584192453,-368.76679584192453,-368.76679584192453,-26.34894694765757,-26.34894694765757,-26.34894694765757,-342.41784889426697,-342.41784889426697,-342.41784889426697,0.0,0.0,0.0,529.1689599559611
2021-01-16,897.9252446580194,307.7686813259878,810.6200631017907,897.9252446580194,897.9252446580194,-331.85257911569147,-331.85257911569147,-331.85257911569147,5.51696042809527,5.51696042809527,5.51696042809527,-337.36953954378674,-337.36953954378674,-337.36953954378674,0.0,0.0,0.0,566.072665542328
2021-01-17,897.9147335181532,309.71483833342546,811.9886467159776,897.9147335181532,897.9147335181532,-322.32043892229467,-322.32043892229467,-322.32043892229467,9.75777878338671,9.75777878338671,9.75777878338671,-332.07821770568137,-332.07821770568137,-332.07821770568137,0.0,0.0,0.0,575.5942945958585
2021-01-18,897.9042223782868,347.4975745552275,845.5432347400324,897.9042223782868,897.9042223782868,-311.0549503200035,-311.0549503200035,-311.0549503200035,15.32561849892159,15.32561849892159,15.32561849892159,-326.38056881892516,-326.38056881892516,-326.38056881892516,0.0,0.0,0.0,586.8492720582833
2021-01-19,897.8937112384206,296.3732267200299,781.6942997551636,897.8937112384206,897.8937112384206,-337.7197614569047,-337.7197614569047,-337.7197614569047,-17.592997133780976,-17.592997133780976,-17.592997133780976,-320.1267643231237,-320.1267643231237,-320.1267643231237,0.0,0.0,0.0,560.1739497815158
2021-01-20,897.8832000985543,352.80599564833705,842.2219996864369,897.8832000985543,897.8832000985543,-294.99661887451595,-294.99661887451595,-294.99661887451595,18.187768370996263,18.187768370996263,18.187768370996263,-313.18438724551226,-313.18438724551226,-313.18438724551226,0.0,0.0,0.0,602.8865812240383
2021-01-21,897.872688958688,345.1023929260048,846.1965531332003,897.872688958688,897.872688958688,-310.2880575474814,-310.2880575474814,-310.2880575474814,-4.846181999927565,-4.846181999927565,-4.846181999927565,-305.4418755475538,-305.4418755475538,-305.4418755475538,0.0,0.0,0.0,587.5846314112066
2021-01-22,897.8621778188217,323.52645243863265,814.6416181717266,897.8621778188217,897.8621778188217,-323.1603532927025,-323.1603532927025,-323.1603532927025,-26.34894694766968,-26.34894694766968,-26.34894694766968,-296.8114063450328,-296.8114063450328,-296.8114063450328,0.0,0.0,0.0,574.7018245261193
2021-01-23,897.8516666789554,349.27384669419627,878.9455120697338,897.8516666789554,897.8516666789554,-281.71419836889373,-281.71419836889373,-281.71419836889373,5.516960428065745,5.516960428065745,5.516960428065745,-287.23115879695945,-287.23115879695945,-287.23115879695945,0.0,0.0,0.0,616.1374683100616
2021-01-24,897.8411555390891,382.49618515960515,878.5364844236474,897.8411555390891,897.8411555390891,-266.90913066925054,-266.90913066925054,-266.90913066925054,9.757778783418932,9.757778783418932,9.757778783418932,-276.6669094526695,-276.6669094526695,-276.6669094526695,0.0,0.0,0.0,630.9320248698385
2021-01-25,897.8306443992229,407.58942699397716,885.2666361213553,897.8306443992229,897.8306443992229,-249.78731223283455,-249.78731223283455,-249.78731223283455,15.32561849890523,15.32561849890523,15.32561849890523,-265.11293073173977,-265.11293073173977,-265.11293073173977,0.0,0.0,0.0,648.0433321663884
2021-01-26,897.8201332593567,372.32410965081004,880.7727471365058,897.8201332593567,897.8201332593567,-270.18517769334284,-270.18517769334284,-270.18517769334284,-17.59299713376429,-17.59299713376429,-17.59299713376429,-252.59218055957857,-252.59218055957857,-252.59218055957857,0.0,0.0,0.0,627.6349555660138
2021-01-27,897.8096221194903,427.28912593032453,931.2298759694189,897.8096221194903,897.8096221194903,-220.96802017927124,-220.96802017927124,-220.96802017927124,18.187768370950284,18.187768370950284,18.187768370950284,-239.15578855022153,-239.15578855022153,-239.15578855022153,0.0,0.0,0.0,676.8416019402191
2021-02-01,897.7570664201589,516.413138316178,1008.3257891658509,897.7570664201589,897.7570664201589,-146.47263953682588,-146.47263953682588,-146.47263953682588,15.325618498885499,15.325618498885499,15.325618498885499,-161.7982580357114,-161.7982580357114,-161.7982580357114,0.0,0.0,0.0,751.284426883333
2021-02-02,897.7465552802926,474.45671386882975,983.3135429907064,897.7465552802926,897.7465552802926,-162.8857707469343,-162.8857707469343,-162.8857707469343,-17.59299713379152,-17.59299713379152,-17.59299713379152,-145.29277361314277,-145.29277361314277,-145.29277361314277,0.0,0.0,0.0,734.8607845333582
2021-02-03,897.7360441404264,546.044387299574,1043.9618368254971,897.7360441404264,897.7360441404264,-110.65703455958013,-110.65703455958013,-110.65703455958013,18.187768370940837,18.187768370940837,18.187768370940837,-128.84480293052096,-128.84480293052096,-128.84480293052096,0.0,0.0,0.0,787.0790095808463
2021-02-04,897.7255330005602,538.1520293914319,1019.8604250259888,897.7255330005602,897.7255330005602,-117.48828294880265,-117.48828294880265,-117.48828294880265,-4.8461820000186675,-4.8461820000186675,-4.8461820000186675,-112.64210094878398,-112.64210094878398,-112.64210094878398,0.0,0.0,0.0,780.2372500517575
2021-02-05,897.7150218606938,528.1226854313954,1031.2324321983465,897.7150218606938,897.7150218606938,-123.22156880727448,-123.22156880727448,-123.22156880727448,-26.348946947714243,-26.348946947714243,-26.348946947714243,-96.87262185956023,-96.87262185956023,-96.87262185956023,0.0,0.0,0.0,774.4934530534193
2021-02-06,897.7045107208276,572.2848553663562,1076.8691187567595,897.7045107208276,897.7045107208276,-76.20336323235557,-76.20336323235557,-76.20336323235557,5.51696042815085,5.51696042815085,5.51696042815085,-81.72032366050642,-81.72032366050642,-81.72032366050642,0.0,0.0,0.0,821.501147488472
2021-02-07,897.6939995809613,588.9865924953885,1094.0221052124293,897.6939995809613,897.6939995809613,-57.60333183911799,-57.60333183911799,-57.60333183911799,9.757778783398996,9.757778783398996,9.757778783398996,-67.36111062251699,-67.36111062251699,-67.36111062251699,0.0,0.0,0.0,840.0906677418433
2021-02-08,897.6834884410949,627.2616246929811,1107.9823937054366,897.6834884410949,897.6834884410949,-38.63338796930875,-38.63338796930875,-38.63338796930875,15.32561849886745,15.32561849886745,15.32561849886745,-53.9590064681762,-53.9590064681762,-53.9590064681762,0.0,0.0,0.0,859.0501004717862
2021-02-09,897.6729773012287,590.7410648685092,1087.0154643767978,897.6729773012287,897.6729773012287,-59.255640810641275,-59.255640810641275,-59.255640810641275,-17.592997133813103,-17.592997133813103,-17.592997133813103,-41.662643676828175,-41.662643676828175,-41.662643676828175,0.0,0.0,0.0,838.4173364905874
2021-02-10,897.6624661613624,652.6463259351341,1137.5815171591935,897.6624661613624,897.6624661613624,-12.414376626303591,-12.414376626303591,-12.414376626303591,18.187768371002026,18.187768371002026,18.187768371002026,-30.602144997305615,-30.602144997305615,-30.602144997305615,0.0,0.0,0.0,885.2480895350589
2021-02-11,897.6519550214961,625.8864179186291,1130.841584775811,897.6519550214961,897.6519550214961,-25.73264425334596,-25.73264425334596,-25.73264425334596,-4.846182000019709,-4.846182000019709,-4.846182000019709,-20.88646225332625,-20.88646225332625,-20.88646225332625,0.0,0.0,0.0,871.9193107681501
2021-02-12,897.6414438816298,596.21045475806,1120.9458642517916,897.6414438816298,897.6414438816298,-38.950172129935915,-38.950172129935915,-38.950172129935915,-26.348946947646755,-26.348946947646755,-26.348946947646755,-12.60122518228916,-12.60122518228916,-12.60122518228916,0.0,0.0,0.0,858.6912717516939
2021-02-13,897.6309327417636,661.6517586771889,1145.268236451077,897.6309327417636,897.6309327417636,-0.2901792638856269,-0.2901792638856269,-0.2901792638856269,5.516960428121325,5.516960428121325,5.516960428121325,-5.807139692006952,-5.807139692006952,-5.807139692006952,0.0,0.0,0.0,897.3407534778779
2021-02-14,897.6204216145577,633.270742220403,1146.6132361531165,897.6204216145577,897.6204216145577,9.218817873766744,9.218817873766744,9.218817873766744,9.757778783389917,9.757778783389917,9.757778783389917,-0.5389609096231724,-0.5389609096231724,-0.5389609096231724,0.0,0.0,0.0,906.8392394883244
2021-02-15,897.6099104873517,670.26661293526,1170.706275793619,897.6099104873517,897.6099104873517,18.520566401272827,18.520566401272827,18.520566401272827,15.325618498847719,15.325618498847719,15.325618498847719,3.1949479024251057,3.1949479024251057,3.1949479024251057,0.0,0.0,0.0,916.1304768886246
2021-02-16,897.5993993601459,621.5832306533874,1118.5310130081482,897.5993993601459,897.5993993601459,-12.180523419539272,-12.180523419539272,-12.180523419539272,-17.592997133758153,-17.592997133758153,-17.592997133758153,5.41247371421888,5.41247371421888,5.41247371421888,0.0,0.0,0.0,885.4188759406065
2021-02-17,897.5888882329399,657.7102175960819,1186.0936971988046,897.5888882329399,897.5888882329399,24.344814695625274,24.344814695625274,24.344814695625274,18.187768370921944,18.187768370921944,18.187768370921944,6.157046324703328,6.157046324703328,6.157046324703328,0.0,0.0,0.0,921.9337029285651
2021-02-18,897.578377105734,633.3625738899748,1135.511557727354,897.578377105734,897.578377105734,0.650213163355223,0.650213163355223,0.650213163355223,-4.8461819999034095,-4.8461819999034095,-4.8461819999034095,5.496395163258632,5.496395163258632,5.496395163258632,0.0,0.0,0.0,898.2285902690893
2021-02-19,897.5678659785281,629.3707300027758,1124.834142613831,897.5678659785281,897.5678659785281,-22.82813471607374,-22.82813471607374,-22.82813471607374,-26.34894694766904,-26.34894694766904,-26.34894694766904,3.5208122315953005,3.5208122315953005,3.5208122315953005,0.0,0.0,0.0,874.7397312624544
2021-02-20,897.5573548513222,666.1364848349415,1131.3501370267068,897.5573548513222,897.5573548513222,5.857934163667315,5.857934163667315,5.857934163667315,5.5169604280917985,5.5169604280917985,5.5169604280917985,0.34097373557551625,0.34097373557551625,0.34097373557551625,0.0,0.0,0.0,903.4152890149895
2021-02-21,897.5468437241162,658.5189313407424,1160.5892339290763,897.5468437241162,897.5468437241162,5.843160777974287,5.843160777974287,5.843160777974287,9.75777878342214,9.75777878342214,9.75777878342214,-3.914618005447853,-3.914618005447853,-3.914618005447853,0.0,0.0,0.0,903.3900045020905
2021-02-22,897.5363325969104,659.6471045792526,1149.0757577861057,897.5363325969104,897.5363325969104,6.223114992819568,6.223114992819568,6.223114992819568,15.325618498829677,15.325618498829677,15.325618498829677,-9.102503506010109,-9.102503506010109,-9.102503506010109,0.0,0.0,0.0,903.7594475897299
2021-02-23,897.5258214697044,606.8833198565759,1117.4877924270731,897.5258214697044,897.5258214697044,-32.6603688081859,-32.6603688081859,-32.6603688081859,-17.59299713382365,-17.59299713382365,-17.59299713382365,-15.067371674362253,-15.067371674362253,-15.067371674362253,0.0,0.0,0.0,864.8654526615185
2021-02-24,897.5153103424985,655.6543956700202,1158.843153971386,897.5153103424985,897.5153103424985,-3.457555967076794,-3.457555967076794,-3.457555967076794,18.187768370983136,18.187768370983136,18.187768370983136,-21.64532433805993,-21.64532433805993,-21.64532433805993,0.0,0.0,0.0,894.0577543754217
2021-02-25,897.5047992152926,623.4520264047349,1125.0959232538548,897.5047992152926,897.5047992152926,-33.513402698253124,-33.513402698253124,-33.513402698253124,-4.846181999904452,-4.846181999904452,-4.846181999904452,-28.66722069834868,-28.66722069834868,-28.66722069834868,0.0,0.0,0.0,863.9913965170394
2021-02-26,897.4942880880867,573.5343627261526,1100.440556107694,897.4942880880867,897.4942880880867,-62.310970219563465,-62.310970219563465,-62.310970219563465,-26.34894694760155,-26.34894694760155,-26.34894694760155,-35.96202327196191,-35.96202327196191,-35.96202327196191,0.0,0.0,0.0,835.1833178685232
2021-02-27,897.4837769608807,611.3786130064276,1129.3812922815068,897.4837769608807,897.4837769608807,-37.843108960418974,-37.843108960418974,-37.843108960418974,5.516960428135009,5.516960428135009,5.516960428135009,-43.36006938855398,-43.36006938855398,-43.36006938855398,0.0,0.0,0.0,859.6406680004618
2021-03-01,897.4627547064689,602.8825562732786,1106.8793299287236,897.4627547064689,897.4627547064689,-42.48703789624711,-42.48703789624711,-42.48703789624711,15.32561849891313,15.32561849891313,15.32561849891313,-57.812656395160246,-57.812656395160246,-57.812656395160246,0.0,0.0,0.0,854.9757168102218
2021-03-02,897.452243579263,586.289073905949,1063.6802508248381,897.452243579263,897.452243579263,-82.15475473729929,-82.15475473729929,-82.15475473729929,-17.592997133768698,-17.592997133768698,-17.592997133768698,-64.56175760353057,-64.56175760353057,-64.56175760353057,0.0,0.0,0.0,815.2974888419637
2021-03-03,897.4417324520572,590.5322893238596,1091.328639219014,897.4417324520572,897.4417324520572,-52.62042179173345,-52.62042179173345,-52.62042179173345,18.187768371044324,18.187768371044324,18.187768371044324,-70.80819016277778,-70.80819016277778,-70.80819016277778,0.0,0.0,0.0,844.8213106603238
2021-03-04,897.4312213248513,584.0288028160645,1048.8824999749904,897.4312213248513,897.4312213248513,-81.27717049702,-81.27717049702,-81.27717049702,-4.84618199999451,-4.84618199999451,-4.84618199999451,-76.43098849702548,-76.43098849702548,-76.43098849702548,0.0,0.0,0.0,816.1540508278313
2021-03-05,897.4207101976453,547.5686269260301,1041.4172493132721,897.4207101976453,897.4207101976453,-107.67405159689963,-107.67405159689963,-107.67405159689963,-26.34894694770343,-26.34894694770343,-26.34894694770343,-81.3251046491962,-81.3251046491962,-81.3251046491962,0.0,0.0,0.0,789.7466586007457
2021-03-06,897.4101990704395,577.100184719605,1057.4655761879044,897.4101990704395,897.4101990704395,-79.88561105678897,-79.88561105678897,-79.88561105678897,5.516960427958697,5.516960427958697,5.516960427958697,-85.40257148474765,-85.40257148474765,-85.40257148474765,0.0,0.0,0.0,817.5245880136505
2021-03-07,897.3996879432335,567.8275408766241,1073.9887814604176,897.3996879432335,897.3996879432335,-78.83546824922152,-78.83546824922152,-78.83546824922152,9.757778783403978,9.757778783403978,9.757778783403978,-88.59324703262548,-88.59324703262548,-88.59324703262548,0.0,0.0,0.0,818.564219694012
2021-03-08,897.3891768160277,600.1800244207099,1080.6879438285343,897.3891768160277,897.3891768160277,-75.5195229849025,-75.5195229849025,-75.5195229849025,15.325618498895082,15.325618498895082,15.325618498895082,-90.84514148379756,-90.84514148379756,-90.84514148379756,0.0,0.0,0.0,821.8696538311251
2021-03-09,897.3786656888217,536.9011503859359,1050.4421516977602,897.3786656888217,897.3786656888217,-109.71733552828191,-109.71733552828191,-109.71733552828191,-17.59299713379028,-17.59299713379028,-17.59299713379028,-92.12433839449162,-92.12433839449162,-92.12433839449162,0.0,0.0,0.0,787.6613301605398
2021-03-10,897.3681545616158,572.1223304761104,1073.4206014377405,897.3681545616158,897.3681545616158,-74.22676261696313,-74.22676261696313,-74.22676261696313,18.187768371034878,18.187768371034878,18.187768371034878,-92.414530987998,-92.414530987998,-92.414530987998,0.0,0.0,0.0,823.1413919446527
2021-03-11,897.3576434344099,533.9383910226444,1054.5388597403205,897.3576434344099,897.3576434344099,-96.56238489455664,-96.56238489455664,-96.56238489455664,-4.846181999906538,-4.846181999906538,-4.846181999906538,-91.71620289465012,-91.71620289465012,-91.71620289465012,0.0,0.0,0.0,800.7952585398532
2021-03-12,897.347132307204,544.8683189716348,1017.3297535047383,897.347132307204,897.347132307204,-116.39443698099569,-116.39443698099569,-116.39443698099569,-26.34894694772571,-26.34894694772571,-26.34894694772571,-90.04549003326999,-90.04549003326999,-90.04549003326999,0.0,0.0,0.0,780.9526953262083
2021-03-13,897.336621179998,570.7733185029659,1070.7526270228384,897.336621179998,897.336621179998,-81.91580603727132,-81.91580603727132,-81.91580603727132,5.516960428074642,5.516960428074642,5.516960428074642,-87.43276646534596,-87.43276646534596,-87.43276646534596,0.0,0.0,0.0,815.4208151427267
2021-03-14,897.3261100527922,571.8964793720446,1081.778089235544,897.3261100527922,897.3261100527922,-74.16322305257627,-74.16322305257627,-74.16322305257627,9.757778783436201,9.757778783436201,9.757778783436201,-83.92100183601248,-83.92100183601248,-83.92100183601248,0.0,0.0,0.0,823.1628870002158
2021-03-15,897.3155989255862,581.9619007757356,1092.415110526392,897.3155989255862,897.3155989255862,-64.2383228806859,-64.2383228806859,-64.2383228806859,15.325618498875354,15.325618498875354,15.325618498875354,-79.56394137956127,-79.56394137956127,-79.56394137956127,0.0,0.0,0.0,833.0772760449003
2021-03-16,897.3050877983803,556.9828046665676,1070.3773974820333,897.3050877983803,897.3050877983803,-92.0171585158891,-92.0171585158891,-92.0171585158891,-17.592997133773594,-17.592997133773594,-17.592997133773594,-74.42416138211549,-74.42416138211549,-74.42416138211549,0.0,0.0,0.0,805.2879292824912
2021-03-17,897.2945766711744,595.1720496303208,1094.3444959244136,897.2945766711744,897.2945766711744,-50.38328509670649,-50.38328509670649,-50.38328509670649,18.187768371059537,18.187768371059537,18.187768371059537,-68.57105346776602,-68.57105346776602,-68.57105346776602,0.0,0.0,0.0,846.9112915744679
2021-03-18,897.2840655439685,591.534147461048,1073.9541363381823,897.2840655439685,897.2840655439685,-66.9249721538079,-66.9249721538079,-66.9249721538079,-4.846181999996596,-4.846181999996596,-4.846181999996596,-62.07879015381131,-62.07879015381131,-62.07879015381131,0.0,0.0,0.0,830.3590933901606
2021-03-19,897.2735544167625,560.0061138527713,1052.8379800271932,897.2735544167625,897.2735544167625,-81.37326883821918,-81.37326883821918,-81.37326883821918,-26.34894694774799,-26.34894694774799,-26.34894694774799,-55.024321890471164,-55.024321890471164,-55.024321890471164,0.0,0.0,0.0,815.9002855785434
2021-03-20,897.2630432895567,600.3222727868322,1094.217370838557,897.2630432895567,897.2630432895567,-41.968491946087035,-41.968491946087035,-41.968491946087035,5.516960428045118,5.516960428045118,5.516960428045118,-47.48545237413215,-47.48545237413215,-47.48545237413215,0.0,0.0,0.0,855.2945513434696
2021-03-21,897.2525321623507,622.7419865257654,1119.386944759149,897.2525321623507,897.2525321623507,-29.781255661883655,-29.781255661883655,-29.781255661883655,9.757778783427122,9.757778783427122,9.757778783427122,-39.539034445310776,-39.539034445310776,-39.539034445310776,0.0,0.0,0.0,867.4712765004671
2021-03-22,897.2420210351448,618.8793619831542,1127.4846824575989,897.2420210351448,897.2420210351448,-15.933705020160504,-15.933705020160504,-15.933705020160504,15.32561849896049,15.32561849896049,15.32561849896049,-31.25932351912099,-31.25932351912099,-31.25932351912099,0.0,0.0,0.0,881.3083160149844
2021-03-23,897.2315099079389,609.8351154902739,1115.7322555038127,897.2315099079389,897.2315099079389,-40.309516564980626,-40.309516564980626,-40.309516564980626,-17.592997133756906,-17.592997133756906,-17.592997133756906,-22.71651943122371,-22.71651943122371,-22.71651943122371,0.0,0.0,0.0,856.9219933429582
2021-03-24,897.220998780733,624.3319403815985,1152.2259148118808,897.220998780733,897.220998780733,4.212247358959186,4.212247358959186,4.212247358959186,18.187768370979455,18.187768370979455,18.187768370979455,-13.97552101202027,-13.97552101202027,-13.97552101202027,0.0,0.0,0.0,901.4332461396922
2021-03-25,897.210487653527,632.0933919174083,1135.4836555539728,897.210487653527,897.210487653527,-9.941092827265473,-9.941092827265473,-9.941092827265473,-4.846182000086657,-4.846182000086657,-4.846182000086657,-5.0949108271788175,-5.0949108271788175,-5.0949108271788175,0.0,0.0,0.0,887.2693948262615
2021-03-26,897.1999765263212,632.4534427857889,1130.6710883948688,897.1999765263212,897.1999765263212,-22.475127493826168,-22.475127493826168,-22.475127493826168,-26.348946947680506,-26.348946947680506,-26.348946947680506,3.8738194538543382,3.8738194538543382,3.8738194538543382,0.0,0.0,0.0,874.724849032495
2021-03-27,897.1894653991152,693.4447329761397,1186.7325607153916,897.1894653991152,897.1894653991152,18.403759911984736,18.403759911984736,18.403759911984736,5.516960428088327,5.516960428088327,5.516960428088327,12.886799483896407,12.886799483896407,12.886799483896407,0.0,0.0,0.0,915.5932253110999
2021-04-01,897.1369097630858,707.4330377187289,1201.5216568856129,897.1369097630858,897.1369097630858,52.78482570303995,52.78482570303995,52.78482570303995,-4.846182000087699,-4.846182000087699,-4.846182000087699,57.63100770312766,57.63100770312766,57.63100770312766,0.0,0.0,0.0,949.9217354661257
2021-04-02,897.1263986358798,696.984052377899,1180.2680461219306,897.1263986358798,897.1263986358798,40.07467575455674,40.07467575455674,40.07467575455674,-26.348946947692614,-26.348946947692614,-26.348946947692614,66.42362270224935,66.42362270224935,66.42362270224935,0.0,0.0,0.0,937.2010743904366
2021-04-03,897.115887508674,721.8609781119327,1216.0318221589553,897.115887508674,897.115887508674,80.68105294485302,80.68105294485302,80.68105294485302,5.5169604281315365,5.5169604281315365,5.5169604281315365,75.16409251672147,75.16409251672147,75.16409251672147,0.0,0.0,0.0,977.796940453527
2021-04-04,897.105376381468,746.0374668461271,1238.9437154568993,897.105376381468,897.105376381468,93.62061878919978,93.62061878919978,93.62061878919978,9.757778783407186,9.757778783407186,9.757778783407186,83.86284000579259,83.86284000579259,83.86284000579259,0.0,0.0,0.0,990.7259951706677
2021-04-05,897.0948652542621,753.4029047389253,1239.1700980684595,897.0948652542621,897.0948652542621,107.85952000820417,107.85952000820417,107.85952000820417,15.325618498924397,15.325618498924397,15.325618498924397,92.53390150927977,92.53390150927977,92.53390150927977,0.0,0.0,0.0,1004.9543852624663
2021-04-06,897.0843541270561,734.2534971604778,1216.2336187043866,897.0843541270561,897.0843541270561,83.60095887141185,83.60095887141185,83.60095887141185,-17.592997133761802,-17.592997133761802,-17.592997133761802,101.19395600517365,101.19395600517365,101.19395600517365,0.0,0.0,0.0,980.685312998468
2021-04-07,897.0738429998503,766.7661684690851,1276.1795779885715,897.0738429998503,897.0738429998503,128.04912352944274,128.04912352944274,128.04912352944274,18.187768371031197,18.187768371031197,18.187768371031197,109.86135515841156,109.86135515841156,109.86135515841156,0.0,0.0,0.0,1025.122966529293
2021-04-08,897.0633318726443,752.4490029779171,1254.7066569395115,897.0633318726443,897.0633318726443,113.70899871822714,113.70899871822714,113.70899871822714,-4.846181999971398,-4.846181999971398,-4.846181999971398,118.55518071819853,118.55518071819853,118.55518071819853,0.0,0.0,0.0,1010.7723305908714
2021-04-09,897.0528207454385,740.4039126403554,1252.7731208261691,897.0528207454385,897.0528207454385,100.94540603025338,100.94540603025338,100.94540603025338,-26.348946947625134,-26.348946947625134,-26.348946947625134,127.29435297787852,127.29435297787852,127.29435297787852,0.0,0.0,0.0,997.9982267756918
2021-04-10,897.0423096182325,780.6136409446689,1288.1351182453443,897.0423096182325,897.0423096182325,141.61377118381768,141.61377118381768,141.61377118381768,5.516960428174748,5.516960428174748,5.516960428174748,136.09681075564293,136.09681075564293,136.09681075564293,0.0,0.0,0.0,1038.6560808020502
2021-04-11,897.0317985216811,789.5976567460718,1294.2276250563364,897.0317985216811,897.0317985216811,154.73655850449197,154.73655850449197,154.73655850449197,9.757778783439411,9.757778783439411,9.757778783439411,144.97877972105255,144.97877972105255,144.97877972105255,0.0,0.0,0.0,1051.7683570261731
2021-04-12,897.0212874251298,808.3045422079819,1308.9309357912935,897.0212874251298,897.0212874251298,169.27976050859857,169.27976050859857,169.27976050859857,15.325618498904666,15.325618498904666,15.325618498904666,153.95414200969387,153.95414200969387,153.95414200969387,0.0,0.0,0.0,1066.3010479337283
2021-04-13,897.0107763285783,794.2044584247784,1273.110509304487,897.0107763285783,897.0107763285783,145.4409189401468,145.4409189401468,145.4409189401468,-17.59299713378904,-17.59299713378904,-17.59299713378904,163.0339160739358,163.0339160739358,163.0339160739358,0.0,0.0,0.0,1042.4516952687252
2021-04-14,897.0002652320271,831.0571165853285,1328.6218320143787,897.0002652320271,897.0002652320271,190.4136201135378,190.4136201135378,190.4136201135378,18.18776837102175,18.18776837102175,18.18776837102175,172.22585174251606,172.22585174251606,172.22585174251606,0.0,0.0,0.0,1087.413885345565
2021-04-15,896.9897541354757,826.6477147045043,1333.8044326221716,896.9897541354757,896.9897541354757,176.6879596281547,176.6879596281547,176.6879596281547,-4.846181999883425,-4.846181999883425,-4.846181999883425,181.5341416280381,181.5341416280381,181.5341416280381,0.0,0.0,0.0,1073.6777137636304
2021-04-16,896.9792430389243,833.9965809790612,1302.3117966499149,896.9792430389243,896.9792430389243,164.61029949626555,164.61029949626555,164.61029949626555,-26.348946947737176,-26.348946947737176,-26.348946947737176,190.95924644400273,190.95924644400273,190.95924644400273,0.0,0.0,0.0,1061.5895425351898
2021-04-17,896.968731942373,867.8836403313853,1356.2688468100707,896.968731942373,896.968731942373,206.0147889965954,206.0147889965954,206.0147889965954,5.516960428145221,5.516960428145221,5.516960428145221,200.4978285684502,200.4978285684502,200.4978285684502,0.0,0.0,0.0,1102.9835209389685
2021-04-18,896.9582208458216,877.6083916725223,1362.6226724712794,896.9582208458216,896.9582208458216,219.90056418861136,219.90056418861136,219.90056418861136,9.757778783387252,9.757778783387252,9.757778783387252,210.1427854052241,210.1427854052241,210.1427854052241,0.0,0.0,0.0,1116.858785034433
2021-04-19,896.9477097492703,894.9036628190481,1388.9241647387041,896.9477097492703,896.9477097492703,235.2089903049741,235.2089903049741,235.2089903049741,15.325618498884934,15.325618498884934,15.325618498884934,219.88337180608917,219.88337180608917,219.88337180608917,0.0,0.0,0.0,1132.1567000542443
2021-04-20,896.937198652719,857.4253639546919,1345.2479058888762,896.937198652719,896.937198652719,212.11240194081952,212.11240194081952,212.11240194081952,-17.59299713381062,-17.59299713381062,-17.59299713381062,229.70539907463018,229.70539907463018,229.70539907463018,0.0,0.0,0.0,1109.0496005935386
2021-04-21,896.9266875561675,905.6586510354324,1393.1106404422915,896.9266875561675,896.9266875561675,257.77926527014984,257.77926527014984,257.77926527014984,18.1877683710123,18.1877683710123,18.1877683710123,239.59149689913752,239.59149689913752,239.59149689913752,0.0,0.0,0.0,1154.7059528263173
2021-04-22,896.9161764596162,872.6162203427455,1361.7070179468244,896.9161764596162,896.9161764596162,244.6752419579324,244.6752419579324,244.6752419579324,-4.846181999973485,-4.846181999973485,-4.846181999973485,249.52142395790588,249.52142395790588,249.52142395790588,0.0,0.0,0.0,1141.5914184175485
2021-04-23,896.9056653630648,868.35082735639,1363.9849343610358,896.9056653630648,896.9056653630648,233.12346594640266,233.12346594640266,233.12346594640266,-26.348946947669695,-26.348946947669695,-26.348946947669695,259.47241289407236,259.47241289407236,259.47241289407236,0.0,0.0,0.0,1130.0291313094674
2021-04-24,896.8951542665135,916.2289962087772,1420.464831235101,896.8951542665135,896.8951542665135,274.93649625800515,274.93649625800515,274.93649625800515,5.516960428041646,5.516960428041646,5.516960428041646,269.41953582996354,269.41953582996354,269.41953582996354,0.0,0.0,0.0,1171.8316505245186
2021-04-25,896.8846431699621,956.4221547391378,1420.4317846584925,896.8846431699621,896.8846431699621,289.0938563195158,289.0938563195158,289.0938563195158,9.757778783419475,9.757778783419475,9.757778783419475,279.3360775360963,279.3360775360963,279.3360775360963,0.0,0.0,0.0,1185.978499489478
2021-04-26,896.8741320734107,940.975657547748,1452.4869337856865,896.8741320734107,896.8741320734107,304.5195232192498,304.5195232192498,304.5195232192498,15.325618498868575,15.325618498868575,15.325618498868575,289.1939047203812,289.1939047203812,289.1939047203812,0.0,0.0,0.0,1201.3936552926605
2021-04-27,896.8636209768595,917.7313837549718,1444.8002705959777,896.8636209768595,896.8636209768595,281.37082444932435,281.37082444932435,281.37082444932435,-17.592997133755667,-17.592997133755667,-17.592997133755667,298.96382158308,298.96382158308,298.96382158308,0.0,0.0,0.0,1178.2344454261838
2021-05-01,896.821576590654,988.7290982848643,1500.0713454679178,896.821576590654,896.821576590654,342.0781431266448,342.0781431266448,342.0781431266448,5.516960428012119,5.516960428012119,5.516960428012119,336.5611826986327,336.5611826986327,336.5611826986327,0.0,0.0,0.0,1238.899719717299
2021-05-02,896.8110654941026,1023.1215405558112,1506.269444877444,896.8110654941026,896.8110654941026,355.1959480819078,355.1959480819078,355.1959480819078,9.757778783410396,9.757778783410396,9.757778783410396,345.43816929849737,345.43816929849737,345.43816929849737,0.0,0.0,0.0,1252.0070135760104
2021-05-03,896.8005543975512,1011.6829242884544,1514.905736135995,896.8005543975512,896.8005543975512,369.3720016271016,369.3720016271016,369.3720016271016,15.325618498848845,15.325618498848845,15.325618498848845,354.0463831282528,354.0463831282528,354.0463831282528,0.0,0.0,0.0,1266.1725560246527
2021-05-04,896.7900433009999,990.5781567131562,1482.0004754254858,896.7900433009999,896.7900433009999,344.76386001041857,344.76386001041857,344.76386001041857,-17.592997133777246,-17.592997133777246,-17.592997133777246,362.35685714419577,362.35685714419577,362.35685714419577,0.0,0.0,0.0,1241.5539033114185
2021-05-05,896.7795322044485,1051.9217646814516,1539.5444374389053,896.7795322044485,896.7795322044485,388.5291656671474,388.5291656671474,388.5291656671474,18.18776837095688,18.18776837095688,18.18776837095688,370.34139729619056,370.34139729619056,370.34139729619056,0.0,0.0,0.0,1285.308697871596
2021-05-06,896.7690211078972,1024.0380121321941,1515.230068046563,896.7690211078972,896.7690211078972,373.12651887042483,373.12651887042483,373.12651887042483,-4.846181999947242,-4.846181999947242,-4.846181999947242,377.972700870372,377.972700870372,377.972700870372,0.0,0.0,0.0,1269.895539978322
2021-05-07,896.7585100113458,1004.2722790150173,1503.5830653284697,896.7585100113458,896.7585100113458,358.87551973627666,358.87551973627666,358.87551973627666,-26.348946947714257,-26.348946947714257,-26.348946947714257,385.2244666839909,385.2244666839909,385.2244666839909,0.0,0.0,0.0,1255.6340297476224
2021-05-08,896.7479989147945,1058.9747672064882,1550.7953270466107,896.7479989147945,896.7479989147945,397.5884643992924,397.5884643992924,397.5884643992924,5.5169604281280655,5.5169604281280655,5.5169604281280655,392.0715039711643,392.0715039711643,392.0715039711643,0.0,0.0,0.0,1294.3364633140868
2021-05-09,896.737487818243,1053.19090065445,1559.689187647951,896.737487818243,896.737487818243,408.24762536775347,408.24762536775347,408.24762536775347,9.757778783401317,9.757778783401317,9.757778783401317,398.4898465843522,398.4898465843522,398.4898465843522,0.0,0.0,0.0,1304.9851131859964
2021-05-10,896.7269767216918,1069.40576654579,1569.880684616837,896.7269767216918,896.7269767216918,419.78249705846474,419.78249705846474,419.78249705846474,15.325618498932295,15.325618498932295,15.325618498932295,404.45687855953247,404.45687855953247,404.45687855953247,0.0,0.0,0.0,1316.5094737801564
2021-05-11,896.7164656251404,1041.9794775322664,1527.5039693880406,896.7164656251404,896.7164656251404,392.358479045773,392.358479045773,392.358479045773,-17.59299713379883,-17.59299713379883,-17.59299713379883,409.9514761795718,409.9514761795718,409.9514761795718,0.0,0.0,0.0,1289.0749446709133
2021-05-12,896.705954528589,1097.0542553018092,1574.3281460428002,896.705954528589,896.705954528589,433.14193883937264,433.14193883937264,433.14193883937264,18.18776837101807,18.18776837101807,18.18776837101807,414.95417046835456,414.95417046835456,414.95417046835456,0.0,0.0,0.0,1329.8478933679617
2021-05-13,896.6954434320377,1050.8788116688131,1576.3383212361928,896.6954434320377,896.6954434320377,414.60115060979456,414.60115060979456,414.60115060979456,-4.846181999948286,-4.846181999948286,-4.846181999948286,419.44733260974283,419.44733260974283,419.44733260974283,0.0,0.0,0.0,1311.2965940418321
2021-05-14,896.6849323354862,1047.205650264722,1535.5830848163378,896.6849323354862,896.6849323354862,397.0664362262778,397.0664362262778,397.0664362262778,-26.348946947646773,-26.348946947646773,-26.348946947646773,423.41538317392457,423.41538317392457,423.41538317392457,0.0,0.0,0.0,1293.7513685617641
2021-05-15,896.674421238935,1079.9849350546688,1572.403560497311,896.674421238935,896.674421238935,432.3619847469998,432.3619847469998,432.3619847469998,5.516960428098539,5.516960428098539,5.516960428098539,426.84502431890127,426.84502431890127,426.84502431890127,0.0,0.0,0.0,1329.0364059859348
2021-05-16,896.6639101423835,1096.1242048028416,1559.8038635486976,896.6639101423835,896.6639101423835,439.4832711684128,439.4832711684128,439.4832711684128,9.75777878339224,9.75777878339224,9.75777878339224,429.7254923850205,429.7254923850205,429.7254923850205,0.0,0.0,0.0,1336.1471813107964
2021-05-17,896.6533990458322,1106.6525938778373,1605.3175672956575,896.6533990458322,896.6533990458322,447.3744450920284,447.3744450920284,447.3744450920284,15.325618498912565,15.325618498912565,15.325618498912565,432.0488265931158,432.0488265931158,432.0488265931158,0.0,0.0,0.0,1344.0278441378605
2021-05-18,896.6428879492809,1106.7919034056786,1578.6354870574355,896.6428879492809,896.6428879492809,416.217150823455,416.217150823455,416.217150823455,-17.592997133743875,-17.592997133743875,-17.592997133743875,433.8101479571988,433.8101479571988,433.8101479571988,0.0,0.0,0.0,1312.8600387727358
2021-05-19,896.6323768527295,1105.3759014390623,1581.7771708733267,896.6323768527295,896.6323768527295,453.19570947125044,453.19570947125044,453.19570947125044,18.187768370937984,18.187768370937984,18.187768370937984,435.00794110031245,435.00794110031245,435.00794110031245,0.0,0.0,0.0,1349.82808632398
2021-05-20,896.6218657561782,1072.2225056767256,1578.0385529977061,896.6218657561782,896.6218657561782,430.7981484740937,430.7981484740937,430.7981484740937,-4.846181999949327,-4.846181999949327,-4.846181999949327,435.644330474043,435.644330474043,435.644330474043,0.0,0.0,0.0,1327.4200142302718
2021-05-21,896.6113546596268,1068.9575614606065,1550.2004402766952,896.6113546596268,896.6113546596268,409.3763946319633,409.3763946319633,409.3763946319633,-26.34894694765888,-26.34894694765888,-26.34894694765888,435.7253415796222,435.7253415796222,435.7253415796222,0.0,0.0,0.0,1305.9877492915903
2021-05-22,896.6008435630754,1088.9777827813682,1573.8637904267146,896.6008435630754,896.6008435630754,440.77809763858863,440.77809763858863,440.77809763858863,5.5169604280677,5.5169604280677,5.5169604280677,435.2611372105209,435.2611372105209,435.2611372105209,0.0,0.0,0.0,1337.378941201664
2021-05-23,896.590332466524,1092.4577437502885,1594.477742714219,896.590332466524,896.590332466524,444.0239972947237,444.0239972947237,444.0239972947237,9.757778783424458,9.757778783424458,9.757778783424458,434.26621851129926,434.26621851129926,434.26621851129926,0.0,0.0,0.0,1340.6143297612477
2021-05-24,896.5798213699727,1106.1303849793414,1597.0563287296925,896.5798213699727,896.5798213699727,448.0851992882514,448.0851992882514,448.0851992882514,15.325618498894519,15.325618498894519,15.325618498894519,432.75958078935685,432.75958078935685,432.75958078935685,0.0,0.0,0.0,1344.665020658224
2021-05-25,896.5693102734213,1047.7755746428065,1534.53593785491,896.5693102734213,896.5693102734213,413.1718173950977,413.1718173950977,413.1718173950977,-17.592997133765458,-17.592997133765458,-17.592997133765458,430.76481452886316,430.76481452886316,430.76481452886316,0.0,0.0,0.0,1309.7411276685189
2021-05-26,896.55879917687,1091.3011354825608,1591.294341085672,896.55879917687,896.55879917687,446.4979112972675,446.4979112972675,446.4979112972675,18.187768370962644,18.187768370962644,18.187768370962644,428.3101429263048,428.3101429263048,428.3101429263048,0.0,0.0,0.0,1343.0567104741376
2021-05-27,896.5482880803186,1082.786833449408,1560.1641248233595,896.5482880803186,896.5482880803186,420.5822064723855,420.5822064723855,420.5822064723855,-4.84618199995037,-4.84618199995037,-4.84618199995037,425.4283884723359,425.4283884723359,425.4283884723359,0.0,0.0,0.0,1317.130494552704
2021-06-01,896.4957325975619,1038.930587732218,1537.3776204290084,896.4957325975619,896.4957325975619,388.47033341037763,388.47033341037763,388.47033341037763,-17.592997133754423,-17.592997133754423,-17.592997133754423,406.0633305441321,406.0633305441321,406.0633305441321,0.0,0.0,0.0,1284.9660660079394
2021-06-02,896.4852215010105,1080.2584739806978,1566.3682360214093,896.4852215010105,896.4852215010105,419.7294406969008,419.7294406969008,419.7294406969008,18.187768370953197,18.187768370953197,18.187768370953197,401.54167232594756,401.54167232594756,401.54167232594756,0.0,0.0,0.0,1316.2146621979114
2021-06-03,896.4747104044591,1049.913504226426,1524.5385311502985,896.4747104044591,896.4747104044591,392.0856891954061,392.0856891954061,392.0856891954061,-4.84618200004043,-4.84618200004043,-4.84618200004043,396.93187119544643,396.93187119544643,396.93187119544643,0.0,0.0,0.0,1288.5603995998651
2021-06-04,896.4641993079077,998.4473430179826,1520.3144941684802,896.4641993079077,896.4641993079077,365.9437930767157,365.9437930767157,365.9437930767157,-26.348946947613676,-26.348946947613676,-26.348946947613676,392.29274002432936,392.29274002432936,392.29274002432936,0.0,0.0,0.0,1262.4079923846234
2021-06-05,896.4536882113564,1039.7785113847924,1522.4100434152924,896.4536882113564,896.4536882113564,393.20081561804625,393.20081561804625,393.20081561804625,5.516960428008646,5.516960428008646,5.516960428008646,387.6838551900376,387.6838551900376,387.6838551900376,0.0,0.0,0.0,1289.6545038294025
2021-06-06,896.443177114805,1029.2322177294309,1536.627335140209,896.443177114805,896.443177114805,392.9225903248248,392.9225903248248,392.9225903248248,9.757778783404525,9.757778783404525,9.757778783404525,383.16481154142025,383.16481154142025,383.16481154142025,0.0,0.0,0.0,1289.36576743963
2021-06-07,896.4326660182536,1042.612073367523,1555.8926222556547,896.4326660182536,896.4326660182536,394.12006757719524,394.12006757719524,394.12006757719524,15.325618498858427,15.325618498858427,15.325618498858427,378.7944490783368,378.7944490783368,378.7944490783368,0.0,0.0,0.0,1290.552733595449
2021-06-08,896.4221549217025,1007.3436691517757,1504.64379261898,896.4221549217025,896.4221549217025,357.0370679828193,357.0370679828193,357.0370679828193,-17.592997133776006,-17.592997133776006,-17.592997133776006,374.6300651165953,374.6300651165953,374.6300651165953,0.0,0.0,0.0,1253.4592229045218
2021-06-09,896.4116438416528,1046.7256065566785,1544.297530809114,896.4116438416528,896.4116438416528,388.91439464638063,388.91439464638063,388.91439464638063,18.187768371014386,18.187768371014386,18.187768371014386,370.7266262753663,370.7266262753663,370.7266262753663,0.0,0.0,0.0,1285.3260384880334
2021-06-10,896.4011327616033,1011.1350791671817,1497.996297173627,896.4011327616033,896.4011327616033,362.28981282307876,362.28981282307876,362.28981282307876,-4.846181999952455,-4.846181999952455,-4.846181999952455,367.1359948230312,367.1359948230312,367.1359948230312,0.0,0.0,0.0,1258.6909455846821
2021-06-11,896.3906216815537,999.2659365510874,1483.8043847245713,896.3906216815537,896.3906216815537,337.5572367955235,337.5572367955235,337.5572367955235,-26.34894694763596,-26.34894694763596,-26.34894694763596,363.9061837431595,363.9061837431595,363.9061837431595,0.0,0.0,0.0,1233.9478584770773
2021-06-12,896.3801106015043,1000.892192993629,1513.4776902001997,896.3801106015043,896.3801106015043,366.5976147761604,366.5976147761604,366.5976147761604,5.516960428124593,5.516960428124593,5.516960428124593,361.0806543480358,361.0806543480358,361.0806543480358,0.0,0.0,0.0,1262.9777253776647
2021-06-13,896.3695995214547,1010.3152297378202,1501.8198456318075,896.3695995214547,896.3695995214547,368.4554481752224,368.4554481752224,368.4554481752224,9.757778783395446,9.757778783395446,9.757778783395446,358.69766939182693,358.69766939182693,358.69766939182693,0.0,0.0,0.0,1264.825047696677
2021-06-14,896.359088441405,1015.1258287268926,1521.060479092015,896.359088441405,896.359088441405,372.1153319484858,372.1153319484858,372.1153319484858,15.3256184988387,15.3256184988387,15.3256184988387,356.7897134496471,356.7897134496471,356.7897134496471,0.0,0.0,0.0,1268.4744203898908
2021-06-15,896.3485773613555,988.6109832559032,1492.5833865401553,896.3485773613555,896.3485773613555,337.78999374162913,337.78999374162913,337.78999374162913,-17.592997133759322,-17.592997133759322,-17.592997133759322,355.38299087538843,355.38299087538843,355.38299087538843,0.0,0.0,0.0,1234.1385711029848
2021-06-16,896.3380662813059,1028.8937672208212,1524.7023852640662,896.3380662813059,896.3380662813059,372.6847783463942,372.6847783463942,372.6847783463942,18.187768371075578,18.187768371075578,18.187768371075578,354.49700997531863,354.49700997531863,354.49700997531863,0.0,0.0,0.0,1269.0228446277001
2021-06-17,896.3275552012565,1017.6883313632837,1497.5087335745511,896.3275552012565,896.3275552012565,349.29807819203404,349.29807819203404,349.29807819203404,-4.846181999925172,-4.846181999925172,-4.846181999925172,354.1442601919592,354.1442601919592,354.1442601919592,0.0,0.0,0.0,1245.6256333932906
2021-06-18,896.3170441212068,978.3126629194035,1458.2569096606635,896.3170441212068,896.3170441212068,327.9810401921879,327.9810401921879,327.9810401921879,-26.348946947737833,-26.348946947737833,-26.348946947737833,354.3299871399258,354.3299871399258,354.3299871399258,0.0,0.0,0.0,1224.2980843133946
2021-06-19,896.3065330411573,1001.9917525530329,1498.0749556442647,896.3065330411573,896.3065330411573,360.5690287612029,360.5690287612029,360.5690287612029,5.516960428095067,5.516960428095067,5.516960428095067,355.05206833310785,355.05206833310785,355.05206833310785,0.0,0.0,0.0,1256.8755618023602
2021-06-20,896.2960219611077,1002.5275864265443,1503.1895384188351,896.2960219611077,896.2960219611077,366.05876923141693,366.05876923141693,366.05876923141693,9.757778783427668,9.757778783427668,9.757778783427668,356.30099044798925,356.30099044798925,356.30099044798925,0.0,0.0,0.0,1262.3547911925248
2021-06-21,896.2855108810583,1029.302297835724,1523.8406584988766,896.2855108810583,896.2855108810583,373.3855455386536,373.3855455386536,373.3855455386536,15.325618498822337,15.325618498822337,15.325618498822337,358.0599270398313,358.0599270398313,358.0599270398313,0.0,0.0,0.0,1269.671056419712
2021-06-22,896.2749998010087,985.0833167531516,1495.440827892297,896.2749998010087,896.2749998010087,342.71191668371927,342.71191668371927,342.71191668371927,-17.592997133786554,-17.592997133786554,-17.592997133786554,360.3049138175058,360.3049138175058,360.3049138175058,0.0,0.0,0.0,1238.986916484728
2021-06-23,896.264488720959,1020.8719013536802,1529.5615643021583,896.264488720959,896.264488720959,381.192885307469,381.192885307469,381.192885307469,18.187768370995496,18.187768370995496,18.187768370995496,363.0051169364735,363.0051169364735,363.0051169364735,0.0,0.0,0.0,1277.457374028428
2021-06-24,896.2539776409095,1003.7782866836143,1496.1399639404763,896.2539776409095,896.2539776409095,361.27700632591507,361.27700632591507,361.27700632591507,-4.846181999926215,-4.846181999926215,-4.846181999926215,366.1231883258413,366.1231883258413,366.1231883258413,0.0,0.0,0.0,1257.5309839668246
2021-06-25,896.2434665608599,996.9736583916663,1502.3880243082294,896.2434665608599,896.2434665608599,343.2667539072675,343.2667539072675,343.2667539072675,-26.34894694767035,-26.34894694767035,-26.34894694767035,369.6157008549378,369.6157008549378,369.6157008549378,0.0,0.0,0.0,1239.5102204681275
2021-06-26,896.2329554808105,1027.9946868555367,1512.208601657453,896.2329554808105,896.2329554808105,378.95061561532304,378.95061561532304,378.95061561532304,5.516960428138278,5.516960428138278,5.516960428138278,373.43365518718474,373.43365518718474,373.43365518718474,0.0,0.0,0.0,1275.1835710961336
2021-06-27,896.2224444007608,1030.2416606206807,1539.5175010507012,896.2224444007608,896.2224444007608,387.2808282589083,387.2808282589083,387.2808282589083,9.757778783459887,9.757778783459887,9.757778783459887,377.5230494754484,377.5230494754484,377.5230494754484,0.0,0.0,0.0,1283.5032726596692
2021-07-01,896.1804000805627,1038.2013629964388,1525.56271578252,896.1804000805627,896.1804000805627,390.52978209892524,390.52978209892524,390.52978209892524,-4.846182000016272,-4.846182000016272,-4.846182000016272,395.37596409894144,395.37596409894144,395.37596409894144,0.0,0.0,0.0,1286.710182179488
2021-07-02,896.1698890005131,1005.7331189530572,1512.909601070986,896.1698890005131,896.1698890005131,373.5343331706326,373.5343331706326,373.5343331706326,-26.34894694769263,-26.34894694769263,-26.34894694769263,399.8832801183252,399.8832801183252,399.8832801183252,0.0,0.0,0.0,1269.7042221711456
2021-07-03,896.1593779204635,1048.1907569612486,1566.1602897186726,896.1593779204635,896.1593779204635,409.78740547708225,409.78740547708225,409.78740547708225,5.516960428034703,5.516960428034703,5.516960428034703,404.2704450490475,404.2704450490475,404.2704450490475,0.0,0.0,0.0,1305.9467833975457
2021-07-04,896.1488668404139,1060.61225000782,1547.072626256279,896.1488668404139,896.1488668404139,418.22550118610366,418.22550118610366,418.22550118610366,9.757778783409508,9.757778783409508,9.757778783409508,408.46772240269416,408.46772240269416,408.46772240269416,0.0,0.0,0.0,1314.3743680265175
2021-07-05,896.1383557603644,1092.5185513092654,1562.8369682685206,896.1383557603644,896.1383557603644,427.7317135906391,427.7317135906391,427.7317135906391,15.325618498887742,15.325618498887742,15.325618498887742,412.4060950917514,412.4060950917514,412.4060950917514,0.0,0.0,0.0,1323.8700693510036
2021-07-06,896.1278446803149,1054.6688923005663,1529.4689488615177,896.1278446803149,896.1278446803149,398.4250058586195,398.4250058586195,398.4250058586195,-17.592997133791453,-17.592997133791453,-17.592997133791453,416.0180029924109,416.0180029924109,416.0180029924109,0.0,0.0,0.0,1294.5528505389343
2021-07-07,896.1173336002653,1083.910099732838,1581.1230387031137,896.1173336002653,896.1173336002653,437.4258319416136,437.4258319416136,437.4258319416136,18.187768371047238,18.187768371047238,18.187768371047238,419.23806357056634,419.23806357056634,419.23806357056634,0.0,0.0,0.0,1333.5431655418788
2021-07-08,896.1068225202157,1099.9236195187505,1570.0798221113707,896.1068225202157,896.1068225202157,417.1575887615539,417.1575887615539,417.1575887615539,-4.8461820001063325,-4.8461820001063325,-4.8461820001063325,422.0037707616602,422.0037707616602,422.0037707616602,0.0,0.0,0.0,1313.2644112817695
2021-07-09,896.0963114401662,1033.1136736573394,1559.9396020284166,896.0963114401662,896.0963114401662,397.90722082409945,397.90722082409945,397.90722082409945,-26.348946947625148,-26.348946947625148,-26.348946947625148,424.25616777172456,424.25616777172456,424.25616777172456,0.0,0.0,0.0,1294.0035322642657
2021-07-10,896.0858003601167,1092.5434634448825,1575.0949700317508,896.0858003601167,896.0858003601167,431.45745023956135,431.45745023956135,431.45745023956135,5.516960428077912,5.516960428077912,5.516960428077912,425.9404898114835,425.9404898114835,425.9404898114835,0.0,0.0,0.0,1327.543250599678
2021-07-11,896.0752892800671,1074.3357635850746,1577.6424312254303,896.0752892800671,896.0752892800671,436.7645517529186,436.7645517529186,436.7645517529186,9.75777878344173,9.75777878344173,9.75777878344173,427.00677296947686,427.00677296947686,427.00677296947686,0.0,0.0,0.0,1332.8398410329855
2021-07-12,896.0647782000175,1091.717082292604,1580.2716159760091,896.0647782000175,896.0647782000175,442.73604397131743,442.73604397131743,442.73604397131743,15.325618498868012,15.325618498868012,15.325618498868012,427.4104254724494,427.4104254724494,427.4104254724494,0.0,0.0,0.0,1338.8008221713349
2021-07-13,896.054267119968,1046.0632635132927,1554.7224688421052,896.054267119968,896.054267119968,409.5197603378326,409.5197603378326,409.5197603378326,-17.592997133774762,-17.592997133774762,-17.592997133774762,427.1127574716073,427.1127574716073,427.1127574716073,0.0,0.0,0.0,1305.5740274578006
2021-07-14,896.0437560399184,1099.3215554686808,1581.7106874501694,896.0437560399184,896.0437560399184,444.2692336203428,444.2692336203428,444.2692336203428,18.18776837100126,18.18776837100126,18.18776837100126,426.08146524934153,426.08146524934153,426.08146524934153,0.0,0.0,0.0,1340.3129896602613
2021-07-15,896.0332449598689,1072.166103752038,1566.0720450131444,896.0332449598689,896.0332449598689,419.444883384989,419.444883384989,419.444883384989,-4.846181999811998,-4.846181999811998,-4.846181999811998,424.291065384801,424.291065384801,424.291065384801,0.0,0.0,0.0,1315.4781283448579
2021-07-16,896.0227338798193,1032.9869478424919,1529.8586585420592,896.0227338798193,896.0227338798193,395.3743270341191,395.3743270341191,395.3743270341191,-26.348946947737193,-26.348946947737193,-26.348946947737193,421.72327398185627,421.72327398185627,421.72327398185627,0.0,0.0,0.0,1291.3970609139383
2021-07-17,896.0122227997697,1071.7672422798182,1565.9385378147979,896.0122227997697,896.0122227997697,423.88428601696313,423.88428601696313,423.88428601696313,5.516960428048387,5.516960428048387,5.516960428048387,418.3673255889148,418.3673255889148,418.3673255889148,0.0,0.0,0.0,1319.8965088167329
2021-07-18,896.0017117197202,1067.381674566769,1567.9455402045764,896.0017117197202,896.0017117197202,423.978004757239,423.978004757239,423.978004757239,9.75777878343265,9.75777878343265,9.75777878343265,414.2202259738064,414.2202259738064,414.2202259738064,0.0,0.0,0.0,1319.9797164769593
2021-07-19,895.9912006396706,1067.7749378702047,1573.6735947357854,895.9912006396706,895.9912006396706,424.61255100866003,424.61255100866003,424.61255100866003,15.325618498951465,15.325618498951465,15.325618498951465,409.2869325097086,409.2869325097086,409.2869325097086,0.0,0.0,0.0,1320.6037516483307
2021-07-20,895.980689559621,1039.6370247499638,1544.2423166251522,895.980689559621,895.980689559621,385.9874584958444,385.9874584958444,385.9874584958444,-17.592997133796345,-17.592997133796345,-17.592997133796345,403.58045562964077,403.58045562964077,403.58045562964077,0.0,0.0,0.0,1281.9681480554655
2021-07-21,895.9701784795715,1085.3293464878,1569.8409239748728,895.9701784795715,895.9701784795715,415.30964304513304,415.30964304513304,415.30964304513304,18.187768370991815,18.187768370991815,18.187768370991815,397.12187467414117,397.12187467414117,397.12187467414117,0.0,0.0,0.0,1311.2798215247044
2021-07-22,895.959667399522,1036.0522360993039,1532.0720560923046,895.959667399522,895.959667399522,385.09407953449784,385.09407953449784,385.09407953449784,-4.846181999813041,-4.846181999813041,-4.846181999813041,389.94026153431093,389.94026153431093,389.94026153431093,0.0,0.0,0.0,1281.0537469340197
2021-07-23,895.9491563194724,992.4049290260314,1476.7676838373745,895.9491563194724,895.9491563194724,355.72355888203344,355.72355888203344,355.72355888203344,-26.348946947669706,-26.348946947669706,-26.348946947669706,382.0725058297031,382.0725058297031,382.0725058297031,0.0,0.0,0.0,1251.672715201506
2021-07-24,895.9386452394228,1026.500538215433,1503.8379235263062,895.9386452394228,895.9386452394228,379.07999641972555,379.07999641972555,379.07999641972555,5.516960428091596,5.516960428091596,5.516960428091596,373.56303599163397,373.56303599163397,373.56303599163397,0.0,0.0,0.0,1275.0186416591484
2021-07-25,895.9281341593733,1014.2214470375594,1502.3037675576138,895.9281341593733,895.9281341593733,374.22121036019564,374.22121036019564,374.22121036019564,9.757778783421797,9.757778783421797,9.757778783421797,364.4634315767738,364.4634315767738,364.4634315767738,0.0,0.0,0.0,1270.1493445195688
2021-07-26,895.9176230793237,1020.4131499290886,1514.0801105716037,895.9176230793237,895.9176230793237,370.15754192987424,370.15754192987424,370.15754192987424,15.325618498933418,15.325618498933418,15.325618498933418,354.83192343094083,354.83192343094083,354.83192343094083,0.0,0.0,0.0,1266.075165009198
2021-07-27,895.9071119992742,965.5052040889299,1464.7715864458728,895.9071119992742,895.9071119992742,327.13978282718256,327.13978282718256,327.13978282718256,-17.59299713374139,-17.59299713374139,-17.59299713374139,344.732779960924,344.732779960924,344.732779960924,0.0,0.0,0.0,1223.0468948264568
2021-08-01,895.8545565990264,952.8249925938734,1440.5620346554551,895.8545565990264,895.8545565990264,299.55155453857554,299.55155453857554,299.55155453857554,9.757778783412718,9.757778783412718,9.757778783412718,289.7937757551628,289.7937757551628,289.7937757551628,0.0,0.0,0.0,1195.406111137602
2021-08-02,895.8440455189769,936.0927329598165,1425.4667910197968,895.8440455189769,895.8440455189769,293.7970487547634,293.7970487547634,293.7970487547634,15.325618498915373,15.325618498915373,15.325618498915373,278.471430255848,278.471430255848,278.471430255848,0.0,0.0,0.0,1189.6410942737402
2021-08-03,895.8335344389272,890.5408868667606,1397.1694650790732,895.8335344389272,895.8335344389272,249.63315196122468,249.63315196122468,249.63315196122468,-17.592997133762974,-17.592997133762974,-17.592997133762974,267.2261490949877,267.2261490949877,267.2261490949877,0.0,0.0,0.0,1145.466686400152
2021-08-04,895.8230233588777,931.7692015508026,1436.3761649835149,895.8230233588777,895.8230233588777,274.3237428065136,274.3237428065136,274.3237428065136,18.187768371043557,18.187768371043557,18.187768371043557,256.13597443547,256.13597443547,256.13597443547,0.0,0.0,0.0,1170.1467661653912
2021-08-05,895.8125122788282,889.1279246844618,1405.0913359715523,895.8125122788282,895.8125122788282,240.429041612306,240.429041612306,240.429041612306,-4.846181999993159,-4.846181999993159,-4.846181999993159,245.27522361229916,245.27522361229916,245.27522361229916,0.0,0.0,0.0,1136.2415538911341
2021-08-06,895.8020011987786,871.1928411925719,1334.289939192977,895.8020011987786,895.8020011987786,208.36423706727848,208.36423706727848,208.36423706727848,-26.348946947704096,-26.348946947704096,-26.348946947704096,234.71318401498257,234.71318401498257,234.71318401498257,0.0,0.0,0.0,1104.166238266057
2021-08-07,895.7914901258395,879.2971891417221,1392.7140284061484,895.7914901258395,895.7914901258395,230.0298038666572,230.0298038666572,230.0298038666572,5.516960428178017,5.516960428178017,5.516960428178017,224.5128434384792,224.5128434384792,224.5128434384792,0.0,0.0,0.0,1125.8212939924967
2021-08-08,895.7809790529002,864.2585279678427,1371.6315405568942,895.7809790529002,895.7809790529002,224.48746242242078,224.48746242242078,224.48746242242078,9.757778783403635,9.757778783403635,9.757778783403635,214.72968363901714,214.72968363901714,214.72968363901714,0.0,0.0,0.0,1120.268441475321
2021-08-09,895.770467979961,845.6956910011637,1364.1514994928348,895.770467979961,895.770467979961,220.73618409489643,220.73618409489643,220.73618409489643,15.325618498895643,15.325618498895643,15.325618498895643,205.41056559600077,205.41056559600077,205.41056559600077,0.0,0.0,0.0,1116.5066520748574
2021-08-10,895.7599569070219,838.2806268374095,1337.3522519784012,895.7599569070219,895.7599569070219,178.99973793199618,178.99973793199618,178.99973793199618,-17.59299713379021,-17.59299713379021,-17.59299713379021,196.5927350657864,196.5927350657864,196.5927350657864,0.0,0.0,0.0,1074.759694839018
2021-08-11,895.7494458340827,865.8646402984244,1346.5098568496362,895.7494458340827,895.7494458340827,206.49074473019374,206.49074473019374,206.49074473019374,18.18776837110475,18.18776837110475,18.18776837110475,188.302976359089,188.302976359089,188.302976359089,0.0,0.0,0.0,1102.2401905642764
2021-08-12,895.7389347611435,813.1654591919998,1330.6589509599341,895.7389347611435,895.7389347611435,175.71075884325387,175.71075884325387,175.71075884325387,-4.846181999994202,-4.846181999994202,-4.846181999994202,180.55694084324807,180.55694084324807,180.55694084324807,0.0,0.0,0.0,1071.4496936043975
2021-08-13,895.7284236882043,785.8250403501418,1280.2789361134157,895.7284236882043,895.7284236882043,147.0097274913771,147.0097274913771,147.0097274913771,-26.34894694772638,-26.34894694772638,-26.34894694772638,173.35867443910348,173.35867443910348,173.35867443910348,0.0,0.0,0.0,1042.7381511795813
2021-08-14,895.7179126152652,830.5799867430461,1293.2611521661534,895.7179126152652,895.7179126152652,172.2173257859034,172.2173257859034,172.2173257859034,5.516960428148489,5.516960428148489,5.516960428148489,166.70036535775492,166.70036535775492,166.70036535775492,0.0,0.0,0.0,1067.9352384011686
2021-08-15,895.707401542326,818.4185909996803,1316.916525749354,895.707401542326,895.707401542326,170.3201083117827,170.3201083117827,170.3201083117827,9.757778783392782,9.757778783392782,9.757778783392782,160.5623295283899,160.5623295283899,160.5623295283899,0.0,0.0,0.0,1066.0275098541088
2021-08-16,895.6968904693869,801.990896417424,1313.4931098218476,895.6968904693869,895.6968904693869,170.23886515859854,170.23886515859854,170.23886515859854,15.325618498875913,15.325618498875913,15.325618498875913,154.91324665972266,154.91324665972266,154.91324665972266,0.0,0.0,0.0,1065.9357556279854
2021-08-17,895.6863793964477,755.8289860653186,1267.3510415170178,895.6863793964477,895.6863793964477,132.11765759379978,132.11765759379978,132.11765759379978,-17.592997133773522,-17.592997133773522,-17.592997133773522,149.71065472757329,149.71065472757329,149.71065472757329,0.0,0.0,0.0,1027.8040369902474
2021-08-18,895.6758683235086,798.4216889063617,1308.1914024452653,895.6758683235086,895.6758683235086,163.08947336180992,163.08947336180992,163.08947336180992,18.1877683709175,18.1877683709175,18.1877683709175,144.9017049908924,144.9017049908924,144.9017049908924,0.0,0.0,0.0,1058.7653416853184
2021-08-19,895.6653572505693,784.2498046239867,1277.2188276667202,895.6653572505693,895.6653572505693,135.57799153039724,135.57799153039724,135.57799153039724,-4.8461819999952445,-4.8461819999952445,-4.8461819999952445,140.42417353039247,140.42417353039247,140.42417353039247,0.0,0.0,0.0,1031.2433487809665
2021-08-20,895.6548461776301,747.1671031031256,1247.7665781438732,895.6548461776301,895.6548461776301,109.8587719689226,109.8587719689226,109.8587719689226,-26.348946947658895,-26.348946947658895,-26.348946947658895,136.20771891658148,136.20771891658148,136.20771891658148,0.0,0.0,0.0,1005.5136181465527
2021-08-21,895.644335104691,779.924245756034,1259.3204812470203,895.644335104691,895.644335104691,137.69232953366406,137.69232953366406,137.69232953366406,5.516960428044914,5.516960428044914,5.516960428044914,132.17536910561915,132.17536910561915,132.17536910561915,0.0,0.0,0.0,1033.3366646383552
2021-08-22,895.6338240317518,768.9201367213284,1283.1439565851313,895.6338240317518,895.6338240317518,138.0029929851642,138.0029929851642,138.0029929851642,9.757778783425003,9.757778783425003,9.757778783425003,128.24521420173923,128.24521420173923,128.24521420173923,0.0,0.0,0.0,1033.636817016916
2021-08-23,895.6233129588126,783.1896268822545,1276.6740168469623,895.6233129588126,895.6233129588126,139.65789398901842,139.65789398901842,139.65789398901842,15.325618498857864,15.325618498857864,15.325618498857864,124.33227549016055,124.33227549016055,124.33227549016055,0.0,0.0,0.0,1035.281206947831
2021-08-24,895.6128018858734,765.3883861025392,1223.0812850859531,895.6128018858734,895.6128018858734,102.75751818225602,102.75751818225602,102.75751818225602,-17.59299713375684,-17.59299713375684,-17.59299713375684,120.35051531601286,120.35051531601286,120.35051531601286,0.0,0.0,0.0,998.3703200681294
2021-08-25,895.6022908129343,790.9668968324419,1288.6878066162237,895.6022908129343,895.6022908129343,134.40271551308638,134.40271551308638,134.40271551308638,18.18776837097869,18.18776837097869,18.18776837097869,116.21494714210769,116.21494714210769,116.21494714210769,0.0,0.0,0.0,1030.0050063260205
2021-08-26,895.5917797399951,741.0256871080398,1256.0470443079605,895.5917797399951,895.5917797399951,106.99761863033488,106.99761863033488,106.99761863033488,-4.846181999878943,-4.846181999878943,-4.846181999878943,111.84380063021383,111.84380063021383,111.84380063021383,0.0,0.0,0.0,1002.58939837033
2021-08-27,895.5812686670558,725.3459715100192,1242.9306726914615,895.5812686670558,895.5812686670558,80.81174607447124,80.81174607447124,80.81174607447124,-26.348946947591415,-26.348946947591415,-26.348946947591415,107.16069302206267,107.16069302206267,107.16069302206267,0.0,0.0,0.0,976.393014741527
2021-09-01,895.5287133023601,735.6137310408541,1227.3233969612556,895.5287133023601,895.5287133023601,95.21509988097581,95.21509988097581,95.21509988097581,18.18776837096924,18.18776837096924,18.18776837096924,77.02733151000659,77.02733151000659,77.02733151000659,0.0,0.0,0.0,990.7438131833359
2021-09-02,895.5182022294208,737.5437634342982,1194.250763846945,895.5182022294208,895.5182022294208,64.57522405706578,64.57522405706578,64.57522405706578,-4.846181999969005,-4.846181999969005,-4.846181999969005,69.4214060570348,69.4214060570348,69.4214060570348,0.0,0.0,0.0,960.0934262864866
2021-09-03,895.5076911564817,666.8634699862678,1152.6408639365384,895.5076911564817,895.5076911564817,34.93060399798889,34.93060399798889,34.93060399798889,-26.348946947613687,-26.348946947613687,-26.348946947613687,61.27955094560258,61.27955094560258,61.27955094560258,0.0,0.0,0.0,930.4382951544706
2021-09-04,895.4971800835424,709.7939297491506,1198.801197180629,895.4971800835424,895.4971800835424,58.14744734964137,58.14744734964137,58.14744734964137,5.516960428131333,5.516960428131333,5.516960428131333,52.63048692151003,52.63048692151003,52.63048692151003,0.0,0.0,0.0,953.6446274331838
2021-09-05,895.4866690106034,676.5518768829834,1189.158320693335,895.4866690106034,895.4866690106034,53.277637024885685,53.277637024885685,53.277637024885685,9.757778783406843,9.757778783406843,9.757778783406843,43.51985824147885,43.51985824147885,43.51985824147885,0.0,0.0,0.0,948.7643060354891
2021-09-06,895.4761579376641,687.1706187681846,1201.3555620817365,895.4761579376641,895.4761579376641,49.3354794366767,49.3354794366767,49.3354794366767,15.325618498923273,15.325618498923273,15.325618498923273,34.00986093775342,34.00986093775342,34.00986093775342,0.0,0.0,0.0,944.8116373743408
2021-09-07,895.4656468647249,657.3680310714008,1161.6161872426421,895.4656468647249,895.4656468647249,6.585457320384862,6.585457320384862,6.585457320384862,-17.592997133799994,-17.592997133799994,-17.592997133799994,24.17845445418486,24.17845445418486,24.17845445418486,0.0,0.0,0.0,902.0511041851098
2021-09-08,895.4551357917857,684.326205775308,1170.611744980849,895.4551357917857,895.4551357917857,32.3059276585905,32.3059276585905,32.3059276585905,18.18776837103043,18.18776837103043,18.18776837103043,14.118159287560074,14.118159287560074,14.118159287560074,0.0,0.0,0.0,927.7610634503761
2021-09-09,895.4446247188466,640.7835824628419,1139.4190522227734,895.4446247188466,895.4446247188466,-0.9117284663342354,-0.9117284663342354,-0.9117284663342354,-4.846181999881032,-4.846181999881032,-4.846181999881032,3.934453533546796,3.934453533546796,3.934453533546796,0.0,0.0,0.0,894.5328962525124
2021-09-10,895.4341136459074,615.5436998925256,1109.2989968542129,895.4341136459074,895.4341136459074,-32.605155370949745,-32.605155370949745,-32.605155370949745,-26.348946947635973,-26.348946947635973,-26.348946947635973,-6.25620842331377,-6.25620842331377,-6.25620842331377,0.0,0.0,0.0,862.8289582749576
2021-09-11,895.4236025729682,618.8269092125905,1135.6012730479683,895.4236025729682,895.4236025729682,-10.811761260755805,-10.811761260755805,-10.811761260755805,5.516960428027759,5.516960428027759,5.516960428027759,-16.328721688783563,-16.328721688783563,-16.328721688783563,0.0,0.0,0.0,884.6118413122124
2021-09-12,895.413091500029,621.375184339342,1113.6633899279796,895.413091500029,895.413091500029,-16.394179247191087,-16.394179247191087,-16.394179247191087,9.757778783397764,9.757778783397764,9.757778783397764,-26.15195803058885,-26.15195803058885,-26.15195803058885,0.0,0.0,0.0,879.0189122528379
2021-09-13,895.4025804270899,629.9382973274114,1130.5487921334325,895.4025804270899,895.4025804270899,-20.266023905954526,-20.266023905954526,-20.266023905954526,15.325618498903543,15.325618498903543,15.325618498903543,-35.59164240485807,-35.59164240485807,-35.59164240485807,0.0,0.0,0.0,875.1365565211354
2021-09-14,895.3920693541506,568.5850735655025,1079.5599512430513,895.3920693541506,895.3920693541506,-62.1064159543596,-62.1064159543596,-62.1064159543596,-17.592997133788966,-17.592997133788966,-17.592997133788966,-44.51341882057063,-44.51341882057063,-44.51341882057063,0.0,0.0,0.0,833.285653399791
2021-09-15,895.3815582812115,612.6504309701228,1116.369703925202,895.3815582812115,895.3815582812115,-34.59827039894113,-34.59827039894113,-34.59827039894113,18.187768371020987,18.187768371020987,18.187768371020987,-52.78603876996211,-52.78603876996211,-52.78603876996211,0.0,0.0,0.0,860.7832878822703
2021-09-16,895.3710472082723,566.326058608761,1086.5474090888604,895.3710472082723,895.3710472082723,-65.1307821350764,-65.1307821350764,-65.1307821350764,-4.84618199997109,-4.84618199997109,-4.84618199997109,-60.28460013510531,-60.28460013510531,-60.28460013510531,0.0,0.0,0.0,830.2402650731959
2021-09-17,895.3605361353332,549.4757023578184,1039.7626457583854,895.3605361353332,895.3605361353332,-93.24270773555689,-93.24270773555689,-93.24270773555689,-26.34894694764808,-26.34894694764808,-26.34894694764808,-66.8937607879088,-66.8937607879088,-66.8937607879088,0.0,0.0,0.0,802.1178283997763
2021-09-18,895.3500250623939,576.7671403556578,1069.960253797501,895.3500250623939,895.3500250623939,-66.99388874887472,-66.99388874887472,-66.99388874887472,5.516960428070968,5.516960428070968,5.516960428070968,-72.51084917694568,-72.51084917694568,-72.51084917694568,0.0,0.0,0.0,828.3561363135192
2021-09-19,895.3395139894548,578.7092903718358,1051.5440938668692,895.3395139894548,895.3395139894548,-67.29101536695165,-67.29101536695165,-67.29101536695165,9.757778783429988,9.757778783429988,9.757778783429988,-77.04879415038164,-77.04879415038164,-77.04879415038164,0.0,0.0,0.0,828.0484986225031
2021-09-20,895.3290029165156,580.8582367464994,1061.8286060460753,895.3290029165156,895.3290029165156,-65.11317965875904,-65.11317965875904,-65.11317965875904,15.325618498887183,15.325618498887183,15.325618498887183,-80.43879815764622,-80.43879815764622,-80.43879815764622,0.0,0.0,0.0,830.2158232577566
2021-09-21,895.3184918435765,538.8468519858759,1036.0586003382584,895.3184918435765,895.3184918435765,-100.2256789499059,-100.2256789499059,-100.2256789499059,-17.592997133734013,-17.592997133734013,-17.592997133734013,-82.6326818161719,-82.6326818161719,-82.6326818161719,0.0,0.0,0.0,795.0928128936705
2021-09-22,895.3079807706372,580.8777792396247,1079.5910951145386,895.3079807706372,895.3079807706372,-65.41706521445461,-65.41706521445461,-65.41706521445461,18.187768370975004,18.187768370975004,18.187768370975004,-83.6048335854296,-83.6048335854296,-83.6048335854296,0.0,0.0,0.0,829.8909155561826
2021-09-23,895.297469697698,577.4309146463098,1050.6400654600398,895.297469697698,895.297469697698,-88.19988786785596,-88.19988786785596,-88.19988786785596,-4.846181999972132,-4.846181999972132,-4.846181999972132,-83.35370586788385,-83.35370586788385,-83.35370586788385,0.0,0.0,0.0,807.097581829842
2021-09-24,895.2869586247589,530.1025820540247,1014.3237195399626,895.2869586247589,895.2869586247589,-108.25175506497708,-108.25175506497708,-108.25175506497708,-26.3489469475806,-26.3489469475806,-26.3489469475806,-81.90280811739646,-81.90280811739646,-81.90280811739646,0.0,0.0,0.0,787.0352035597818
2021-09-25,895.2764475518197,562.863335152167,1058.695643630882,895.2764475518197,895.2764475518197,-73.78419786393044,-73.78419786393044,-73.78419786393044,5.516960428041442,5.516960428041442,5.516960428041442,-79.30115829197189,-79.30115829197189,-79.30115829197189,0.0,0.0,0.0,821.4922496878893
2021-09-26,895.2659364788805,568.2315006880318,1092.4523408437883,895.2659364788805,895.2659364788805,-65.86538722493462,-65.86538722493462,-65.86538722493462,9.757778783420909,9.757778783420909,9.757778783420909,-75.62316600835553,-75.62316600835553,-75.62316600835553,0.0,0.0,0.0,829.4005492539459
2021-09-27,895.2554254059414,595.6714759096546,1072.2294702964255,895.2554254059414,895.2554254059414,-55.64231527347647,-55.64231527347647,-55.64231527347647,15.32561849886745,15.32561849886745,15.32561849886745,-70.96793377234393,-70.96793377234393,-70.96793377234393,0.0,0.0,0.0,839.613110132465
2021-10-01,895.2133811141847,567.7558662726342,1058.1383820406825,895.2133811141847,895.2133811141847,-71.68248344387307,-71.68248344387307,-71.68248344387307,-26.348946947692646,-26.348946947692646,-26.348946947692646,-45.333536496180436,-45.333536496180436,-45.333536496180436,0.0,0.0,0.0,823.5308976703117
2021-10-02,895.2028700412455,616.4198122086862,1112.4719394661597,895.2028700412455,895.2028700412455,-32.50539911070045,-32.50539911070045,-32.50539911070045,5.516960428157389,5.516960428157389,5.516960428157389,-38.022359538857835,-38.022359538857835,-38.022359538857835,0.0,0.0,0.0,862.6974709305451
2021-10-03,895.1923589683063,647.5613733368535,1124.9601214987968,895.1923589683063,895.1923589683063,-20.97983724709938,-20.97983724709938,-20.97983724709938,9.757778783410053,9.757778783410053,9.757778783410053,-30.73761603050943,-30.73761603050943,-30.73761603050943,0.0,0.0,0.0,874.2125217212069
2021-10-04,895.1818478953671,630.9307231779153,1139.343664108338,895.1818478953671,895.1818478953671,-8.360716762749897,-8.360716762749897,-8.360716762749897,15.325618498849405,15.325618498849405,15.325618498849405,-23.6863352615993,-23.6863352615993,-23.6863352615993,0.0,0.0,0.0,886.8211311326172
2021-10-05,895.1713368848369,592.0984555076476,1100.3464347631366,895.1713368848369,895.1713368848369,-34.66959164062827,-34.66959164062827,-34.66959164062827,-17.592997133777175,-17.592997133777175,-17.592997133777175,-17.07659450685109,-17.07659450685109,-17.07659450685109,0.0,0.0,0.0,860.5017452442087
2021-10-06,895.1608258743067,657.2473318350611,1149.453144304736,895.1608258743067,895.1608258743067,7.0745782792711935,7.0745782792711935,7.0745782792711935,18.187768371026745,18.187768371026745,18.187768371026745,-11.113190091755554,-11.113190091755554,-11.113190091755554,0.0,0.0,0.0,902.235404153578
2021-10-07,895.1503148637765,621.5733088142277,1126.0963676003828,895.1503148637765,895.1503148637765,-10.839471809953201,-10.839471809953201,-10.839471809953201,-4.846182000063234,-4.846182000063234,-4.846182000063234,-5.993289809889968,-5.993289809889968,-5.993289809889968,0.0,0.0,0.0,884.3108430538233
2021-10-08,895.1398038532465,601.4313652945702,1124.9536266184928,895.1398038532465,895.1398038532465,-28.25111482569139,-28.25111482569139,-28.25111482569139,-26.34894694761499,-26.34894694761499,-26.34894694761499,-1.9021678780763953,-1.9021678780763953,-1.9021678780763953,0.0,0.0,0.0,866.8886890275551
2021-10-09,895.1292928427163,652.3724059891654,1145.1941301939564,895.1292928427163,895.1292928427163,6.5078366793406275,6.5078366793406275,6.5078366793406275,5.516960428127862,5.516960428127862,5.516960428127862,0.9908762512127655,0.9908762512127655,0.9908762512127655,0.0,0.0,0.0,901.6371295220569
2021-10-10,895.1187818321862,655.5003745354906,1154.4412906843302,895.1187818321862,895.1187818321862,12.294095040752335,12.294095040752335,12.294095040752335,9.757778783400974,9.757778783400974,9.757778783400974,2.536316257351362,2.536316257351362,2.536316257351362,0.0,0.0,0.0,907.4128768729386
2021-10-11,895.108270821656,678.5496059815691,1164.6349619059292,895.108270821656,895.108270821656,17.933438875740293,17.933438875740293,17.933438875740293,15.325618498932856,15.325618498932856,15.325618498932856,2.607820376807438,2.607820376807438,2.607820376807438,0.0,0.0,0.0,913.0417096973963
2021-10-12,895.0977598111258,622.6614388156391,1126.2920639869205,895.0977598111258,895.0977598111258,-16.487788118644502,-16.487788118644502,-16.487788118644502,-17.59299713376049,-17.59299713376049,-17.59299713376049,1.1052090151159886,1.1052090151159886,1.1052090151159886,0.0,0.0,0.0,878.6099716924813
2021-10-13,895.0872488005957,673.7132308286733,1145.1312553924088,895.0872488005957,895.0872488005957,16.144639572570878,16.144639572570878,16.144639572570878,18.187768370946664,18.187768370946664,18.187768370946664,-2.0431287983757898,-2.0431287983757898,-2.0431287983757898,0.0,0.0,0.0,911.2318883731666
2021-10-14,895.0767377900655,623.8676308050486,1127.8086071327066,895.0767377900655,895.0767377900655,-11.724607847969253,-11.724607847969253,-11.724607847969253,-4.846181999946934,-4.846181999946934,-4.846181999946934,-6.878425848022318,-6.878425848022318,-6.878425848022318,0.0,0.0,0.0,883.3521299420963
2021-10-15,895.0662267795353,607.7813094273922,1098.1290588711634,895.0662267795353,895.0662267795353,-39.759333306713486,-39.759333306713486,-39.759333306713486,-26.348946947727036,-26.348946947727036,-26.348946947727036,-13.410386358986441,-13.410386358986441,-13.410386358986441,0.0,0.0,0.0,855.3068934728218
2021-10-16,895.0557157690051,622.0079956820002,1124.7312597790055,895.0557157690051,895.0557157690051,-16.09977171920358,-16.09977171920358,-16.09977171920358,5.5169604280983355,5.5169604280983355,5.5169604280983355,-21.616732147301914,-21.616732147301914,-21.616732147301914,0.0,0.0,0.0,878.9559440498016
2021-10-17,895.045204758475,634.9507058674956,1119.6928015070541,895.045204758475,895.045204758475,-21.68568769955678,-21.68568769955678,-21.68568769955678,9.757778783433197,9.757778783433197,9.757778783433197,-31.443466482989976,-31.443466482989976,-31.443466482989976,0.0,0.0,0.0,873.3595170589183
2021-10-18,895.0346937479449,625.7236217591055,1124.8105475594673,895.0346937479449,895.0346937479449,-27.480241418400354,-27.480241418400354,-27.480241418400354,15.325618498914812,15.325618498914812,15.325618498914812,-42.80585991731517,-42.80585991731517,-42.80585991731517,0.0,0.0,0.0,867.5544523295445
2021-10-19,895.0241827374147,558.3706264807776,1081.4513703231091,895.0241827374147,895.0241827374147,-73.18314213425073,-73.18314213425073,-73.18314213425073,-17.592997133825993,-17.592997133825993,-17.592997133825993,-55.59014500042474,-55.59014500042474,-55.59014500042474,0.0,0.0,0.0,821.841040603164
2021-10-20,895.0136717268846,586.9548480383103,1083.6705763494854,895.0136717268846,895.0136717268846,-51.468121159460445,-51.468121159460445,-51.468121159460445,18.18776837100786,18.18776837100786,18.18776837100786,-69.6558895304683,-69.6558895304683,-69.6558895304683,0.0,0.0,0.0,843.5455505674241
2021-10-21,895.0031607163544,572.9698451784361,1070.2797608827116,895.0031607163544,895.0031607163544,-89.68518316445135,-89.68518316445135,-89.68518316445135,-4.8461819999479765,-4.8461819999479765,-4.8461819999479765,-84.83900116450337,-84.83900116450337,-84.83900116450337,0.0,0.0,0.0,805.317977551903
2021-10-22,894.9926497058243,515.7697542452503,1023.5843620791586,894.9926497058243,894.9926497058243,-127.30424725713317,-127.30424725713317,-127.30424725713317,-26.348946947659552,-26.348946947659552,-26.348946947659552,-100.95530030947361,-100.95530030947361,-100.95530030947361,0.0,0.0,0.0,767.6884024486911
2021-10-23,894.9821386952941,549.7049485780187,1032.2140683846023,894.9821386952941,894.9821386952941,-112.28762318274264,-112.28762318274264,-112.28762318274264,5.516960428141545,5.516960428141545,5.516960428141545,-117.80458361088418,-117.80458361088418,-117.80458361088418,0.0,0.0,0.0,782.6945155125514
2021-10-24,894.9716276847639,503.4491642040909,1026.596570071436,894.9716276847639,894.9716276847639,-125.41730866835942,-125.41730866835942,-125.41730866835942,9.757778783382818,9.757778783382818,9.757778783382818,-135.17508745174226,-135.17508745174226,-135.17508745174226,0.0,0.0,0.0,769.5543190164045
2021-10-25,894.9611166742337,508.48922649379944,1034.2707766025815,894.9611166742337,894.9611166742337,-137.52263151182513,-137.52263151182513,-137.52263151182513,15.325618498896764,15.325618498896764,15.325618498896764,-152.84825001072187,-152.84825001072187,-152.84825001072187,0.0,0.0,0.0,757.4384851624086
2021-10-26,894.9506056637036,462.6481741336254,943.4326121888389,894.9506056637036,894.9506056637036,-188.1966590396943,-188.1966590396943,-188.1966590396943,-17.592997133771036,-17.592997133771036,-17.592997133771036,-170.60366190592327,-170.60366190592327,-170.60366190592327,0.0,0.0,0.0,706.7539466240094
2021-10-27,894.9400946531734,474.96468864140553,977.1916319289925,894.9400946531734,894.9400946531734,-170.03632114390217,-170.03632114390217,-170.03632114390217,18.187768371069044,18.187768371069044,18.187768371069044,-188.22408951497124,-188.22408951497124,-188.22408951497124,0.0,0.0,0.0,724.9037735092713
2021-11-01,894.8875396005227,399.31703757834345,874.6652258651787,894.8875396005227,894.8875396005227,-252.2039909384617,-252.2039909384617,-252.2039909384617,15.32561849887872,15.32561849887872,15.32561849887872,-267.5296094373404,-267.5296094373404,-267.5296094373404,0.0,0.0,0.0,642.683548662061
2021-11-02,894.8770285899925,329.91457375798063,849.6057691269418,894.8770285899925,894.8770285899925,-298.145692767206,-298.145692767206,-298.145692767206,-17.59299713379262,-17.59299713379262,-17.59299713379262,-280.55269563341335,-280.55269563341335,-280.55269563341335,0.0,0.0,0.0,596.7313358227865
2021-11-03,894.8665175794623,381.5104833947284,883.7698527388541,894.8665175794623,894.8665175794623,-274.2043505383028,-274.2043505383028,-274.2043505383028,18.1877683710596,18.1877683710596,18.1877683710596,-292.3921189093624,-292.3921189093624,-292.3921189093624,0.0,0.0,0.0,620.6621670411596
2021-11-04,894.8560065689322,331.8430871463493,831.9927133434351,894.8560065689322,894.8560065689322,-307.8537004884016,-307.8537004884016,-307.8537004884016,-4.8461819998327185,-4.8461819998327185,-4.8461819998327185,-303.00751848856885,-303.00751848856885,-303.00751848856885,0.0,0.0,0.0,587.0023060805306
2021-11-05,894.845495558402,303.3352692193953,825.9144070818576,894.845495558402,894.845495558402,-338.7407115258655,-338.7407115258655,-338.7407115258655,-26.348946947704118,-26.348946947704118,-26.348946947704118,-312.3917645781614,-312.3917645781614,-312.3917645781614,0.0,0.0,0.0,556.1047840325366
2021-11-06,894.8349845478718,336.7806796133191,826.4391282358199,894.8349845478718,894.8349845478718,-315.05407195254344,-315.05407195254344,-315.05407195254344,5.51696042808118,5.51696042808118,5.51696042808118,-320.5710323806246,-320.5710323806246,-320.5710323806246,0.0,0.0,0.0,579.7809125953283
2021-11-07,894.8244735373416,320.4855510368158,825.7106544104378,894.8244735373416,894.8244735373416,-317.8462855101097,-317.8462855101097,-317.8462855101097,9.757778783447257,9.757778783447257,9.757778783447257,-327.6040642935569,-327.6040642935569,-327.6040642935569,0.0,0.0,0.0,576.9781880272319
2021-11-08,894.8139625268116,334.17211355933733,822.772280814343,894.8139625268116,894.8139625268116,-318.2550131757945,-318.2550131757945,-318.2550131757945,15.325618498858992,15.325618498858992,15.325618498858992,-333.5806316746535,-333.5806316746535,-333.5806316746535,0.0,0.0,0.0,576.5589493510171
2021-11-09,894.8034515162814,294.3868541955077,781.975520748939,894.8034515162814,894.8034515162814,-356.2122242503137,-356.2122242503137,-356.2122242503137,-17.592997133775935,-17.592997133775935,-17.592997133775935,-338.6192271165378,-338.6192271165378,-338.6192271165378,0.0,0.0,0.0,538.5912272659677
2021-11-10,894.7929405057513,305.5724266937603,807.9676767092461,894.7929405057513,894.7929405057513,-324.67626878537413,-324.67626878537413,-324.67626878537413,18.187768371084257,18.187768371084257,18.187768371084257,-342.8640371564583,-342.8640371564583,-342.8640371564583,0.0,0.0,0.0,570.1166717203771
2021-11-11,894.7824294952211,299.2782400896291,786.6604124736808,894.7824294952211,894.7824294952211,-351.3274452637726,-351.3274452637726,-351.3274452637726,-4.846181999922776,-4.846181999922776,-4.846181999922776,-346.4812632638498,-346.4812632638498,-346.4812632638498,0.0,0.0,0.0,543.4549842314485
2021-11-12,894.7719184846909,278.5237232907488,769.0835060275657,894.7719184846909,894.7719184846909,-376.0038222963432,-376.0038222963432,-376.0038222963432,-26.348946947726393,-26.348946947726393,-26.348946947726393,-349.65487534861677,-349.65487534861677,-349.65487534861677,0.0,0.0,0.0,518.7680961883477
2021-11-13,894.7614074741608,304.5161235943791,798.2461715829115,894.7614074741608,894.7614074741608,-347.0649360673087,-347.0649360673087,-347.0649360673087,5.516960428051655,5.516960428051655,5.516960428051655,-352.58189649536024,-352.58189649536024,-352.58189649536024,0.0,0.0,0.0,547.6964714068522
2021-11-14,894.7508964636306,311.0485570479461,793.4789273044588,894.7508964636306,894.7508964636306,-345.70955099633886,-345.70955099633886,-345.70955099633886,9.757778783395105,9.757778783395105,9.757778783395105,-355.467329779734,-355.467329779734,-355.467329779734,0.0,0.0,0.0,549.0413454672918
2021-11-15,894.7403854531004,298.00176867221825,800.9335450663484,894.7403854531004,894.7403854531004,-343.19322904541974,-343.19322904541974,-343.19322904541974,15.32561849894244,15.32561849894244,15.32561849894244,-358.5188475443622,-358.5188475443622,-358.5188475443622,0.0,0.0,0.0,551.5471564076806
2021-11-16,894.7298744425702,276.9519665083017,760.2946531947567,894.7298744425702,894.7298744425702,-379.53436727794076,-379.53436727794076,-379.53436727794076,-17.592997133759248,-17.592997133759248,-17.592997133759248,-361.9413701441815,-361.9413701441815,-361.9413701441815,0.0,0.0,0.0,515.1955071646295
2021-11-17,894.7193634320402,298.244283551315,783.6303866076784,894.7193634320402,894.7193634320402,-347.7438963648694,-347.7438963648694,-347.7438963648694,18.187768371004175,18.187768371004175,18.187768371004175,-365.93166473587354,-365.93166473587354,-365.93166473587354,0.0,0.0,0.0,546.9754670671707
2021-11-18,894.70885242151,256.56491277982917,773.3060306848903,894.70885242151,894.70885242151,-375.51927706882697,-375.51927706882697,-375.51927706882697,-4.846181999834803,-4.846181999834803,-4.846181999834803,-370.67309506899215,-370.67309506899215,-370.67309506899215,0.0,0.0,0.0,519.189575352683
2021-11-19,894.6983414109798,245.53811794756163,741.0200425836823,894.6983414109798,894.6983414109798,-402.6795973589276,-402.6795973589276,-402.6795973589276,-26.348946947658913,-26.348946947658913,-26.348946947658913,-376.33065041126866,-376.33065041126866,-376.33065041126866,0.0,0.0,0.0,492.01874405205217
2021-11-20,894.6878304004497,278.85527848875967,761.0280140792272,894.6878304004497,894.6878304004497,-377.5294153284431,-377.5294153284431,-377.5294153284431,5.516960428094865,5.516960428094865,5.516960428094865,-383.046375756538,-383.046375756538,-383.046375756538,0.0,0.0,0.0,517.1584150720066
2021-11-21,894.6773193899195,268.08265882461774,768.7025927671574,894.6773193899195,894.6773193899195,-381.17753766865457,-381.17753766865457,-381.17753766865457,9.757778783427325,9.757778783427325,9.757778783427325,-390.93531645208196,-390.93531645208196,-390.93531645208196,0.0,0.0,0.0,513.499781721265
2021-11-22,894.6668083793894,244.06895683386747,759.3280011533866,894.6668083793894,894.6668083793894,-384.7564600497579,-384.7564600497579,-384.7564600497579,15.325618498922712,15.325618498922712,15.325618498922712,-400.0820785486806,-400.0820785486806,-400.0820785486806,0.0,0.0,0.0,509.9103483296315
2021-11-23,894.6562973688592,216.40675883496485,725.5081593975289,894.6562973688592,894.6562973688592,-428.13108893472946,-428.13108893472946,-428.13108893472946,-17.59299713374256,-17.59299713374256,-17.59299713374256,-410.5380918009869,-410.5380918009869,-410.5380918009869,0.0,0.0,0.0,466.52520843412975
2021-11-24,894.645786358329,246.48706396873945,740.5378545676086,894.645786358329,894.645786358329,-404.13187730202714,-404.13187730202714,-404.13187730202714,18.18776837106536,18.18776837106536,18.18776837106536,-422.31964567309257,-422.31964567309257,-422.31964567309257,0.0,0.0,0.0,490.5139090563019
2021-11-25,894.6352753477988,203.2801234197599,711.1311242162053,894.6352753477988,894.6352753477988,-440.252932330527,-440.252932330527,-440.252932330527,-4.846181999924863,-4.846181999924863,-4.846181999924863,-435.40675033060216,-435.40675033060216,-435.40675033060216,0.0,0.0,0.0,454.3823430172718
2021-11-26,894.6247643372687,163.86993003312372,675.6808519441879,894.6247643372687,894.6247643372687,-476.0918018277633,-476.0918018277633,-476.0918018277633,-26.34894694767102,-26.34894694767102,-26.34894694767102,-449.7428548800923,-449.7428548800923,-449.7428548800923,0.0,0.0,0.0,418.53296250950547
2021-11-27,894.6142533267385,180.62371596724054,701.1545386158188,894.6142533267385,894.6142533267385,-459.7184740979979,-459.7184740979979,-459.7184740979979,5.5169604281380735,5.5169604281380735,5.5169604281380735,-465.2354345261359,-465.2354345261359,-465.2354345261359,0.0,0.0,0.0,434.89577922874065
2021-12-01,894.572209284618,131.94627254606354,637.094106920084,894.572209284618,894.572209284618,-517.5769810162865,-517.5769810162865,-517.5769810162865,18.18776837094875,18.18776837094875,18.18776837094875,-535.7647493872352,-535.7647493872352,-535.7647493872352,0.0,0.0,0.0,376.9952282683315
2021-12-02,894.5616982740878,88.29499992579578,573.3441686167811,894.5616982740878,894.5616982740878,-559.3851037727006,-559.3851037727006,-559.3851037727006,-4.846182000014921,-4.846182000014921,-4.846182000014921,-554.5389217726857,-554.5389217726857,-554.5389217726857,0.0,0.0,0.0,335.17659450138717
2021-12-03,894.5511872510427,41.5829624945077,568.4092972638953,894.5511872510427,894.5511872510427,-599.6436773940007,-599.6436773940007,-599.6436773940007,-26.348946947603537,-26.348946947603537,-26.348946947603537,-573.2947304463972,-573.2947304463972,-573.2947304463972,0.0,0.0,0.0,294.907509857042
2021-12-04,894.5406762279977,76.6426856147037,556.5848471298194,894.5406762279977,894.5406762279977,-586.2533130290268,-586.2533130290268,-586.2533130290268,5.516960428181283,5.516960428181283,5.516960428181283,-591.7702734572081,-591.7702734572081,-591.7702734572081,0.0,0.0,0.0,308.28736319897087
2021-12-05,894.5301652049526,25.280534911135536,538.6561976439011,894.5301652049526,894.5301652049526,-599.9406643070595,-599.9406643070595,-599.9406643070595,9.757778783409167,9.757778783409167,9.757778783409167,-609.6984430904686,-609.6984430904686,-609.6984430904686,0.0,0.0,0.0,294.5895008978931
2021-12-06,894.5196541819075,44.199247368384576,536.8367617808857,894.5196541819075,894.5196541819075,-611.4870614797977,-611.4870614797977,-611.4870614797977,15.32561849888662,15.32561849888662,15.32561849888662,-626.8126799786843,-626.8126799786843,-626.8126799786843,0.0,0.0,0.0,283.0325927021098
2021-12-07,894.5091431588626,-10.913695523706847,491.3474415915978,894.5091431588626,894.5091431588626,-660.4457407322067,-660.4457407322067,-660.4457407322067,-17.59299713379138,-17.59299713379138,-17.59299713379138,-642.8527435984154,-642.8527435984154,-642.8527435984154,0.0,0.0,0.0,234.0634024266559
2021-12-08,894.4986321358175,11.948313854475002,508.16453091396346,894.4986321358175,894.4986321358175,-639.3825950399364,-639.3825950399364,-639.3825950399364,18.18776837100994,18.18776837100994,18.18776837100994,-657.5703634109464,-657.5703634109464,-657.5703634109464,0.0,0.0,0.0,255.1160370958811
2021-12-09,894.4881211127724,-10.75574821718659,456.67593292608933,894.4881211127724,894.4881211127724,-675.5808197203341,-675.5808197203341,-675.5808197203341,-4.846181999926948,-4.846181999926948,-4.846181999926948,-670.7346377204072,-670.7346377204072,-670.7346377204072,0.0,0.0,0.0,218.90730139243828
2021-12-10,894.4776100897272,-73.82739374960543,432.41922736987556,894.4776100897272,894.4776100897272,-708.4860003245597,-708.4860003245597,-708.4860003245597,-26.348946947715582,-26.348946947715582,-26.348946947715582,-682.137053376844,-682.137053376844,-682.137053376844,0.0,0.0,0.0,185.9916097651676
2021-12-11,894.4670990666822,-39.00819562405138,453.4399300073581,894.4670990666822,894.4670990666822,-686.0790481656976,-686.0790481656976,-686.0790481656976,5.516960428077708,5.516960428077708,5.516960428077708,-691.5960085937753,-691.5960085937753,-691.5960085937753,0.0,0.0,0.0,208.38805090098458
2021-12-12,894.4565880436371,-34.66515307184185,448.36097545943767,894.4565880436371,894.4565880436371,-689.2029543656229,-689.2029543656229,-689.2029543656229,9.757778783398312,9.757778783398312,9.757778783398312,-698.9607331490212,-698.9607331490212,-698.9607331490212,0.0,0.0,0.0,205.25363367801424
2021-12-13,894.446077020592,-44.80285218893037,458.0211529325825,894.446077020592,894.446077020592,-688.7888962977504,-688.7888962977504,-688.7888962977504,15.32561849886689,15.32561849886689,15.32561849886689,-704.1145147966174,-704.1145147966174,-704.1145147966174,0.0,0.0,0.0,205.65718072284164
2021-12-14,894.435565997547,-65.34659545684288,420.7493714298667,894.435565997547,894.435565997547,-724.5701546087121,-724.5701546087121,-724.5701546087121,-17.592997133812958,-17.592997133812958,-17.592997133812958,-706.9771574748992,-706.9771574748992,-706.9771574748992,0.0,0.0,0.0,169.8654113888349
2021-12-15,894.425054974502,-37.97440466443638,438.7172331661505,894.425054974502,894.425054974502,-689.3188470598155,-689.3188470598155,-689.3188470598155,18.18776837100049,18.18776837100049,18.18776837100049,-707.5066154308162,-707.5066154308162,-707.5066154308162,0.0,0.0,0.0,205.10620791468648
2021-12-16,894.414543951457,-55.785453930086575,429.3935163060903,894.414543951457,894.414543951457,-710.545949235466,-710.545949235466,-710.545949235466,-4.8461820000170075,-4.8461820000170075,-4.8461820000170075,-705.699767235449,-705.699767235449,-705.699767235449,0.0,0.0,0.0,183.86859471599098
2021-12-17,894.4040329284119,-80.0249445970652,427.44726782835386,894.4040329284119,894.4040329284119,-727.9412612934854,-727.9412612934854,-727.9412612934854,-26.3489469476481,-26.3489469476481,-26.3489469476481,-701.5923143458373,-701.5923143458373,-701.5923143458373,0.0,0.0,0.0,166.46277163492653
2021-12-18,894.3935219053668,-42.370554890991635,456.2686121096032,894.3935219053668,894.3935219053668,-689.7408494334438,-689.7408494334438,-689.7408494334438,5.516960428120919,5.516960428120919,5.516960428120919,-695.2578098615647,-695.2578098615647,-695.2578098615647,0.0,0.0,0.0,204.65267247192298
2021-12-19,894.3830108823217,-28.030268720095695,451.6800778348077,894.3830108823217,894.3830108823217,-677.0480651281,-677.0480651281,-677.0480651281,9.757778783430533,9.757778783430533,9.757778783430533,-686.8058439115306,-686.8058439115306,-686.8058439115306,0.0,0.0,0.0,217.33494575422174
2021-12-20,894.3724998592766,-3.1890217088277684,487.69044011097924,894.3724998592766,894.3724998592766,-661.0538136774994,-661.0538136774994,-661.0538136774994,15.325618498850528,15.325618498850528,15.325618498850528,-676.37943217635,-676.37943217635,-676.37943217635,0.0,0.0,0.0,233.31868618177714
2021-12-21,894.3619888362315,-50.48013733159853,460.11750430301447,894.3619888362315,894.3619888362315,-681.7446700430295,-681.7446700430295,-681.7446700430295,-17.592997133758004,-17.592997133758004,-17.592997133758004,-664.1516729092716,-664.1516729092716,-664.1516729092716,0.0,0.0,0.0,212.617318793202
2021-12-22,894.3514778131864,12.295556120662809,501.37571774000764,894.3514778131864,894.3514778131864,-632.1339866347353,-632.1339866347353,-632.1339866347353,18.187768370991044,18.187768370991044,18.187768370991044,-650.3217550057263,-650.3217550057263,-650.3217550057263,0.0,0.0,0.0,262.21749117845116
2021-12-23,894.3409667901415,4.939870402412269,508.3297294796088,894.3409667901415,894.3409667901415,-639.9565967691136,-639.9565967691136,-639.9565967691136,-4.846181999900706,-4.846181999900706,-4.846181999900706,-635.1104147692129,-635.1104147692129,-635.1104147692129,0.0,0.0,0.0,254.38437002102785
2021-12-24,894.3304557670964,18.280863259219394,482.70390959838073,894.3304557670964,894.3304557670964,-645.1038986149636,-645.1038986149636,-645.1038986149636,-26.348946947580615,-26.348946947580615,-26.348946947580615,-618.7549516673828,-618.7549516673828,-618.7549516673828,0.0,0.0,0.0,249.22655715213284
2021-12-25,894.3199447440513,48.644096229499546,556.2773808535201,894.3199447440513,894.3199447440513,-595.986962836836,-595.986962836836,-595.986962836836,5.516960428091393,5.516960428091393,5.516960428091393,-601.5039232649274,-601.5039232649274,-601.5039232649274,0.0,0.0,0.0,298.3329819072153
2021-12-26,894.3094337210063,74.96429714566365,575.6121822033107,894.3094337210063,894.3094337210063,-573.853867647949,-573.853867647949,-573.853867647949,9.757778783421452,9.757778783421452,9.757778783421452,-583.6116464313703,-583.6116464313703,-583.6116464313703,0.0,0.0,0.0,320.4555660730573
2021-12-27,894.2989226979612,109.44937765515633,586.1291394675543,894.2989226979612,894.2989226979612,-550.0070171975707,-550.0070171975707,-550.0070171975707,15.3256184988308,15.3256184988308,15.3256184988308,-565.3326356964016,-565.3326356964016,-565.3326356964016,0.0,0.0,0.0,344.2919055003905
2022-01-01,894.2463675827358,179.21202916832416,666.9692252966863,894.2463675827358,894.2463675827358,-470.8702587118397,-470.8702587118397,-470.8702587118397,5.516960428207338,5.516960428207338,5.516960428207338,-476.3872191400471,-476.3872191400471,-476.3872191400471,0.0,0.0,0.0,423.37610887089613
2022-01-02,894.2358565596908,191.07587229689662,668.394342897326,894.2358565596908,894.2358565596908,-450.7286390743157,-450.7286390743157,-450.7286390743157,9.75777878341237,9.75777878341237,9.75777878341237,-460.4864178577281,-460.4864178577281,-460.4864178577281,0.0,0.0,0.0,443.50721748537507
2022-01-03,894.2253455366457,214.4199003751369,717.1817752442935,894.2253455366457,894.2253455366457,-430.23852525438144,-430.23852525438144,-430.23852525438144,15.325618498914249,15.325618498914249,15.325618498914249,-445.56414375329564,-445.56414375329564,-445.56414375329564,0.0,0.0,0.0,463.98682028226426
2022-01-04,894.2148345136006,199.74444379736144,699.5936883704627,894.2148345136006,894.2148345136006,-449.30250382280053,-449.30250382280053,-449.30250382280053,-17.592997133768556,-17.592997133768556,-17.592997133768556,-431.70950668903197,-431.70950668903197,-431.70950668903197,0.0,0.0,0.0,444.9123306908001
2022-01-05,894.2043234905556,247.7524584103719,746.9448130177698,894.2043234905556,894.2043234905556,-400.7906334300256,-400.7906334300256,-400.7906334300256,18.187768371042786,18.187768371042786,18.187768371042786,-418.9784018010684,-418.9784018010684,-418.9784018010684,0.0,0.0,0.0,493.41369006053
2022-01-06,894.1938124675105,232.7469845510332,729.2774812498327,894.1938124675105,894.1938124675105,-412.23937092652443,-412.23937092652443,-412.23937092652443,-4.846181999991808,-4.846181999991808,-4.846181999991808,-407.3931889265327,-407.3931889265327,-407.3931889265327,0.0,0.0,0.0,481.95444154098607
2022-01-07,894.1833014444654,206.66103680137863,719.0112195011252,894.1833014444654,894.1833014444654,-423.2921256921546,-423.2921256921546,-423.2921256921546,-26.348946947625176,-26.348946947625176,-26.348946947625176,-396.94317874452946,-396.94317874452946,-396.94317874452946,0.0,0.0,0.0,470.8911757523108
2022-01-08,894.1727904214204,265.8388838807292,762.5677925947458,894.1727904214204,894.1727904214204,-382.0689432678814,-382.0689432678814,-382.0689432678814,5.516960428031028,5.516960428031028,5.516960428031028,-387.58590369591246,-387.58590369591246,-387.58590369591246,0.0,0.0,0.0,512.1038471535389
2022-01-09,894.1622793983753,264.50340087395324,761.2660988687611,894.1622793983753,894.1622793983753,-369.49135422405635,-369.49135422405635,-369.49135422405635,9.757778783403296,9.757778783403296,9.757778783403296,-379.24913300745965,-379.24913300745965,-379.24913300745965,0.0,0.0,0.0,524.6709251743189
2022-01-10,894.1517683753302,281.89679365290334,787.2890814461667,894.1517683753302,894.1517683753302,-356.507955098874,-356.507955098874,-356.507955098874,15.32561849889452,15.32561849889452,15.32561849889452,-371.8335735977685,-371.8335735977685,-371.8335735977685,0.0,0.0,0.0,537.6438132764563
2022-01-11,894.1412573522852,260.5622835590897,748.2744099835487,894.1412573522852,894.1412573522852,-382.8091798384104,-382.8091798384104,-382.8091798384104,-17.592997133790135,-17.592997133790135,-17.592997133790135,-365.2161827046202,-365.2161827046202,-365.2161827046202,0.0,0.0,0.0,511.33207751387476
2022-01-12,894.1307463292401,297.2366222453637,788.5404203415678,894.1307463292401,894.1307463292401,-341.06623575712564,-341.06623575712564,-341.06623575712564,18.187768370962704,18.187768370962704,18.187768370962704,-359.2540041280884,-359.2540041280884,-359.2540041280884,0.0,0.0,0.0,553.0645105721144
2022-01-13,894.120235306195,278.2911477541067,781.2770239805722,894.120235306195,894.120235306195,-358.63461035108156,-358.63461035108156,-358.63461035108156,-4.84618199999285,-4.84618199999285,-4.84618199999285,-353.78842835108867,-353.78842835108867,-353.78842835108867,0.0,0.0,0.0,535.4856249551135
2022-01-14,894.10972428315,279.77825835088737,763.9133620907432,894.10972428315,894.10972428315,-374.9987146922674,-374.9987146922674,-374.9987146922674,-26.348946947727054,-26.348946947727054,-26.348946947727054,-348.6497677445403,-348.6497677445403,-348.6497677445403,0.0,0.0,0.0,519.1110095908825
2022-01-15,894.0992132601049,297.37321702509587,794.269185134889,894.0992132601049,894.0992132601049,-338.1450713517854,-338.1450713517854,-338.1450713517854,5.516960428074237,5.516960428074237,5.516960428074237,-343.66203177985966,-343.66203177985966,-343.66203177985966,0.0,0.0,0.0,555.9541419083195
2022-01-16,894.0887022370598,313.5956662816329,818.7297756489257,894.0887022370598,894.0887022370598,-328.89000500255867,-328.89000500255867,-328.89000500255867,9.757778783435516,9.757778783435516,9.757778783435516,-338.64778378599414,-338.64778378599414,-338.64778378599414,0.0,0.0,0.0,565.1986972345012
2022-01-17,894.0781912140149,351.1661674727855,819.8684329223814,894.0781912140149,894.0781912140149,-318.1073418444351,-318.1073418444351,-318.1073418444351,15.325618498876473,15.325618498876473,15.325618498876473,-333.4329603433116,-333.4329603433116,-333.4329603433116,0.0,0.0,0.0,575.9708493695798
2022-01-18,894.0676801909698,314.30148661590437,790.3283759369053,894.0676801909698,894.0676801909698,-345.4445340184767,-345.4445340184767,-345.4445340184767,-17.592997133811714,-17.592997133811714,-17.592997133811714,-327.851536884665,-327.851536884665,-327.851536884665,0.0,0.0,0.0,548.6231461724931
2022-01-19,894.0571691679246,354.6799505236674,842.0583390447086,894.0571691679246,894.0571691679246,-303.5621600000873,-303.5621600000873,-303.5621600000873,18.187768370987367,18.187768370987367,18.187768370987367,-321.7499283710747,-321.7499283710747,-321.7499283710747,0.0,0.0,0.0,590.4950091678372
2022-01-20,894.0466581448795,317.54119469024175,823.8134580978011,894.0466581448795,894.0466581448795,-319.8372038611005,-319.8372038611005,-319.8372038611005,-4.846181999993893,-4.846181999993893,-4.846181999993893,-314.9910218611066,-314.9910218611066,-314.9910218611066,0.0,0.0,0.0,574.209454283779
2022-01-21,894.0361471218345,307.29192512084666,821.3702723347054,894.0361471218345,894.0361471218345,-333.80669511263085,-333.80669511263085,-333.80669511263085,-26.34894694765957,-26.34894694765957,-26.34894694765957,-307.45774816497124,-307.45774816497124,-307.45774816497124,0.0,0.0,0.0,560.2294520092037
2022-01-22,894.0256360987894,339.20257134747465,841.3470517543643,894.0256360987894,894.0256360987894,-293.53915184862973,-293.53915184862973,-293.53915184862973,5.516960428044711,5.516960428044711,5.516960428044711,-299.05611227667447,-299.05611227667447,-299.05611227667447,0.0,0.0,0.0,600.4864842501597
2022-01-23,894.0151250757443,385.0747214674638,863.8336006634628,894.0151250757443,894.0151250757443,-279.959837788048,-279.959837788048,-279.959837788048,9.757778783385136,9.757778783385136,9.757778783385136,-289.71761657143315,-289.71761657143315,-289.71761657143315,0.0,0.0,0.0,614.0552872876963
2022-01-24,894.0046140526993,390.22575590210863,870.5266750104263,894.0046140526993,894.0046140526993,-264.0754079592463,-264.0754079592463,-264.0754079592463,15.325618498961612,15.325618498961612,15.325618498961612,-279.401026458208,-279.401026458208,-279.401026458208,0.0,0.0,0.0,629.9292060934529
2022-01-25,893.9941030296542,352.80381142081484,850.6728497759212,893.9941030296542,893.9941030296542,-285.6864420145325,-285.6864420145325,-285.6864420145325,-17.592997133756764,-17.592997133756764,-17.592997133756764,-268.09344488077573,-268.09344488077573,-268.09344488077573,0.0,0.0,0.0,608.3076610151218
2022-01-26,893.9835920066092,404.66158398445305,904.4838091643361,893.9835920066092,893.9835920066092,-237.62291096265776,-237.62291096265776,-237.62291096265776,18.18776837097792,18.18776837097792,18.18776837097792,-255.81067933363565,-255.81067933363565,-255.81067933363565,0.0,0.0,0.0,656.3606810439514
2022-01-27,893.9736189222031,396.3954312247086,900.9240621557205,893.9736189222031,893.9736189222031,-247.44308446409883,-247.44308446409883,-247.44308446409883,-4.846182000083955,-4.846182000083955,-4.846182000083955,-242.59690246401487,-242.59690246401487,-242.59690246401487,0.0,0.0,0.0,646.5305344581043
2022-02-01,893.9237535001719,464.7611349289723,951.6201660003959,893.9237535001719,893.9237535001719,-183.5049723638488,-183.5049723638488,-183.5049723638488,-17.592997133778347,-17.592997133778347,-17.592997133778347,-165.91197523007045,-165.91197523007045,-165.91197523007045,0.0,0.0,0.0,710.4187811363231
2022-02-02,893.9137804157657,512.7893492287659,1006.8777533568657,893.9137804157657,893.9137804157657,-131.23325365812917,-131.23325365812917,-131.23325365812917,18.18776837103911,18.18776837103911,18.18776837103911,-149.42102202916828,-149.42102202916828,-149.42102202916828,0.0,0.0,0.0,762.6805267576365
2022-02-03,893.9038073313595,514.6391347930934,1023.372640058805,893.9038073313595,893.9038073313595,-137.787353837851,-137.787353837851,-137.787353837851,-4.84618199999598,-4.84618199999598,-4.84618199999598,-132.941171837855,-132.941171837855,-132.941171837855,0.0,0.0,0.0,756.1164534935085
2022-02-04,893.8938342469534,509.9933623224583,991.4064781194345,893.8938342469534,893.8938342469534,-143.00841434788674,-143.00841434788674,-143.00841434788674,-26.348946947693957,-26.348946947693957,-26.348946947693957,-116.65946740019277,-116.65946740019277,-116.65946740019277,0.0,0.0,0.0,750.8854198990666
2022-02-05,893.8838611625472,549.8297239718913,1046.9212975017556,893.8838611625472,893.8838611625472,-95.24724925560858,-95.24724925560858,-95.24724925560858,5.5169604281311315,5.5169604281311315,5.5169604281311315,-100.76420968373971,-100.76420968373971,-100.76420968373971,0.0,0.0,0.0,798.6366119069386
2022-02-06,893.8738880781409,559.9074548874863,1058.8556681243822,893.8738880781409,893.8738880781409,-75.68296436576014,-75.68296436576014,-75.68296436576014,9.757778783406502,9.757778783406502,9.757778783406502,-85.44074314916664,-85.44074314916664,-85.44074314916664,0.0,0.0,0.0,818.1909237123807
2022-02-07,893.8639149937347,604.1081395224998,1085.9355734103394,893.8639149937347,893.8639149937347,-55.541736300892026,-55.541736300892026,-55.541736300892026,15.325618498923834,15.325618498923834,15.325618498923834,-70.86735479981586,-70.86735479981586,-70.86735479981586,0.0,0.0,0.0,838.3221786928427
2022-02-08,893.8539419093285,562.5890856536486,1057.0549738175068,893.8539419093285,893.8539419093285,-74.80437848367399,-74.80437848367399,-74.80437848367399,-17.59299713376166,-17.59299713376166,-17.59299713376166,-57.21138134991234,-57.21138134991234,-57.21138134991234,0.0,0.0,0.0,819.0495634256545
2022-02-09,893.8439688249223,610.4268787854779,1107.2062149149574,893.8439688249223,893.8439688249223,-26.437843599503136,-26.437843599503136,-26.437843599503136,18.187768371100297,18.187768371100297,18.187768371100297,-44.62561197060344,-44.62561197060344,-44.62561197060344,0.0,0.0,0.0,867.4061252254191
2022-02-10,893.833995740516,607.1133314551876,1102.1476407309688,893.833995740516,893.833995740516,-38.09124719369024,-38.09124719369024,-38.09124719369024,-4.846181999968697,-4.846181999968697,-4.846181999968697,-33.24506519372155,-33.24506519372155,-33.24506519372155,0.0,0.0,0.0,855.7427485468257
2022-02-11,893.8240226561098,600.1598452009829,1090.555166099683,893.8240226561098,893.8240226561098,-49.533154895162546,-49.533154895162546,-49.533154895162546,-26.34894694771624,-26.34894694771624,-26.34894694771624,-23.18420794744631,-23.18420794744631,-23.18420794744631,0.0,0.0,0.0,844.2908677609473
2022-02-12,893.8140495717037,647.1789577324325,1137.3748557406266,893.8140495717037,893.8140495717037,-9.01771223078004,-9.01771223078004,-9.01771223078004,5.516960428101606,5.516960428101606,5.516960428101606,-14.534672658881645,-14.534672658881645,-14.534672658881645,0.0,0.0,0.0,884.7963373409236
2022-02-13,893.8040764872974,638.9806396822314,1141.5269678342488,893.8040764872974,893.8040764872974,2.3942635612154226,2.3942635612154226,2.3942635612154226,9.757778783438722,9.757778783438722,9.757778783438722,-7.3635152222233,-7.3635152222233,-7.3635152222233,0.0,0.0,0.0,896.1983400485128
2022-02-14,893.7941034028913,679.9731660157706,1165.7746623529379,893.7941034028913,893.7941034028913,13.613575747330481,13.613575747330481,13.613575747330481,15.325618498905786,15.325618498905786,15.325618498905786,-1.7120427515753056,-1.7120427515753056,-1.7120427515753056,0.0,0.0,0.0,907.4076791502218
2022-02-15,893.784130318485,629.807497573923,1126.024229885646,893.784130318485,893.784130318485,-15.188222907904718,-15.188222907904718,-15.188222907904718,-17.592997133788895,-17.592997133788895,-17.592997133788895,2.404774225884175,2.404774225884175,2.404774225884175,0.0,0.0,0.0,878.5959074105804
2022-02-16,893.7741572340789,676.4196025454409,1158.0945410975544,893.7741572340789,893.7741572340789,23.18607312710759,23.18607312710759,23.18607312710759,18.187768371020216,18.187768371020216,18.187768371020216,4.998304756087372,4.998304756087372,4.998304756087372,0.0,0.0,0.0,916.9602303611864
2022-02-17,893.7641841496726,638.9980428178401,1135.4762009194767,893.7641841496726,893.7641841496726,1.2595071802623616,1.2595071802623616,1.2595071802623616,-4.846181999880722,-4.846181999880722,-4.846181999880722,6.105689180143083,6.105689180143083,6.105689180143083,0.0,0.0,0.0,895.023691329935
2022-02-18,893.7542110652664,617.7041931342617,1117.4161745585795,893.7542110652664,893.7542110652664,-20.56022054836125,-20.56022054836125,-20.56022054836125,-26.348946947648752,-26.348946947648752,-26.348946947648752,5.788726399287502,5.788726399287502,5.788726399287502,0.0,0.0,0.0,873.1939905169052
2022-02-19,893.7442379808601,649.9032679892821,1130.246928612751,893.7442379808601,893.7442379808601,9.649216172661367,9.649216172661367,9.649216172661367,5.516960428144815,5.516960428144815,5.516960428144815,4.132255744516553,4.132255744516553,4.132255744516553,0.0,0.0,0.0,903.3934541535215
2022-02-20,893.734264896454,666.5767557263259,1158.2854215282011,893.734264896454,893.734264896454,10.999862269520714,10.999862269520714,10.999862269520714,9.757778783470943,9.757778783470943,9.757778783470943,1.2420834860497691,1.2420834860497691,1.2420834860497691,0.0,0.0,0.0,904.7341271659747
2022-02-21,893.7242918120478,650.6167021995417,1154.3359389506454,893.7242918120478,893.7242918120478,12.568131969170958,12.568131969170958,12.568131969170958,15.325618498886058,15.325618498886058,15.325618498886058,-2.757486529715102,-2.757486529715102,-2.757486529715102,0.0,0.0,0.0,906.2924237812188
2022-02-22,893.7143187276415,602.7171995593641,1123.8993622180237,893.7143187276415,893.7143187276415,-25.319448031191964,-25.319448031191964,-25.319448031191964,-17.592997133772208,-17.592997133772208,-17.592997133772208,-7.726450897419758,-7.726450897419758,-7.726450897419758,0.0,0.0,0.0,868.3948706964495
2022-02-23,893.7043456432355,660.2320081147783,1136.393565330369,893.7043456432355,893.7043456432355,4.675608130918496,4.675608130918496,4.675608130918496,18.187768371081404,18.187768371081404,18.187768371081404,-13.51216024016291,-13.51216024016291,-13.51216024016291,0.0,0.0,0.0,898.3799537741539
2022-02-24,893.6943725588292,631.2204057678791,1117.166075403049,893.6943725588292,893.6943725588292,-24.798733383155106,-24.798733383155106,-24.798733383155106,-4.8461819999707805,-4.8461819999707805,-4.8461819999707805,-19.952551383184325,-19.952551383184325,-19.952551383184325,0.0,0.0,0.0,868.8956391756741
2022-02-25,893.684399474423,591.6901489972214,1072.5093369601095,893.684399474423,893.684399474423,-53.22842618452104,-53.22842618452104,-53.22842618452104,-26.348946947671035,-26.348946947671035,-26.348946947671035,-26.87947923685001,-26.87947923685001,-26.87947923685001,0.0,0.0,0.0,840.455973289902
2022-02-26,893.6744263900167,610.1975544060252,1112.830189947019,893.6744263900167,893.6744263900167,-28.6051091868798,-28.6051091868798,-28.6051091868798,5.516960428041239,5.516960428041239,5.516960428041239,-34.12206961492104,-34.12206961492104,-34.12206961492104,0.0,0.0,0.0,865.069317203137
2022-02-27,893.6644533056106,614.8532547675147,1138.501037468325,893.6644533056106,893.6644533056106,-31.752237472228316,-31.752237472228316,-31.752237472228316,9.757778783377487,9.757778783377487,9.757778783377487,-41.510016255605805,-41.510016255605805,-41.510016255605805,0.0,0.0,0.0,861.9122158333822
2022-03-01,893.6445071367981,567.7677067285036,1066.04835497314,893.6445071367981,893.6445071367981,-73.65540419674124,-73.65540419674124,-73.65540419674124,-17.59299713379379,-17.59299713379379,-17.59299713379379,-56.06240706294746,-56.06240706294746,-56.06240706294746,0.0,0.0,0.0,819.9891029400569
2022-03-02,893.6345340523919,617.6557416188489,1087.2342629286713,893.6345340523919,893.6345340523919,-44.72878494644237,-44.72878494644237,-44.72878494644237,18.18776837107196,18.18776837107196,18.18776837107196,-62.91655331751433,-62.91655331751433,-62.91655331751433,0.0,0.0,0.0,848.9057491059496
2022-03-03,893.6245609679856,560.0515809275365,1076.4732598409375,893.6245609679856,893.6245609679856,-74.14676586624473,-74.14676586624473,-74.14676586624473,-4.846181999854481,-4.846181999854481,-4.846181999854481,-69.30058386639027,-69.30058386639027,-69.30058386639027,0.0,0.0,0.0,819.4777951017409
2022-03-04,893.6145878835795,548.2842793337772,1029.8873963119322,893.6145878835795,893.6145878835795,-101.43873081275912,-101.43873081275912,-101.43873081275912,-26.348946947603554,-26.348946947603554,-26.348946947603554,-75.08978386515555,-75.08978386515555,-75.08978386515555,0.0,0.0,0.0,792.1758570708204
2022-03-05,893.6046147991733,575.5963521390952,1073.1793756183292,893.6046147991733,893.6046147991733,-74.65804022669673,-74.65804022669673,-74.65804022669673,5.51696042808445,5.51696042808445,5.51696042808445,-80.17500065478117,-80.17500065478117,-80.17500065478117,0.0,0.0,0.0,818.9465745724766
2022-03-06,893.5946417147671,562.4281092718454,1044.9041473786838,893.5946417147671,893.5946417147671,-74.70613191450653,-74.70613191450653,-74.70613191450653,9.757778783368412,9.757778783368412,9.757778783368412,-84.46391069787492,-84.46391069787492,-84.46391069787492,0.0,0.0,0.0,818.8885098002606
2022-03-07,893.5846686303609,550.5615468431655,1066.7824714718663,893.5846686303609,893.5846686303609,-72.55625039741133,-72.55625039741133,-72.55625039741133,15.325618498849964,15.325618498849964,15.325618498849964,-87.8818688962613,-87.8818688962613,-87.8818688962613,0.0,0.0,0.0,821.0284182329495
2022-03-08,893.5746955459547,537.5868925705622,1040.810133490293,893.5746955459547,893.5746955459547,-107.96533635797617,-107.96533635797617,-107.96533635797617,-17.592997133777104,-17.592997133777104,-17.592997133777104,-90.37233922419907,-90.37233922419907,-90.37233922419907,0.0,0.0,0.0,785.6093591879785
2022-03-09,893.5647224615484,574.3367632377497,1077.085962683386,893.5647224615484,893.5647224615484,-73.70914740209682,-73.70914740209682,-73.70914740209682,18.18776837102598,18.18776837102598,18.18776837102598,-91.89691577312281,-91.89691577312281,-91.89691577312281,0.0,0.0,0.0,819.8555750594516
2022-03-10,893.5547493771422,554.9564590122002,1024.8278354121169,893.5547493771422,893.5547493771422,-97.28113484067431,-97.28113484067431,-97.28113484067431,-4.8461819998555224,-4.8461819998555224,-4.8461819998555224,-92.4349528408188,-92.4349528408188,-92.4349528408188,0.0,0.0,0.0,796.2736145364679
2022-03-11,893.5447762927361,521.980085897916,1010.7087570629543,893.5447762927361,893.5447762927361,-118.33177833618137,-118.33177833618137,-118.33177833618137,-26.3489469477156,-26.3489469477156,-26.3489469477156,-91.98283138846577,-91.98283138846577,-91.98283138846577,0.0,0.0,0.0,775.2129979565547
2022-03-12,893.5348032083298,563.2743046071795,1071.086029481683,893.5348032083298,893.5348032083298,-85.03593641045401,-85.03593641045401,-85.03593641045401,5.516960428054923,5.516960428054923,5.516960428054923,-90.55289683850893,-90.55289683850893,-90.55289683850893,0.0,0.0,0.0,808.4988667978757
2022-03-13,893.5248301239236,570.5943691727336,1054.1751235385716,893.5248301239236,893.5248301239236,-78.41433085129088,-78.41433085129088,-78.41433085129088,9.75777878340063,9.75777878340063,9.75777878340063,-88.17210963469151,-88.17210963469151,-88.17210963469151,0.0,0.0,0.0,815.1104992726328
2022-03-14,893.5148570395173,589.5270250991084,1070.0731564374707,893.5148570395173,893.5148570395173,-69.55483661506838,-69.55483661506838,-69.55483661506838,15.325618498933418,15.325618498933418,15.325618498933418,-84.8804551140018,-84.8804551140018,-84.8804551140018,0.0,0.0,0.0,823.9600204244489
2022-03-15,893.5048839551113,547.5598018432545,1041.4367038814341,893.5048839551113,893.5048839551113,-98.32216009598069,-98.32216009598069,-98.32216009598069,-17.592997133798683,-17.592997133798683,-17.592997133798683,-80.72916296218202,-80.72916296218202,-80.72916296218202,0.0,0.0,0.0,795.1827238591305
2022-03-16,893.494910870705,568.8238235092218,1069.2010675771364,893.494910870705,893.494910870705,-57.591020432437766,-57.591020432437766,-57.591020432437766,18.187768371016535,18.187768371016535,18.187768371016535,-75.7787888034543,-75.7787888034543,-75.7787888034543,0.0,0.0,0.0,835.9038904382672
2022-03-17,893.4849377862988,575.433445962311,1074.1277277425647,893.4849377862988,893.4849377862988,-74.94339330452033,-74.94339330452033,-74.94339330452033,-4.846181999856566,-4.846181999856566,-4.846181999856566,-70.09721130466376,-70.09721130466376,-70.09721130466376,0.0,0.0,0.0,818.5415444817785
2022-03-18,893.4749647018925,559.2551729004139,1043.8872396438328,893.4749647018925,893.4749647018925,-90.10654454480452,-90.10654454480452,-90.10654454480452,-26.348946947648113,-26.348946947648113,-26.348946947648113,-63.75759759715641,-63.75759759715641,-63.75759759715641,0.0,0.0,0.0,803.368420157088
2022-03-19,893.4649916174864,586.8122170919319,1077.0675439372212,893.4649916174864,893.4649916174864,-51.31942747766027,-51.31942747766027,-51.31942747766027,5.516960428098133,5.516960428098133,5.516960428098133,-56.8363879057584,-56.8363879057584,-56.8363879057584,0.0,0.0,0.0,842.1455641398261
2022-03-20,893.4550185330802,608.9037733428966,1099.7672591611881,893.4550185330802,893.4550185330802,-39.65356835229331,-39.65356835229331,-39.65356835229331,9.757778783432853,9.757778783432853,9.757778783432853,-49.41134713572617,-49.41134713572617,-49.41134713572617,0.0,0.0,0.0,853.8014501807869
2022-03-21,893.4450454486739,626.8760077765329,1131.3257515665182,893.4450454486739,893.4450454486739,-26.23410843862358,-26.23410843862358,-26.23410843862358,15.325618498915372,15.325618498915372,15.325618498915372,-41.559726937538954,-41.559726937538954,-41.559726937538954,0.0,0.0,0.0,867.2109370100503
2022-03-22,893.4350723642677,601.5634650396278,1105.2452362737663,893.4350723642677,893.4350723642677,-50.94957374581091,-50.94957374581091,-50.94957374581091,-17.592997133743733,-17.592997133743733,-17.592997133743733,-33.35657661206717,-33.35657661206717,-33.35657661206717,0.0,0.0,0.0,842.4854986184569
2022-03-23,893.4250992798615,636.8696997846671,1114.6766525601568,893.4250992798615,893.4250992798615,-6.685466938767549,-6.685466938767549,-6.685466938767549,18.18776837100709,18.18776837100709,18.18776837100709,-24.873235309774635,-24.873235309774635,-24.873235309774635,0.0,0.0,0.0,886.7396323410939
2022-03-24,893.4151261954553,628.9999839322982,1125.5127280281058,893.4151261954553,893.4151261954553,-21.022213516083642,-21.022213516083642,-21.022213516083642,-4.846181999946626,-4.846181999946626,-4.846181999946626,-16.176031516137012,-16.176031516137012,-16.176031516137012,0.0,0.0,0.0,872.3929126793716
2022-03-25,893.4051530988615,620.8872816687997,1124.1758705799782,893.4051530988615,893.4051530988615,-33.674155945442045,-33.674155945442045,-33.674155945442045,-26.34894694766022,-26.34894694766022,-26.34894694766022,-7.325208997781823,-7.325208997781823,-7.325208997781823,0.0,0.0,0.0,859.7309971534195
2022-03-26,893.3951800022678,622.1979294889611,1124.4381374740885,893.3951800022678,893.3951800022678,7.142869015398334,7.142869015398334,7.142869015398334,5.516960427994556,5.516960427994556,5.516960427994556,1.6259085874037782,1.6259085874037782,1.6259085874037782,0.0,0.0,0.0,900.5380490176661
2022-03-27,893.3852069056741,666.1021041963611,1164.9363273926988,893.3852069056741,893.3852069056741,20.389287918626692,20.389287918626692,20.389287918626692,9.75777878342377,9.75777878342377,9.75777878342377,10.631509135202926,10.631509135202926,10.631509135202926,0.0,0.0,0.0,913.7744948243007
2022-04-01,893.3353414227054,673.9755726760027,1164.4143071791993,893.3353414227054,893.3353414227054,29.074958786948383,29.074958786948383,29.074958786948383,-26.348946947682506,-26.348946947682506,-26.348946947682506,55.423905734630885,55.423905734630885,55.423905734630885,0.0,0.0,0.0,922.4103002096538
2022-04-02,893.3253683261116,720.4186496050856,1220.3993464994626,893.3253683261116,893.3253683261116,69.74763207615848,69.74763207615848,69.74763207615848,5.516960428110503,5.516960428110503,5.516960428110503,64.23067164804799,64.23067164804799,64.23067164804799,0.0,0.0,0.0,963.07300040227
2022-04-03,893.3153952295179,716.4174251495862,1234.219925049733,893.3153952295179,893.3153952295179,82.7411416103892,82.7411416103892,82.7411416103892,9.757778783414693,9.757778783414693,9.757778783414693,72.98336282697451,72.98336282697451,72.98336282697451,0.0,0.0,0.0,976.056536839907
2022-04-04,893.3054221329241,740.4031408156146,1234.3193733334426,893.3054221329241,893.3054221329241,97.01696815880663,97.01696815880663,97.01696815880663,15.325618498877592,15.325618498877592,15.325618498877592,81.69134965992905,81.69134965992905,81.69134965992905,0.0,0.0,0.0,990.3223902917308
2022-04-05,893.2954490363304,732.9679951249268,1222.0859925878763,893.2954490363304,893.2954490363304,72.77485841946633,72.77485841946633,72.77485841946633,-17.592997133792544,-17.592997133792544,-17.592997133792544,90.36785555325886,90.36785555325886,90.36785555325886,0.0,0.0,0.0,966.0703074557968
2022-04-06,893.2854759397368,765.7472597207451,1269.9768335875704,893.2854759397368,893.2854759397368,117.21675863506464,117.21675863506464,117.21675863506464,18.187768371022297,18.187768371022297,18.187768371022297,99.02899026404235,99.02899026404235,99.02899026404235,0.0,0.0,0.0,1010.5022345748014
2022-04-07,893.275502843143,756.4211045794682,1248.6244726973016,893.275502843143,893.275502843143,102.84659515104921,102.84659515104921,102.84659515104921,-4.846182000037726,-4.846182000037726,-4.846182000037726,107.69277715108696,107.69277715108696,107.69277715108696,0.0,0.0,0.0,996.1220979941922
2022-04-08,893.2655297465493,719.8947032179445,1248.7729961853386,893.2655297465493,893.2655297465493,90.02925444768607,90.02925444768607,90.02925444768607,-26.348946947704786,-26.348946947704786,-26.348946947704786,116.37820139539086,116.37820139539086,116.37820139539086,0.0,0.0,0.0,983.2947841942354
2022-04-09,893.2555566499556,754.8026264925439,1269.338903663461,893.2555566499556,893.2555566499556,130.62126406937782,130.62126406937782,130.62126406937782,5.516960428080978,5.516960428080978,5.516960428080978,125.10430364129685,125.10430364129685,125.10430364129685,0.0,0.0,0.0,1023.8768207193334
2022-04-10,893.2455835533619,761.2984516341883,1278.14486083882,893.2455835533619,893.2455835533619,143.6471191563066,143.6471191563066,143.6471191563066,9.75777878340384,9.75777878340384,9.75777878340384,133.88934037290272,133.88934037290272,133.88934037290272,0.0,0.0,0.0,1036.8927027096686
2022-04-11,893.2356104567682,803.6150792926935,1290.608275889769,893.2356104567682,893.2356104567682,158.07564728474136,158.07564728474136,158.07564728474136,15.325618498857866,15.325618498857866,15.325618498857866,142.7500287858835,142.7500287858835,142.7500287858835,0.0,0.0,0.0,1051.3112577415095
2022-04-12,893.2256373601745,773.5510629680311,1277.9180348138598,893.2256373601745,893.2256373601745,134.1078929508985,134.1078929508985,134.1078929508985,-17.592997133775864,-17.592997133775864,-17.592997133775864,151.70089008467437,151.70089008467437,151.70089008467437,0.0,0.0,0.0,1027.333530311073
2022-04-13,893.2156642635807,831.3586419565111,1304.5169889910208,893.2156642635807,893.2156642635807,178.9414695251156,178.9414695251156,178.9414695251156,18.18776837094222,18.18776837094222,18.18776837094222,160.75370115417337,160.75370115417337,160.75370115417337,0.0,0.0,0.0,1072.1571337886962
2022-04-14,893.205691166987,817.8901446961748,1303.7542914761243,893.205691166987,893.205691166987,165.0708785641108,165.0708785641108,165.0708785641108,-4.84618200003877,-4.84618200003877,-4.84618200003877,169.91706056414955,169.91706056414955,169.91706056414955,0.0,0.0,0.0,1058.2765697310979
2022-04-15,893.1957180703932,801.5920825296183,1307.6805991865538,893.1957180703932,893.1957180703932,152.84712403636485,152.84712403636485,152.84712403636485,-26.348946947637298,-26.348946947637298,-26.348946947637298,179.19607098400215,179.19607098400215,179.19607098400215,0.0,0.0,0.0,1046.0428421067581
2022-04-16,893.1857449737995,844.173800342739,1348.2286026137447,893.1857449737995,893.1857449737995,194.1090968622032,194.1090968622032,194.1090968622032,5.516960428124187,5.516960428124187,5.516960428124187,188.592136434079,188.592136434079,188.592136434079,0.0,0.0,0.0,1087.2948418360027
2022-04-17,893.1757718772058,844.7429459389601,1345.8254881662617,893.1757718772058,893.1757718772058,207.86064826275455,207.86064826275455,207.86064826275455,9.75777878343606,9.75777878343606,9.75777878343606,198.10286947931849,198.10286947931849,198.10286947931849,0.0,0.0,0.0,1101.0364201399602
2022-04-18,893.1657987806121,868.4788995660111,1376.04399357848,893.1657987806121,893.1657987806121,223.04771906594604,223.04771906594604,223.04771906594604,15.325618498839818,15.325618498839818,15.325618498839818,207.72210056710622,207.72210056710622,207.72210056710622,0.0,0.0,0.0,1116.2135178465583
2022-04-19,893.1558256840184,840.5289638549236,1340.5439392239257,893.1558256840184,893.1558256840184,199.84698216200078,199.84698216200078,199.84698216200078,-17.592997133759177,-17.592997133759177,-17.592997133759177,217.43997929575997,217.43997929575997,217.43997929575997,0.0,0.0,0.0,1093.002807846019
2022-04-20,893.1458525874247,876.0313935865609,1365.8332433598368,893.1458525874247,893.1458525874247,245.430923887899,245.430923887899,245.430923887899,18.187768371003408,18.187768371003408,18.187768371003408,227.2431555168956,227.2431555168956,227.2431555168956,0.0,0.0,0.0,1138.5767764753236
2022-04-21,893.1358794908309,871.9841245782064,1357.5577620260233,893.1358794908309,893.1358794908309,232.26884485871437,232.26884485871437,232.26884485871437,-4.846181999922468,-4.846181999922468,-4.846181999922468,237.11502685863687,237.11502685863687,237.11502685863687,0.0,0.0,0.0,1125.4047243495452
2022-04-22,893.1259063942372,878.0294575138703,1371.7168382079835,893.1259063942372,893.1259063942372,220.6870915634844,220.6870915634844,220.6870915634844,-26.348946947739172,-26.348946947739172,-26.348946947739172,247.03603851122355,247.03603851122355,247.03603851122355,0.0,0.0,0.0,1113.8129979577216
2022-04-23,893.1159332976434,890.414170016075,1396.5999061360303,893.1159332976434,893.1159332976434,262.50098136104043,262.50098136104043,262.50098136104043,5.516960428094662,5.516960428094662,5.516960428094662,256.9840209329457,256.9840209329457,256.9840209329457,0.0,0.0,0.0,1155.616914658684
2022-04-24,893.1059602010497,929.2298178532933,1449.307760961431,893.1059602010497,893.1059602010497,276.692330265225,276.692330265225,276.692330265225,9.75777878338568,9.75777878338568,9.75777878338568,266.93455148183926,266.93455148183926,266.93455148183926,0.0,0.0,0.0,1169.7982904662747
2022-04-25,893.095987104456,935.4101138154117,1444.6779791337838,893.095987104456,893.095987104456,292.18694531055297,292.18694531055297,292.18694531055297,15.325618498821772,15.325618498821772,15.325618498821772,276.8613268117312,276.8613268117312,276.8613268117312,0.0,0.0,0.0,1185.2829324150089
2022-04-26,893.0860140078622,913.9532625138229,1408.8350611601713,893.0860140078622,893.0860140078622,269.14353699158744,269.14353699158744,269.14353699158744,-17.592997133786408,-17.592997133786408,-17.592997133786408,286.7365341253738,286.7365341253738,286.7365341253738,0.0,0.0,0.0,1162.2295509994497
2022-04-27,893.0760409112685,954.5601990366567,1449.779597716964,893.0760409112685,893.0760409112685,314.7189793559596,314.7189793559596,314.7189793559596,18.18776837099396,18.18776837099396,18.18776837099396,296.53121098496564,296.53121098496564,296.53121098496564,0.0,0.0,0.0,1207.7950202672282
2022-05-01,893.0361485248936,972.9862451159361,1489.9883664614815,893.0361485248936,893.0361485248936,344.06117668351004,344.06117668351004,344.06117668351004,9.7577787834179,9.7577787834179,9.7577787834179,334.3033979000921,334.3033979000921,334.3033979000921,0.0,0.0,0.0,1237.0973252084036
2022-05-02,893.0261754282999,986.0387924742487,1492.713449159501,893.0261754282999,893.0261754282999,358.568591908695,358.568591908695,358.568591908695,15.325618498905227,15.325618498905227,15.325618498905227,343.2429734097898,343.2429734097898,343.2429734097898,0.0,0.0,0.0,1251.594767336995
2022-05-03,893.0162023317062,975.3927888914844,1463.914942654748,893.0162023317062,893.0162023317062,334.32812636853055,334.32812636853055,334.32812636853055,-17.592997133769725,-17.592997133769725,-17.592997133769725,351.92112350230025,351.92112350230025,351.92112350230025,0.0,0.0,0.0,1227.3443287002367
2022-05-04,893.0062292351124,1029.5972082869475,1513.6061630787412,893.0062292351124,893.0062292351124,378.4964763435275,378.4964763435275,378.4964763435275,18.18776837105515,18.18776837105515,18.18776837105515,360.30870797247235,360.30870797247235,360.30870797247235,0.0,0.0,0.0,1271.50270557864
2022-05-05,892.9962561385187,1010.9374656559168,1488.1269674657826,892.9962561385187,892.9962561385187,363.53114595953963,363.53114595953963,363.53114595953963,-4.846181999924555,-4.846181999924555,-4.846181999924555,368.3773279594642,368.3773279594642,368.3773279594642,0.0,0.0,0.0,1256.5274020980582
2022-05-06,892.9862830419249,989.652060926717,1486.4237519227302,892.9862830419249,892.9862830419249,349.75050043539864,349.75050043539864,349.75050043539864,-26.34894694778374,-26.34894694778374,-26.34894694778374,376.0994473831824,376.0994473831824,376.0994473831824,0.0,0.0,0.0,1242.7367834773236
2022-05-07,892.9763099453313,1035.8062869434782,1533.1598119580046,892.9763099453313,892.9763099453313,388.9654649632179,388.9654649632179,388.9654649632179,5.516960428034296,5.516960428034296,5.516960428034296,383.44850453518364,383.44850453518364,383.44850453518364,0.0,0.0,0.0,1281.9417749085492
2022-05-08,892.9663368487376,1055.0701524721376,1555.1896639943673,892.9663368487376,892.9663368487376,400.15679943903035,400.15679943903035,400.15679943903035,9.757778783408822,9.757778783408822,9.757778783408822,390.39902065562154,390.39902065562154,390.39902065562154,0.0,0.0,0.0,1293.123136287768
2022-05-09,892.9563637521438,1047.8239964361844,1558.0468361369867,892.9563637521438,892.9563637521438,412.25233070928886,412.25233070928886,412.25233070928886,15.32561849888718,15.32561849888718,15.32561849888718,396.92671221040166,396.92671221040166,396.92671221040166,0.0,0.0,0.0,1305.2086944614327
2022-05-10,892.9463906555501,1029.190855393258,1516.3334834701116,892.9463906555501,892.9463906555501,385.4156159592458,385.4156159592458,385.4156159592458,-17.592997133791304,-17.592997133791304,-17.592997133791304,403.0086130930371,403.0086130930371,403.0086130930371,0.0,0.0,0.0,1278.362006614796
2022-05-11,892.9364175589564,1100.245515178565,1579.6367267281194,892.9364175589564,892.9364175589564,426.8109805143838,426.8109805143838,426.8109805143838,18.187768371045703,18.187768371045703,18.187768371045703,408.6232121433381,408.6232121433381,408.6232121433381,0.0,0.0,0.0,1319.7473980733403
2022-05-12,892.9264444623626,1042.414769558771,1548.9041265705457,892.9264444623626,892.9264444623626,408.90442824030765,408.90442824030765,408.90442824030765,-4.846182000014612,-4.846182000014612,-4.846182000014612,413.75061024032226,413.75061024032226,413.75061024032226,0.0,0.0,0.0,1301.8308727026701
2022-05-13,892.916471365769,1038.5231556786525,1549.4389077465137,892.916471365769,892.916471365769,392.02375289434997,392.02375289434997,392.02375289434997,-26.348946947716254,-26.348946947716254,-26.348946947716254,418.3726998420662,418.3726998420662,418.3726998420662,0.0,0.0,0.0,1284.940224260119
2022-05-14,892.9064982691752,1069.0146733342767,1574.0865132584545,892.9064982691752,892.9064982691752,427.9903286982072,427.9903286982072,427.9903286982072,5.516960428077506,5.516960428077506,5.516960428077506,422.47336827012964,422.47336827012964,422.47336827012964,0.0,0.0,0.0,1320.8968269673824
2022-05-15,892.8965251725815,1065.0739819287921,1557.7802908674819,892.8965251725815,892.8965251725815,435.79650312437013,435.79650312437013,435.79650312437013,9.757778783441044,9.757778783441044,9.757778783441044,426.0387243409291,426.0387243409291,426.0387243409291,0.0,0.0,0.0,1328.6930282969515
2022-05-16,892.8865520759878,1078.3384062453135,1576.3080489737097,892.8865520759878,892.8865520759878,444.38296469782256,444.38296469782256,444.38296469782256,15.325618498869133,15.325618498869133,15.325618498869133,429.05734619895344,429.05734619895344,429.05734619895344,0.0,0.0,0.0,1337.2695167738102
2022-05-17,892.876578979394,1042.7223142465855,1562.7784911350038,892.876578979394,892.876578979394,413.92754934737604,413.92754934737604,413.92754934737604,-17.592997133736354,-17.592997133736354,-17.592997133736354,431.52054648111243,431.52054648111243,431.52054648111243,0.0,0.0,0.0,1306.80412832677
2022-05-18,892.8666058828003,1103.8192149650315,1617.260849619732,892.8666058828003,892.8666058828003,451.61041768023233,451.61041768023233,451.61041768023233,18.187768370999724,18.187768370999724,18.187768370999724,433.4226493092326,433.4226493092326,433.4226493092326,0.0,0.0,0.0,1344.4770235630326
2022-05-19,892.8566327862065,1075.0373070158032,1571.0089503401107,892.8566327862065,892.8566327862065,429.9150901351147,429.9150901351147,429.9150901351147,-4.846182000015656,-4.846182000015656,-4.846182000015656,434.7612721351304,434.7612721351304,434.7612721351304,0.0,0.0,0.0,1322.7717229213213
2022-05-20,892.8466596896128,1033.5421231964074,1562.589297577649,892.8466596896128,892.8466596896128,409.18865726290824,409.18865726290824,409.18865726290824,-26.348946947648766,-26.348946947648766,-26.348946947648766,435.53760421055705,435.53760421055705,435.53760421055705,0.0,0.0,0.0,1302.035316952521
2022-05-21,892.8366865930191,1068.1700556460912,1587.8357524442708,892.8366865930191,892.8366865930191,441.27363290493435,441.27363290493435,441.27363290493435,5.5169604280479785,5.5169604280479785,5.5169604280479785,435.75667247688637,435.75667247688637,435.75667247688637,0.0,0.0,0.0,1334.1103194979535
2022-05-22,892.8267134964253,1080.1748094184688,1614.5865494439606,892.8267134964253,892.8267134964253,445.18536378998965,445.18536378998965,445.18536378998965,9.757778783431965,9.757778783431965,9.757778783431965,435.42758500655765,435.42758500655765,435.42758500655765,0.0,0.0,0.0,1338.012077286415
2022-05-23,892.8167404136485,1103.405038587124,1599.6805139067494,892.8167404136485,892.8167404136485,449.88936031200154,449.88936031200154,449.88936031200154,15.325618498950902,15.325618498950902,15.325618498950902,434.5637418130506,434.5637418130506,434.5637418130506,0.0,0.0,0.0,1342.70610072565
2022-05-24,892.8067673308716,1078.196136475592,1549.6543771405823,892.8067673308716,892.8067673308716,415.59000576243125,415.59000576243125,415.59000576243125,-17.59299713375793,-17.59299713375793,-17.59299713375793,433.1830028961892,433.1830028961892,433.1830028961892,0.0,0.0,0.0,1308.3967730933027
2022-05-25,892.7967942480947,1086.4888583265883,1572.9036243233927,892.7967942480947,892.7967942480947,449.4955721802558,449.4955721802558,449.4955721802558,18.187768370990277,18.187768370990277,18.187768370990277,431.3078038092656,431.3078038092656,431.3078038092656,0.0,0.0,0.0,1342.2923664283505
2022-05-26,892.7868211653177,1059.5297327619073,1541.788520843079,892.7868211653177,892.7868211653177,424.11902781750797,424.11902781750797,424.11902781750797,-4.846181999899353,-4.846181999899353,-4.846181999899353,428.9652098174073,428.9652098174073,428.9652098174073,0.0,0.0,0.0,1316.9058489828258
2022-05-27,892.7768480825408,1053.3390077068202,1544.3540628428666,892.7768480825408,892.7768480825408,399.8379538934613,399.8379538934613,399.8379538934613,-26.34894694767105,-26.34894694767105,-26.34894694767105,426.18690084113234,426.18690084113234,426.18690084113234,0.0,0.0,0.0,1292.6148019760021
2022-06-01,892.7269826686563,1066.474521909288,1553.8400649609298,892.7269826686563,892.7269826686563,425.36097917830733,425.36097917830733,425.36097917830733,18.18776837105147,18.18776837105147,18.18776837105147,407.1732108072559,407.1732108072559,407.1732108072559,0.0,0.0,0.0,1318.0879618469637
2022-06-02,892.7170095858794,1033.6570759657507,1531.1881757301774,892.7170095858794,892.7170095858794,397.8364386249875,397.8364386249875,397.8364386249875,-4.846181999900398,-4.846181999900398,-4.846181999900398,402.68262062488793,402.68262062488793,402.68262062488793,0.0,0.0,0.0,1290.553448210867
2022-06-03,892.7070365031026,1012.7910638541778,1500.141963455292,892.7070365031026,892.7070365031026,371.74044022609996,371.74044022609996,371.74044022609996,-26.348946947593394,-26.348946947593394,-26.348946947593394,398.0893871736934,398.0893871736934,398.0893871736934,0.0,0.0,0.0,1264.4474767292027
2022-06-04,892.6970634203255,1065.5211142306505,1551.6172755457542,892.6970634203255,892.6970634203255,398.96898102028325,398.96898102028325,398.96898102028325,5.516960428134399,5.516960428134399,5.516960428134399,393.4520205921488,393.4520205921488,393.4520205921488,0.0,0.0,0.0,1291.6660444406089
2022-06-05,892.6870903375487,1055.4231034785753,1541.2415801608395,892.6870903375487,892.6870903375487,398.58775361579524,398.58775361579524,398.58775361579524,9.75777878337073,9.75777878337073,9.75777878337073,388.82997483242445,388.82997483242445,388.82997483242445,0.0,0.0,0.0,1291.2748439533439
2022-06-06,892.6771172547718,1052.6008862255862,1545.6118216121106,892.6771172547718,892.6771172547718,399.608530247771,399.608530247771,399.608530247771,15.325618498914809,15.325618498914809,15.325618498914809,384.28291174885624,384.28291174885624,384.28291174885624,0.0,0.0,0.0,1292.2856475025428
2022-06-07,892.6671441719949,992.2039264991735,1504.3509928410033,892.6671441719949,892.6671441719949,362.27693645433357,362.27693645433357,362.27693645433357,-17.59299713376283,-17.59299713376283,-17.59299713376283,379.8699335880964,379.8699335880964,379.8699335880964,0.0,0.0,0.0,1254.9440806263285
2022-06-08,892.657171089218,1035.4604696024749,1539.805449596323,892.657171089218,892.657171089218,393.8365658253375,393.8365658253375,393.8365658253375,18.187768370971387,18.187768370971387,18.187768370971387,375.6487974543661,375.6487974543661,375.6487974543661,0.0,0.0,0.0,1286.4937369145555
2022-06-09,892.647198006441,1008.6538545867163,1486.8001596270244,892.647198006441,892.647198006441,366.82894398019783,366.82894398019783,366.82894398019783,-4.8461819999014395,-4.8461819999014395,-4.8461819999014395,371.6751259800993,371.6751259800993,371.6751259800993,0.0,0.0,0.0,1259.4761419866388
2022-06-10,892.6372249236642,991.9033083172361,1484.943689180408,892.6372249236642,892.6372249236642,341.65268177474235,341.65268177474235,341.65268177474235,-26.348946947705443,-26.348946947705443,-26.348946947705443,368.0016287224478,368.0016287224478,368.0016287224478,0.0,0.0,0.0,1234.2899066984066
2022-06-11,892.6272518408873,1029.163901892796,1511.7263117437103,892.6272518408873,892.6272518408873,370.1943091542221,370.1943091542221,370.1943091542221,5.516960428104873,5.516960428104873,5.516960428104873,364.6773487261172,364.6773487261172,364.6773487261172,0.0,0.0,0.0,1262.8215609951094
2022-06-12,892.6172787581104,1009.1927226091325,1499.723216763148,892.6172787581104,892.6172787581104,371.5047270294675,371.5047270294675,371.5047270294675,9.757778783402953,9.757778783402953,9.757778783402953,361.74694824606456,361.74694824606456,361.74694824606456,0.0,0.0,0.0,1264.122005787578
2022-06-13,892.6073056753335,1037.027346385062,1518.7481923998246,892.6073056753335,892.6073056753335,374.5756653302253,374.5756653302253,374.5756653302253,15.325618498896764,15.325618498896764,15.325618498896764,359.25004683132863,359.25004683132863,359.25004683132863,0.0,0.0,0.0,1267.1829710055588
2022-06-14,892.5973325925567,983.6613900596939,1497.8485823170981,892.5973325925567,892.5973325925567,339.62762672598194,339.62762672598194,339.62762672598194,-17.59299713382833,-17.59299713382833,-17.59299713382833,357.22062385981025,357.22062385981025,357.22062385981025,0.0,0.0,0.0,1232.2249593185386
2022-06-15,892.5873595097796,1022.6904379090553,1514.9675596400975,892.5873595097796,892.5873595097796,373.87426459403673,373.87426459403673,373.87426459403673,18.187768371032575,18.187768371032575,18.187768371032575,355.68649622300416,355.68649622300416,355.68649622300416,0.0,0.0,0.0,1266.4616241038163
2022-06-16,892.5773864270027,1006.9898566299203,1492.3961959594815,892.5773864270027,892.5773864270027,349.8226982344666,349.8226982344666,349.8226982344666,-4.846181999902482,-4.846181999902482,-4.846181999902482,354.6688802343691,354.6688802343691,354.6688802343691,0.0,0.0,0.0,1242.4000846614692
2022-06-17,892.5674133442259,988.347235709257,1476.0353871383854,892.5674133442259,892.5674133442259,327.83309808141917,327.83309808141917,327.83309808141917,-26.348946947637955,-26.348946947637955,-26.348946947637955,354.1820450290571,354.1820450290571,354.1820450290571,0.0,0.0,0.0,1220.4005114256452
2022-06-18,892.557440261449,1000.7852520948412,1496.4577609864937,892.557440261449,892.557440261449,359.7500232202922,359.7500232202922,359.7500232202922,5.516960428148084,5.516960428148084,5.516960428148084,354.2330627921441,354.2330627921441,354.2330627921441,0.0,0.0,0.0,1252.3074634817413
2022-06-19,892.547467178672,997.6851168237826,1509.851182307845,892.547467178672,892.547467178672,364.57943793989114,364.57943793989114,364.57943793989114,9.757778783392094,9.757778783392094,9.757778783392094,354.82165915649904,354.82165915649904,354.82165915649904,0.0,0.0,0.0,1257.1269051185632
2022-06-20,892.5374940958951,1010.5767003587115,1509.1946401183734,892.5374940958951,892.5374940958951,371.2657836088303,371.2657836088303,371.2657836088303,15.325618498878718,15.325618498878718,15.325618498878718,355.9401651099516,355.9401651099516,355.9401651099516,0.0,0.0,0.0,1263.8032777047254
2022-06-21,892.5275210131183,991.2563545465415,1471.085024118399,892.5275210131183,892.5275210131183,339.98057266758576,339.98057266758576,339.98057266758576,-17.592997133773377,-17.592997133773377,-17.592997133773377,357.57356980135916,357.57356980135916,357.57356980135916,0.0,0.0,0.0,1232.508093680704
2022-06-22,892.5175479303413,1013.2506737073321,1524.1870708034537,892.5175479303413,892.5175479303413,377.88744016121,377.88744016121,377.88744016121,18.18776837091596,18.18776837091596,18.18776837091596,359.6996717902941,359.6996717902941,359.6996717902941,0.0,0.0,0.0,1270.4049880915513
2022-06-23,892.5075748475645,997.4299232972968,1481.5455069215807,892.5075748475645,892.5075748475645,357.44314259392206,357.44314259392206,357.44314259392206,-4.846181999992542,-4.846181999992542,-4.846181999992542,362.2893245939146,362.2893245939146,362.2893245939146,0.0,0.0,0.0,1249.9507174414866
2022-06-24,892.4976017647875,988.8325036644666,1498.3915409861754,892.4976017647875,892.4976017647875,338.9578239392287,338.9578239392287,338.9578239392287,-26.348946947660234,-26.348946947660234,-26.348946947660234,365.306770886889,365.306770886889,365.306770886889,0.0,0.0,0.0,1231.4554257040163
2022-06-25,892.4876286820106,1026.64964963151,1502.4429183204736,892.4876286820106,892.4876286820106,374.2270188674524,374.2270188674524,374.2270188674524,5.516960427971772,5.516960427971772,5.516960427971772,368.71005843948063,368.71005843948063,368.71005843948063,0.0,0.0,0.0,1266.714647549463
2022-06-26,892.4776555992337,1038.8755009805386,1525.523461211244,892.4776555992337,892.4776555992337,382.2093086396863,382.2093086396863,382.2093086396863,9.757778783424316,9.757778783424316,9.757778783424316,372.45152985626197,372.45152985626197,372.45152985626197,0.0,0.0,0.0,1274.68696423892
2022-06-27,892.4676825164568,1037.661167535822,1545.3374925657267,892.4676825164568,892.4676825164568,391.8039959172578,391.8039959172578,391.8039959172578,15.325618498860669,15.325618498860669,15.325618498860669,376.47837741839714,376.47837741839714,376.47837741839714,0.0,0.0,0.0,1284.2716784337144
2022-07-01,892.4277901853492,1020.4395813567545,1520.7680146091052,892.4277901853492,892.4277901853492,367.88959472615295,367.88959472615295,367.88959472615295,-26.348946947682517,-26.348946947682517,-26.348946947682517,394.23854167383547,394.23854167383547,394.23854167383547,0.0,0.0,0.0,1260.3173849115021
2022-07-02,892.4178171025724,1049.268947208432,1546.1624654148995,892.4178171025724,892.4178171025724,404.28194648292197,404.28194648292197,404.28194648292197,5.516960428087719,5.516960428087719,5.516960428087719,398.76498605483425,398.76498605483425,398.76498605483425,0.0,0.0,0.0,1296.6997635854943
2022-07-03,892.4078440197953,1024.4930081271089,1545.5251493181586,892.4078440197953,892.4078440197953,412.9465170433196,412.9465170433196,412.9465170433196,9.757778783373942,9.757778783373942,9.757778783373942,403.1887382599457,403.1887382599457,403.1887382599457,0.0,0.0,0.0,1305.354361063115
2022-07-04,892.3978709370185,1072.2691711428647,1583.912698144307,892.3978709370185,892.3978709370185,422.76561717390814,422.76561717390814,422.76561717390814,15.325618498840942,15.325618498840942,15.325618498840942,407.4399986750672,407.4399986750672,407.4399986750672,0.0,0.0,0.0,1315.1634881109267
2022-07-05,892.3878978542416,1038.3239231347166,1534.0504183736255,892.3878978542416,892.3878978542416,393.8565035342301,393.8565035342301,393.8565035342301,-17.592997133778272,-17.592997133778272,-17.592997133778272,411.44950066800834,411.44950066800834,411.44950066800834,0.0,0.0,0.0,1286.2444013884717
2022-07-06,892.3779247714647,1074.0758492652715,1550.018413331753,892.3779247714647,892.3779247714647,433.33701993840566,433.33701993840566,433.33701993840566,18.18776837103834,18.18776837103834,18.18776837103834,415.14925156736734,415.14925156736734,415.14925156736734,0.0,0.0,0.0,1325.7149447098705
2022-07-07,892.3679516886878,1065.9148601411002,1547.9781749576757,892.3679516886878,892.3679516886878,413.6270759949667,413.6270759949667,413.6270759949667,-4.846181999966301,-4.846181999966301,-4.846181999966301,418.47325799493296,418.47325799493296,418.47325799493296,0.0,0.0,0.0,1305.9950276836544
2022-07-08,892.3579786059108,1045.1727524646465,1558.7102285396688,892.3579786059108,892.3579786059108,395.0092836569187,395.0092836569187,395.0092836569187,-26.3489469477048,-26.3489469477048,-26.3489469477048,421.35823060462354,421.35823060462354,421.35823060462354,0.0,0.0,0.0,1287.3672622628296
2022-07-09,892.348005523134,1055.1389617143618,1573.8262121222579,892.348005523134,892.348005523134,429.261224216389,429.261224216389,429.261224216389,5.516960428130928,5.516960428130928,5.516960428130928,423.7442637882581,423.7442637882581,423.7442637882581,0.0,0.0,0.0,1321.609229739523
2022-07-10,892.338032440357,1065.2982757522598,1589.2249512115595,892.338032440357,892.338032440357,435.3332650703208,435.3332650703208,435.3332650703208,9.75777878340616,9.75777878340616,9.75777878340616,425.5754862869146,425.5754862869146,425.5754862869146,0.0,0.0,0.0,1327.6712975106777
2022-07-11,892.3280593575802,1095.6018687982023,1588.426762983857,892.3280593575802,892.3280593575802,442.1262973790488,442.1262973790488,442.1262973790488,15.325618498924394,15.325618498924394,15.325618498924394,426.80067888012445,426.80067888012445,426.80067888012445,0.0,0.0,0.0,1334.454356736629
2022-07-12,892.3180862748032,1040.7469062734936,1535.1349982359548,892.3180862748032,892.3180862748032,409.78085827096464,409.78085827096464,409.78085827096464,-17.592997133761585,-17.592997133761585,-17.592997133761585,427.3738554047262,427.3738554047262,427.3738554047262,0.0,0.0,0.0,1302.0989445457678
2022-07-13,892.3081131920264,1084.0877521220445,1593.5487978777358,892.3081131920264,892.3081131920264,445.44257165373557,445.44257165373557,445.44257165373557,18.18776837095826,18.18776837095826,18.18776837095826,427.25480328277735,427.25480328277735,427.25480328277735,0.0,0.0,0.0,1337.750684845762
2022-07-14,892.2981401092494,1066.0980424804384,1562.4699547378011,892.2981401092494,892.2981401092494,421.5633975260917,421.5633975260917,421.5633975260917,-4.846181999878328,-4.846181999878328,-4.846181999878328,426.40957952597006,426.40957952597006,426.40957952597006,0.0,0.0,0.0,1313.8615376353412
2022-07-15,892.2881670264725,1040.1720085462891,1536.2759920107078,892.2881670264725,892.2881670264725,398.46201090498624,398.46201090498624,398.46201090498624,-26.34894694763732,-26.34894694763732,-26.34894694763732,424.8109578526236,424.8109578526236,424.8109578526236,0.0,0.0,0.0,1290.7501779314587
2022-07-16,892.2781939436957,1074.6632263013312,1571.5988905432987,892.2781939436957,892.2781939436957,427.9557825626302,427.9557825626302,427.9557825626302,5.516960428027351,5.516960428027351,5.516960428027351,422.43882213460284,422.43882213460284,422.43882213460284,0.0,0.0,0.0,1320.233976506326
2022-07-17,892.2682208609186,1070.3045558580086,1579.651945339732,892.2682208609186,892.2682208609186,429.03827970725337,429.03827970725337,429.03827970725337,9.75777878343838,9.75777878343838,9.75777878343838,419.28050092381505,419.28050092381505,419.28050092381505,0.0,0.0,0.0,1321.306500568172
2022-07-18,892.2582477781418,1065.6196326369734,1577.6348895827014,892.2582477781418,892.2582477781418,430.6566558333056,430.6566558333056,430.6566558333056,15.325618498904666,15.325618498904666,15.325618498904666,415.331037334401,415.331037334401,415.331037334401,0.0,0.0,0.0,1322.9149036114475
2022-07-19,892.2482746953649,1036.7935597167698,1529.2984107407754,892.2482746953649,892.2482746953649,393.0003909960713,393.0003909960713,393.0003909960713,-17.59299713378882,-17.59299713378882,-17.59299713378882,410.5933881298601,410.5933881298601,410.5933881298601,0.0,0.0,0.0,1285.2486656914361
2022-07-20,892.2383016125881,1053.98356340067,1554.0713495547366,892.2383016125881,892.2383016125881,423.2663139053479,423.2663139053479,423.2663139053479,18.187768371019448,18.187768371019448,18.187768371019448,405.07854553432844,405.07854553432844,405.07854553432844,0.0,0.0,0.0,1315.504615517936
2022-07-21,892.2283285273785,1044.7700801078881,1551.763696727899,892.2283285273785,892.2283285273785,393.9593931076077,393.9593931076077,393.9593931076077,-4.846181999968387,-4.846181999968387,-4.846181999968387,398.80557510757603,398.80557510757603,398.80557510757603,0.0,0.0,0.0,1286.1877216349862
2022-07-22,892.2183554421689,997.2569705552786,1510.5976172953103,892.2183554421689,892.2183554421689,365.45261609653306,365.45261609653306,365.45261609653306,-26.348946947649427,-26.348946947649427,-26.348946947649427,391.8015630441825,391.8015630441825,391.8015630441825,0.0,0.0,0.0,1257.670971538702
2022-07-23,892.2083823569593,1021.6616465493145,1527.0458308669429,892.2083823569593,892.2083823569593,389.6184269534508,389.6184269534508,389.6184269534508,5.516960427997828,5.516960427997828,5.516960427997828,384.101466525453,384.101466525453,384.101466525453,0.0,0.0,0.0,1281.8268093104102
2022-07-24,892.1984092717497,1027.770553929528,1518.6983416087687,892.1984092717497,892.1984092717497,385.5056400909887,385.5056400909887,385.5056400909887,9.757778783388,9.757778783388,9.757778783388,375.7478613076007,375.7478613076007,375.7478613076007,0.0,0.0,0.0,1277.7040493627385
2022-07-25,892.1884361865402,1016.4103109869492,1519.6202396610067,892.1884361865402,892.1884361865402,382.1162001000368,382.1162001000368,382.1162001000368,15.325618498888302,15.325618498888302,15.325618498888302,366.7905816011485,366.7905816011485,366.7905816011485,0.0,0.0,0.0,1274.304636286577
2022-07-26,892.1784631013306,998.0219631299872,1489.6610332374942,892.1784631013306,892.1784631013306,339.6932513715993,339.6932513715993,339.6932513715993,-17.592997133772137,-17.592997133772137,-17.592997133772137,357.2862485053714,357.2862485053714,357.2862485053714,0.0,0.0,0.0,1231.8717144729299
2022-07-27,892.168490016121,1020.0312072348414,1485.1750763141747,892.168490016121,892.168490016121,365.4854531850407,365.4854531850407,365.4854531850407,18.18776837097347,18.18776837097347,18.18776837097347,347.29768481406717,347.29768481406717,347.29768481406717,0.0,0.0,0.0,1257.6539432011618
2022-08-01,892.1186245900731,953.2617369884916,1459.6809403098832,892.1186245900731,892.1186245900731,307.9526281673374,307.9526281673374,307.9526281673374,15.325618498868574,15.325618498868574,15.325618498868574,292.6270096684689,292.6270096684689,292.6270096684689,0.0,0.0,0.0,1200.0712527574105
2022-08-02,892.1086515048636,920.2610056289881,1402.7680184112592,892.1086515048636,892.1086515048636,263.70490628568245,263.70490628568245,263.70490628568245,-17.59299713375545,-17.59299713375545,-17.59299713375545,281.2979034194379,281.2979034194379,281.2979034194379,0.0,0.0,0.0,1155.813557790546
2022-08-03,892.098678419654,897.3949443740781,1446.4706865105586,892.098678419654,892.098678419654,288.2136915035191,288.2136915035191,288.2136915035191,18.187768371034657,18.187768371034657,18.187768371034657,270.0259231324844,270.0259231324844,270.0259231324844,0.0,0.0,0.0,1180.312369923173
2022-08-04,892.0887053344445,890.8977530743607,1388.6045078354425,892.0887053344445,892.0887053344445,254.04365463196083,254.04365463196083,254.04365463196083,-4.846181999970472,-4.846181999970472,-4.846181999970472,258.8898366319313,258.8898366319313,258.8898366319313,0.0,0.0,0.0,1146.1323599664054
2022-08-05,892.0787322492349,860.1371712753828,1350.9774076366832,892.0787322492349,892.0787322492349,221.6160686600339,221.6160686600339,221.6160686600339,-26.348946947783755,-26.348946947783755,-26.348946947783755,247.96501560781766,247.96501560781766,247.96501560781766,0.0,0.0,0.0,1113.694800909269
2022-08-06,892.0687591640253,890.5201340042779,1369.1295377446509,892.0687591640253,892.0687591640253,242.83908624471576,242.83908624471576,242.83908624471576,5.516960428084246,5.516960428084246,5.516960428084246,237.3221258166315,237.3221258166315,237.3221258166315,0.0,0.0,0.0,1134.9078454087412
2022-08-07,892.0587860788157,874.89575769315,1376.6556532194386,892.0587860788157,892.0587860788157,236.78362479189587,236.78362479189587,236.78362479189587,9.757778783409366,9.757778783409366,9.757778783409366,227.02584600848652,227.02584600848652,227.02584600848652,0.0,0.0,0.0,1128.8424108707115
2022-08-08,892.0488129936061,897.2098406843199,1387.3220709450823,892.0488129936061,892.0488129936061,232.45926152753188,232.45926152753188,232.45926152753188,15.325618498848842,15.325618498848842,15.325618498848842,217.13364302868305,217.13364302868305,217.13364302868305,0.0,0.0,0.0,1124.508074521138
2022-08-09,892.0388399083965,847.0473335239836,1331.7458569215094,892.0388399083965,892.0388399083965,190.10163433043516,190.10163433043516,190.10163433043516,-17.59299713377703,-17.59299713377703,-17.59299713377703,207.69463146421216,207.69463146421216,207.69463146421216,0.0,0.0,0.0,1082.1404742388318
2022-08-10,892.0288668231871,865.9032957424197,1365.8277293995081,892.0288668231871,892.0288668231871,216.9363148381841,216.9363148381841,216.9363148381841,18.18776837102521,18.18776837102521,18.18776837102521,198.7485464671589,198.7485464671589,198.7485464671589,0.0,0.0,0.0,1108.9651816613712
2022-08-11,892.0188937379775,829.8840790030481,1332.1958358904756,892.0188937379775,892.0188937379775,185.4786759224224,185.4786759224224,185.4786759224224,-4.846182000060531,-4.846182000060531,-4.846182000060531,190.32485792248298,190.32485792248298,190.32485792248298,0.0,0.0,0.0,1077.4975696604
2022-08-12,892.0089206527679,796.2655502425024,1296.0424540782863,892.0089206527679,892.0089206527679,156.09310594520596,156.09310594520596,156.09310594520596,-26.3489469477061,-26.3489469477061,-26.3489469477061,182.44205289291205,182.44205289291205,182.44205289291205,0.0,0.0,0.0,1048.102026597974
2022-08-13,891.9989475675583,833.2000074244582,1312.5957720654294,891.9989475675583,891.9989475675583,180.62407167189815,180.62407167189815,180.62407167189815,5.516960428127456,5.516960428127456,5.516960428127456,175.10711124377067,175.10711124377067,175.10711124377067,0.0,0.0,0.0,1072.6230192394564
2022-08-14,891.9889744823487,823.83599048471,1302.0087549500208,891.9889744823487,891.9889744823487,178.07297530620795,178.07297530620795,178.07297530620795,9.757778783441589,9.757778783441589,9.757778783441589,168.31519652276637,168.31519652276637,168.31519652276637,0.0,0.0,0.0,1070.0619497885566
2022-08-15,891.9790013971391,802.5476187917051,1325.7307395671683,891.9790013971391,891.9790013971391,177.37519906287451,177.37519906287451,177.37519906287451,15.325618498832478,15.325618498832478,15.325618498832478,162.049580564042,162.049580564042,162.049580564042,0.0,0.0,0.0,1069.3542004600135
2022-08-16,891.9690283119295,774.0667406722581,1299.1972525109545,891.9690283119295,891.9690283119295,138.68881881571724,138.68881881571724,138.68881881571724,-17.592997133722076,-17.592997133722076,-17.592997133722076,156.2818159494393,156.2818159494393,156.2818159494393,0.0,0.0,0.0,1030.6578471276466
2022-08-17,891.9590552267199,811.0682312993837,1305.388883075634,891.9590552267199,891.9590552267199,169.15993383284848,169.15993383284848,169.15993383284848,18.187768371015768,18.187768371015768,18.187768371015768,150.9721654618327,150.9721654618327,150.9721654618327,0.0,0.0,0.0,1061.1189890595683
2022-08-18,891.9490821415104,763.5898809321764,1282.213606744971,891.9490821415104,891.9490821415104,141.2241101002606,141.2241101002606,141.2241101002606,-4.84618199994423,-4.84618199994423,-4.84618199994423,146.07029210020485,146.07029210020485,146.07029210020485,0.0,0.0,0.0,1033.173192241771
2022-08-19,891.9391090563008,745.308300612506,1252.0583347729123,891.9391090563008,891.9391090563008,115.16726026153341,115.16726026153341,115.16726026153341,-26.348946947728376,-26.348946947728376,-26.348946947728376,141.51620720926178,141.51620720926178,141.51620720926178,0.0,0.0,0.0,1007.1063693178343
2022-08-20,891.9291359710912,784.4384796009186,1292.6895372383055,891.9291359710912,891.9291359710912,142.75842837280047,142.75842837280047,142.75842837280047,5.51696042809793,5.51696042809793,5.51696042809793,137.24146794470252,137.24146794470252,137.24146794470252,0.0,0.0,0.0,1034.6875643438916
2022-08-21,891.9191628858816,791.8339601892765,1275.246972857723,891.9191628858816,891.9191628858816,142.92838758596923,142.92838758596923,142.92838758596923,9.757778783432506,9.757778783432506,9.757778783432506,133.17060880253672,133.17060880253672,133.17060880253672,0.0,0.0,0.0,1034.8475504718508
2022-08-22,891.9091898006722,784.7272569526352,1311.238389085299,891.9091898006722,891.9091898006722,144.54840395023965,144.54840395023965,144.54840395023965,15.325618498914249,15.325618498914249,15.325618498914249,129.2227854513254,129.2227854513254,129.2227854513254,0.0,0.0,0.0,1036.4575937509119
2022-08-23,891.8992167154626,742.2858216886297,1245.1719816016412,891.8992167154626,891.8992167154626,107.72060566575077,107.72060566575077,107.72060566575077,-17.59299713378758,-17.59299713378758,-17.59299713378758,125.31360279953836,125.31360279953836,125.31360279953836,0.0,0.0,0.0,999.6198223812133
2022-08-24,891.889243630253,790.7733469500856,1268.8855438140777,891.889243630253,891.889243630253,139.54486165360825,139.54486165360825,139.54486165360825,18.18776837100632,18.18776837100632,18.18776837100632,121.35709328260192,121.35709328260192,121.35709328260192,0.0,0.0,0.0,1031.4341052838613
2022-08-25,891.8792705450434,755.6300518751555,1253.8279269635316,891.8792705450434,891.8792705450434,112.42162394803651,112.42162394803651,112.42162394803651,-4.84618200003429,-4.84618200003429,-4.84618200003429,117.26780594807082,117.26780594807082,117.26780594807082,0.0,0.0,0.0,1004.3008944930799
2022-08-26,891.8692974598339,718.4426175994844,1239.8699848198924,891.8692974598339,891.8692974598339,86.61401527915068,86.61401527915068,86.61401527915068,-26.34894694766089,-26.34894694766089,-26.34894694766089,112.96296222681157,112.96296222681157,112.96296222681157,0.0,0.0,0.0,978.4833127389845
2022-08-27,891.8593243746243,750.0563615626063,1237.8956431042534,891.8593243746243,891.8593243746243,113.88159089188834,113.88159089188834,113.88159089188834,5.516960428213877,5.516960428213877,5.516960428213877,108.36463046367446,108.36463046367446,108.36463046367446,0.0,0.0,0.0,1005.7409152665126
2022-09-01,891.8094589485763,718.4937279221124,1192.7255108156544,891.8094589485763,891.8094589485763,73.99713850819354,73.99713850819354,73.99713850819354,-4.8461819999463165,-4.8461819999463165,-4.8461819999463165,78.84332050813985,78.84332050813985,78.84332050813985,0.0,0.0,0.0,965.8065974567699
2022-09-02,891.7994858633667,676.8931331100345,1186.5121381567633,891.7994858633667,891.7994858633667,45.02493279394194,45.02493279394194,45.02493279394194,-26.348946947593408,-26.348946947593408,-26.348946947593408,71.37387974153535,71.37387974153535,71.37387974153535,0.0,0.0,0.0,936.8244186573087
2022-09-03,891.7895127781572,710.7526336240851,1222.1842942606502,891.7895127781572,891.7895127781572,68.88093824469681,68.88093824469681,68.88093824469681,5.516960428037565,5.516960428037565,5.516960428037565,63.363977816659244,63.363977816659244,63.363977816659244,0.0,0.0,0.0,960.6704510228541
2022-09-04,891.7795396929477,726.6743008252605,1203.203689428669,891.7795396929477,891.7795396929477,64.59587356630861,64.59587356630861,64.59587356630861,9.75777878341435,9.75777878341435,9.75777878341435,54.83809478289427,54.83809478289427,54.83809478289427,0.0,0.0,0.0,956.3754132592562
2022-09-05,891.769566607738,687.4293306367268,1199.745142424832,891.769566607738,891.769566607738,61.163281179831586,61.163281179831586,61.163281179831586,15.325618498878157,15.325618498878157,15.325618498878157,45.83766268095343,45.83766268095343,45.83766268095343,0.0,0.0,0.0,952.9328477875697
2022-09-06,891.7595935225285,670.6086850607778,1153.6420053309469,891.7595935225285,891.7595935225285,18.827800066919586,18.827800066919586,18.827800066919586,-17.592997133792473,-17.592997133792473,-17.592997133792473,36.42079720071206,36.42079720071206,36.42079720071206,0.0,0.0,0.0,910.5873935894481
2022-09-07,891.7496204373189,681.0367421278324,1180.7831025098594,891.7496204373189,891.7496204373189,44.84938199443607,44.84938199443607,44.84938199443607,18.187768370987428,18.187768370987428,18.187768370987428,26.661613623448645,26.661613623448645,26.661613623448645,0.0,0.0,0.0,936.5990024317549
2022-09-08,891.7396473521093,668.681816638076,1149.4043252275865,891.7396473521093,891.7396473521093,11.802945156727779,11.802945156727779,11.802945156727779,-4.846181999830015,-4.846181999830015,-4.846181999830015,16.649127156557796,16.649127156557796,16.649127156557796,0.0,0.0,0.0,903.5425925088371
2022-09-09,891.7296742668998,619.2532463293007,1131.4746115093844,891.7296742668998,891.7296742668998,-19.863198970122166,-19.863198970122166,-19.863198970122166,-26.348946947705457,-26.348946947705457,-26.348946947705457,6.485747977583286,6.485747977583286,6.485747977583286,0.0,0.0,0.0,871.8664752967776
2022-09-10,891.7197011816902,650.830204126177,1141.7962151789384,891.7197011816902,891.7197011816902,1.8023520766893704,1.8023520766893704,1.8023520766893704,5.516960428080775,5.516960428080775,5.516960428080775,-3.714608351391405,-3.714608351391405,-3.714608351391405,0.0,0.0,0.0,893.5220532583795
2022-09-11,891.7097280964807,624.4737893051214,1133.6794598801364,891.7097280964807,891.7097280964807,-4.070985432481989,-4.070985432481989,-4.070985432481989,9.757778783446572,9.757778783446572,9.757778783446572,-13.828764215928562,-13.828764215928562,-13.828764215928562,0.0,0.0,0.0,887.6387426639988
2022-09-12,891.6997550112711,653.0650218881968,1129.7504584721025,891.6997550112711,891.6997550112711,-8.401217817175672,-8.401217817175672,-8.401217817175672,15.325618498860111,15.325618498860111,15.325618498860111,-23.726836316035783,-23.726836316035783,-23.726836316035783,0.0,0.0,0.0,883.2985371940955
2022-09-13,891.6897819260615,619.0552796727719,1092.669757923255,891.6897819260615,891.6897819260615,-50.86805232195434,-50.86805232195434,-50.86805232195434,-17.592997133814055,-17.592997133814055,-17.592997133814055,-33.27505518814028,-33.27505518814028,-33.27505518814028,0.0,0.0,0.0,840.8217296041072
2022-09-14,891.6798088408519,624.0116940131187,1136.6589628796062,891.6798088408519,891.6798088408519,-24.15102138281671,-24.15102138281671,-24.15102138281671,18.187768371012083,18.187768371012083,18.187768371012083,-42.3387897538288,-42.3387897538288,-42.3387897538288,0.0,0.0,0.0,867.5287874580353
2022-09-15,891.6698357556423,579.6521707993043,1068.49811014066,891.6698357556423,891.6698357556423,-55.63189368571394,-55.63189368571394,-55.63189368571394,-4.8461819998310585,-4.8461819998310585,-4.8461819998310585,-50.78571168588288,-50.78571168588288,-50.78571168588288,0.0,0.0,0.0,836.0379420699284
2022-09-16,891.6598626704327,555.7166296245654,1052.8855153660704,891.6598626704327,891.6598626704327,-84.8379756334509,-84.8379756334509,-84.8379756334509,-26.348946947637973,-26.348946947637973,-26.348946947637973,-58.48902868581291,-58.48902868581291,-58.48902868581291,0.0,0.0,0.0,806.8218870369818
2022-09-17,891.6498895852231,583.2897407655538,1063.8236812089976,891.6498895852231,891.6498895852231,-59.81375122334342,-59.81375122334342,-59.81375122334342,5.516960428051248,5.516960428051248,5.516960428051248,-65.33071165139467,-65.33071165139467,-65.33071165139467,0.0,0.0,0.0,831.8361383618798
2022-09-18,891.6399165000137,581.8518574378171,1086.435695909771,891.6399165000137,891.6399165000137,-61.44685955379314,-61.44685955379314,-61.44685955379314,9.757778783394416,9.757778783394416,9.757778783394416,-71.20463833718755,-71.20463833718755,-71.20463833718755,0.0,0.0,0.0,830.1930569462205
2022-09-19,891.6299434067769,586.1105650442627,1092.8456230982551,891.6299434067769,891.6299434067769,-60.693957088536884,-60.693957088536884,-60.693957088536884,15.325618498943564,15.325618498943564,15.325618498943564,-76.01957558748045,-76.01957558748045,-76.01957558748045,0.0,0.0,0.0,830.93598631824
2022-09-20,891.6199703135401,531.0533926800955,1064.0635146528405,891.6199703135401,891.6199703135401,-97.29492076143035,-97.29492076143035,-97.29492076143035,-17.592997133759102,-17.592997133759102,-17.592997133759102,-79.70192362767125,-79.70192362767125,-79.70192362767125,0.0,0.0,0.0,794.3250495521097
2022-09-21,891.6099972203032,585.5091618100042,1079.866909875838,891.6099972203032,891.6099972203032,-64.01038088752308,-64.01038088752308,-64.01038088752308,18.187768371002637,18.187768371002637,18.187768371002637,-82.19814925852572,-82.19814925852572,-82.19814925852572,0.0,0.0,0.0,827.5996163327801
2022-09-22,891.6000241270664,560.0158412492435,1064.2120073677333,891.6000241270664,891.6000241270664,-88.32302208031402,-88.32302208031402,-88.32302208031402,-4.846181999921115,-4.846181999921115,-4.846181999921115,-83.4768400803929,-83.4768400803929,-83.4768400803929,0.0,0.0,0.0,803.2770020467524
2022-09-23,891.5900510338296,531.5906675173296,1033.4940437341743,891.5900510338296,891.5900510338296,-109.87926595724197,-109.87926595724197,-109.87926595724197,-26.34894694766025,-26.34894694766025,-26.34894694766025,-83.53031900958172,-83.53031900958172,-83.53031900958172,0.0,0.0,0.0,781.7107850765876
2022-09-24,891.5800779405928,582.5985921150956,1032.3220378340397,891.5800779405928,891.5800779405928,-76.85880677525198,-76.85880677525198,-76.85880677525198,5.516960428021722,5.516960428021722,5.516960428021722,-82.37576720327368,-82.37576720327368,-82.37576720327368,0.0,0.0,0.0,814.7212711653408
2022-09-25,891.570104847356,576.4753537575942,1051.1359075821736,891.570104847356,891.570104847356,-70.29803512919293,-70.29803512919293,-70.29803512919293,9.757778783426636,9.757778783426636,9.757778783426636,-80.05581391261956,-80.05581391261956,-80.05581391261956,0.0,0.0,0.0,821.272069718163
2022-09-26,891.5601317541191,584.7786631617224,1093.284707333592,891.5601317541191,891.5601317541191,-61.312945013128726,-61.312945013128726,-61.312945013128726,15.325618498925515,15.325618498925515,15.325618498925515,-76.63856351205423,-76.63856351205423,-76.63856351205423,0.0,0.0,0.0,830.2471867409904
2022-09-27,891.5501586608823,554.6809297878925,1066.8782055903418,891.5501586608823,891.5501586608823,-89.81003988109377,-89.81003988109377,-89.81003988109377,-17.59299713378068,-17.59299713378068,-17.59299713378068,-72.2170427473131,-72.2170427473131,-72.2170427473131,0.0,0.0,0.0,801.7401187797885
2022-10-01,891.5102662879351,556.6747781654154,1104.5115190233103,891.5102662879351,891.5102662879351,-41.62468184194342,-41.62468184194342,-41.62468184194342,5.516960428137669,5.516960428137669,5.516960428137669,-47.14164227008109,-47.14164227008109,-47.14164227008109,0.0,0.0,0.0,849.8855844459916
2022-10-02,891.5002931946983,601.483614442899,1105.7774261151937,891.5002931946983,891.5002931946983,-30.09790003071542,-30.09790003071542,-30.09790003071542,9.75777878337626,9.75777878337626,9.75777878337626,-39.855678814091675,-39.855678814091675,-39.855678814091675,0.0,0.0,0.0,861.4023931639829
2022-10-03,891.4903201014615,619.7953175717814,1122.3783780390709,891.4903201014615,891.4903201014615,-17.21943422925181,-17.21943422925181,-17.21943422925181,15.325618498905785,15.325618498905785,15.325618498905785,-32.54505272815759,-32.54505272815759,-32.54505272815759,0.0,0.0,0.0,874.2708858722098
2022-10-04,891.4803470082247,610.946956051836,1103.4216127144803,891.4803470082247,891.4803470082247,-43.00886368019797,-43.00886368019797,-43.00886368019797,-17.592997133763998,-17.592997133763998,-17.592997133763998,-25.41586654643398,-25.41586654643398,-25.41586654643398,0.0,0.0,0.0,848.4714833280268
2022-10-05,891.4703739149878,663.7680761137271,1139.0969752315161,891.4703739149878,891.4703739149878,-0.48857008924612055,-0.48857008924612055,-0.48857008924612055,18.187768370947214,18.187768370947214,18.187768370947214,-18.676338460193335,-18.676338460193335,-18.676338460193335,0.0,0.0,0.0,890.9818038257417
2022-10-06,891.460400821751,623.5763747678172,1126.8259559534551,891.460400821751,891.460400821751,-17.378675607501247,-17.378675607501247,-17.378675607501247,-4.846182000012218,-4.846182000012218,-4.846182000012218,-12.532493607489029,-12.532493607489029,-12.532493607489029,0.0,0.0,0.0,874.0817252142498
2022-10-07,891.4504277285142,606.7769087191522,1088.9087627259537,891.4504277285142,891.4504277285142,-33.532758673956515,-33.532758673956515,-33.532758673956515,-26.34894694769464,-26.34894694769464,-26.34894694769464,-7.183811726261873,-7.183811726261873,-7.183811726261873,0.0,0.0,0.0,857.9176690545577
2022-10-08,891.4404546352774,634.2256386262692,1141.8968449304052,891.4404546352774,891.4404546352774,2.698028489181266,2.698028489181266,2.698028489181266,5.516960428108143,5.516960428108143,5.516960428108143,-2.818931938926876,-2.818931938926876,-2.818931938926876,0.0,0.0,0.0,894.1384831244587
2022-10-09,891.4304815420405,644.8361366233329,1138.7013733516612,891.4304815420405,891.4304815420405,10.146262595275294,10.146262595275294,10.146262595275294,9.757778783408478,9.757778783408478,9.757778783408478,0.388483811866816,0.388483811866816,0.388483811866816,0.0,0.0,0.0,901.5767441373158
2022-10-10,891.4205084488037,664.7338648392745,1145.764711776038,891.4205084488037,891.4205084488037,17.60924738981188,17.60924738981188,17.60924738981188,15.32561849888774,15.32561849888774,15.32561849888774,2.28362889092414,2.28362889092414,2.28362889092414,0.0,0.0,0.0,909.0297558386156
2022-10-11,891.4105353555669,615.0278657100398,1121.6608240873327,891.4105353555669,891.4105353555669,-14.858921034890294,-14.858921034890294,-14.858921034890294,-17.592997133791233,-17.592997133791233,-17.592997133791233,2.7340760989009367,2.7340760989009367,2.7340760989009367,0.0,0.0,0.0,876.5516143206767
2022-10-12,891.4005622623301,673.8887960147769,1172.37789405979,891.4005622623301,891.4005622623301,19.8206272688302,19.8206272688302,19.8206272688302,18.187768370937768,18.187768370937768,18.187768370937768,1.6328588978924343,1.6328588978924343,1.6328588978924343,0.0,0.0,0.0,911.2211895311603
2022-10-13,891.3905891690933,645.2673131212167,1116.3443464626082,891.3905891690933,891.3905891690933,-5.94515219487869,-5.94515219487869,-5.94515219487869,-4.8461819999242435,-4.8461819999242435,-4.8461819999242435,-1.0989701949544464,-1.0989701949544464,-1.0989701949544464,0.0,0.0,0.0,885.4454369742147
2022-10-14,891.3806160758564,619.4330206834372,1131.7455984621151,891.3806160758564,891.3806160758564,-31.859319813086227,-31.859319813086227,-31.859319813086227,-26.34894694762716,-26.34894694762716,-26.34894694762716,-5.510372865459073,-5.510372865459073,-5.510372865459073,0.0,0.0,0.0,859.5212962627702
2022-10-15,891.3706429826196,632.1486463995061,1123.1467219983836,891.3706429826196,891.3706429826196,-6.1020452965904335,-6.1020452965904335,-6.1020452965904335,5.516960428077303,5.516960428077303,5.516960428077303,-11.619005724667735,-11.619005724667735,-11.619005724667735,0.0,0.0,0.0,885.2685976860292
2022-10-16,891.3606698893828,642.3563433878245,1132.1415382497046,891.3606698893828,891.3606698893828,-9.652810911004089,-9.652810911004089,-9.652810911004089,9.757778783397624,9.757778783397624,9.757778783397624,-19.41058969440171,-19.41058969440171,-19.41058969440171,0.0,0.0,0.0,881.7078589783788
2022-10-17,891.350696796146,650.2654863823999,1115.5363561538786,891.350696796146,891.350696796146,-13.513374873098606,-13.513374873098606,-13.513374873098606,15.325618498868009,15.325618498868009,15.325618498868009,-28.838993371966613,-28.838993371966613,-28.838993371966613,0.0,0.0,0.0,877.8373219230474
2022-10-18,891.3407237029094,574.9627929400548,1086.4126599144909,891.3407237029094,891.3407237029094,-57.42003604649219,-57.42003604649219,-57.42003604649219,-17.592997133774546,-17.592997133774546,-17.592997133774546,-39.827038912717654,-39.827038912717654,-39.827038912717654,0.0,0.0,0.0,833.9206876564172
2022-10-19,891.3307506096725,602.7958175555461,1104.5504957514922,891.3307506096725,891.3307506096725,-34.08025332979311,-34.08025332979311,-34.08025332979311,18.18776837092832,18.18776837092832,18.18776837092832,-52.268021700721434,-52.268021700721434,-52.268021700721434,0.0,0.0,0.0,857.2504972798794
2022-10-20,891.3207775164357,572.9817682081831,1070.1579739808913,891.3207775164357,891.3207775164357,-70.87409974283648,-70.87409974283648,-70.87409974283648,-4.846182000014303,-4.846182000014303,-4.846182000014303,-66.02791774282217,-66.02791774282217,-66.02791774282217,0.0,0.0,0.0,820.4466777735992
2022-10-21,891.3108044231989,529.5587698048213,1046.6200548739214,891.3108044231989,891.3108044231989,-107.29718269826816,-107.29718269826816,-107.29718269826816,-26.348946947649438,-26.348946947649438,-26.348946947649438,-80.94823575061872,-80.94823575061872,-80.94823575061872,0.0,0.0,0.0,784.0136217249308
2022-10-22,891.3008313299621,549.9371233204536,1058.4616965123205,891.3008313299621,891.3008313299621,-91.33249427183948,-91.33249427183948,-91.33249427183948,5.516960428047777,5.516960428047777,5.516960428047777,-96.84945469988726,-96.84945469988726,-96.84945469988726,0.0,0.0,0.0,799.9683370581226
2022-10-23,891.2908582367252,545.9310257191286,1037.0400344578777,891.2908582367252,891.2908582367252,-103.77719390752281,-103.77719390752281,-103.77719390752281,9.757778783388545,9.757778783388545,9.757778783388545,-113.53497269091136,-113.53497269091136,-113.53497269091136,0.0,0.0,0.0,787.5136643292024
2022-10-24,891.2808851434884,544.9933120493071,1030.0606914830198,891.2808851434884,891.2808851434884,-115.46986107029811,-115.46986107029811,-115.46986107029811,15.325618498851648,15.325618498851648,15.325618498851648,-130.79547956914976,-130.79547956914976,-130.79547956914976,0.0,0.0,0.0,775.8110240731903
2022-10-25,891.2709120502516,494.3006343327068,981.5352277802285,891.2709120502516,891.2709120502516,-166.00665149722698,-166.00665149722698,-166.00665149722698,-17.592997133796125,-17.592997133796125,-17.592997133796125,-148.41365436343088,-148.41365436343088,-148.41365436343088,0.0,0.0,0.0,725.2642605530245
2022-10-26,891.2609389570148,477.02584125139896,976.0631194636668,891.2609389570148,891.2609389570148,-147.98131109286632,-147.98131109286632,-147.98131109286632,18.18776837098951,18.18776837098951,18.18776837098951,-166.16907946385584,-166.16907946385584,-166.16907946385584,0.0,0.0,0.0,743.2796278641484
2022-10-27,891.250965863778,466.33095064698176,953.6064943409035,891.250965863778,891.250965863778,-188.68943886143512,-188.68943886143512,-188.68943886143512,-4.846181999898004,-4.846181999898004,-4.846181999898004,-183.84325686153713,-183.84325686153713,-183.84325686153713,0.0,0.0,0.0,702.5615270023429
2022-11-01,891.2011003975939,374.77384999335015,871.2639969791048,891.2011003975939,891.2011003975939,-281.6897184819987,-281.6897184819987,-281.6897184819987,-17.592997133785097,-17.592997133785097,-17.592997133785097,-264.0967213482136,-264.0967213482136,-264.0967213482136,0.0,0.0,0.0,609.5113819155952
2022-11-02,891.191127304357,390.16554704021263,891.9149634905691,891.191127304357,891.191127304357,-259.2178265855524,-259.2178265855524,-259.2178265855524,18.1877683710507,18.1877683710507,18.1877683710507,-277.40559495660307,-277.40559495660307,-277.40559495660307,0.0,0.0,0.0,631.9733007188046
2022-11-03,891.1811542111203,338.43418017017774,833.8621104885679,891.1811542111203,891.1811542111203,-294.39218468438645,-294.39218468438645,-294.39218468438645,-4.846181999899045,-4.846181999899045,-4.846181999899045,-289.5460026844874,-289.5460026844874,-289.5460026844874,0.0,0.0,0.0,596.7889695267338
2022-11-04,891.1711811178835,307.0152721783101,809.8740325708692,891.1711811178835,891.1711811178835,-326.8183291444848,-326.8183291444848,-326.8183291444848,-26.348946947694003,-26.348946947694003,-26.348946947694003,-300.4693821967908,-300.4693821967908,-300.4693821967908,0.0,0.0,0.0,564.3528519733987
2022-11-05,891.1612080246467,338.2152829256087,831.1375586323517,891.1612080246467,891.1612080246467,-304.6432969082612,-304.6432969082612,-304.6432969082612,5.516960428134196,5.516960428134196,5.516960428134196,-310.1602573363954,-310.1602573363954,-310.1602573363954,0.0,0.0,0.0,586.5179111163854
2022-11-06,891.1512349314098,340.2382938712389,826.284103197513,891.1512349314098,891.1512349314098,-308.87873577370596,-308.87873577370596,-308.87873577370596,9.75777878341169,9.75777878341169,9.75777878341169,-318.6365145571176,-318.6365145571176,-318.6365145571176,0.0,0.0,0.0,582.2724991577038
2022-11-07,891.141261838173,339.9859760154256,808.9994140699766,891.141261838173,891.141261838173,-310.6232492809556,-310.6232492809556,-310.6232492809556,15.325618498915372,15.325618498915372,15.325618498915372,-325.94886777987097,-325.94886777987097,-325.94886777987097,0.0,0.0,0.0,580.5180125572174
2022-11-08,891.1312887449362,306.5651498208376,785.1583684340923,891.1312887449362,891.1312887449362,-349.77251525743947,-349.77251525743947,-349.77251525743947,-17.592997133806673,-17.592997133806673,-17.592997133806673,-332.17951812363276,-332.17951812363276,-332.17951812363276,0.0,0.0,0.0,541.3587734874968
2022-11-09,891.1213156516994,313.60727444873015,825.3061594144618,891.1213156516994,891.1213156516994,-319.25226622799744,-319.25226622799744,-319.25226622799744,18.18776837104125,18.18776837104125,18.18776837104125,-337.44003459903865,-337.44003459903865,-337.44003459903865,0.0,0.0,0.0,571.869049423702
2022-11-10,891.1113425584626,299.60005105875535,789.9886849289558,891.1113425584626,891.1113425584626,-346.7146830262406,-346.7146830262406,-346.7146830262406,-4.846181999900089,-4.846181999900089,-4.846181999900089,-341.8685010263405,-341.8685010263405,-341.8685010263405,0.0,0.0,0.0,544.396659532222
2022-11-11,891.1013694652257,296.0735000970532,773.6609847816496,891.1013694652257,891.1013694652257,-371.97493961428734,-371.97493961428734,-371.97493961428734,-26.348946947626516,-26.348946947626516,-26.348946947626516,-345.62599266666086,-345.62599266666086,-345.62599266666086,0.0,0.0,0.0,519.1264298509384
2022-11-12,891.0913963719889,305.0183096679288,793.4119532143781,891.0913963719889,891.0913963719889,-343.37550244630216,-343.37550244630216,-343.37550244630216,5.516960428030621,5.516960428030621,5.516960428030621,-348.8924628743328,-348.8924628743328,-348.8924628743328,0.0,0.0,0.0,547.7158939256867
2022-11-13,891.0814232787521,291.81981315984615,801.1149634536421,891.0814232787521,891.0814232787521,-342.10435628038846,-342.10435628038846,-342.10435628038846,9.757778783443907,9.757778783443907,9.757778783443907,-351.86213506383234,-351.86213506383234,-351.86213506383234,0.0,0.0,0.0,548.9770669983636
2022-11-14,891.0714501855153,299.0975095673143,794.6600254851783,891.0714501855153,891.0714501855153,-339.41288954582814,-339.41288954582814,-339.41288954582814,15.325618498897324,15.325618498897324,15.325618498897324,-354.73850804472545,-354.73850804472545,-354.73850804472545,0.0,0.0,0.0,551.6585606396873
2022-11-15,891.0614770922786,284.75230988189776,772.973814865096,891.0614770922786,891.0614770922786,-375.3220901168204,-375.3220901168204,-375.3220901168204,-17.592997133751723,-17.592997133751723,-17.592997133751723,-357.7290929830687,-357.7290929830687,-357.7290929830687,0.0,0.0,0.0,515.7393869754582
2022-11-16,891.0515039986093,297.0512454209138,824.0924952158108,891.0515039986093,891.0515039986093,-342.8522392525907,-342.8522392525907,-342.8522392525907,18.187768371031805,18.187768371031805,18.187768371031805,-361.0400076236225,-361.0400076236225,-361.0400076236225,0.0,0.0,0.0,548.1992647460186
2022-11-17,891.04153090494,276.4150741504678,772.3590156760839,891.04153090494,891.04153090494,-369.7167397509534,-369.7167397509534,-369.7167397509534,-4.846181999990148,-4.846181999990148,-4.846181999990148,-364.87055775096326,-364.87055775096326,-364.87055775096326,0.0,0.0,0.0,521.3247911539866
2022-11-18,891.0315578112708,261.15474619437316,734.3613263019331,891.0315578112708,891.0315578112708,-395.7568840005483,-395.7568840005483,-395.7568840005483,-26.348946947728393,-26.348946947728393,-26.348946947728393,-369.40793705281993,-369.40793705281993,-369.40793705281993,0.0,0.0,0.0,495.27467381072245
2022-11-19,891.0215847176016,297.2244091421337,749.5683033257061,891.0215847176016,891.0215847176016,-369.30521409563664,-369.30521409563664,-369.30521409563664,5.516960428001095,5.516960428001095,5.516960428001095,-374.8221745236377,-374.8221745236377,-374.8221745236377,0.0,0.0,0.0,521.716370621965
2022-11-20,891.0116116239324,271.639373378216,751.5768397075141,891.0116116239324,891.0116116239324,-371.5036745597319,-371.5036745597319,-371.5036745597319,9.757778783434826,9.757778783434826,9.757778783434826,-381.26145334316675,-381.26145334316675,-381.26145334316675,0.0,0.0,0.0,519.5079370642004
2022-11-21,891.0016385302632,253.57285518927262,767.6936763405789,891.0016385302632,891.0016385302632,-373.52229839479173,-373.52229839479173,-373.52229839479173,15.325618498879278,15.325618498879278,15.325618498879278,-388.84791689367097,-388.84791689367097,-388.84791689367097,0.0,0.0,0.0,517.4793401354715
2022-11-22,890.9916654365938,229.57130736991502,688.4543655766635,890.9916654365938,890.9916654365938,-415.2670635615794,-415.2670635615794,-415.2670635615794,-17.592997133773306,-17.592997133773306,-17.592997133773306,-397.67406642780605,-397.67406642780605,-397.67406642780605,0.0,0.0,0.0,475.72460187501446
2022-11-23,890.9816923429247,244.97161078349566,759.3495147425285,890.9816923429247,890.9816923429247,-389.6120727585404,-389.6120727585404,-389.6120727585404,18.187768370985832,18.187768370985832,18.187768370985832,-407.7998411295262,-407.7998411295262,-407.7998411295262,0.0,0.0,0.0,501.3696195843843
2022-11-24,890.9717192492554,206.70868902284565,708.496091493459,890.9717192492554,890.9717192492554,-424.09663725051763,-424.09663725051763,-424.09663725051763,-4.846182000080205,-4.846182000080205,-4.846182000080205,-419.2504552504374,-419.2504552504374,-419.2504552504374,0.0,0.0,0.0,466.8750819987378
2022-11-25,890.9617461555863,187.19044795754527,680.136928653059,890.9617461555863,890.9617461555863,-458.3639959895781,-458.3639959895781,-458.3639959895781,-26.348946947660906,-26.348946947660906,-26.348946947660906,-432.0150490419171,-432.0150490419171,-432.0150490419171,0.0,0.0,0.0,432.5977501660082
2022-11-26,890.951773061917,194.14654367400095,696.3593521358032,890.951773061917,890.951773061917,-440.52923034612644,-440.52923034612644,-440.52923034612644,5.51696042811704,5.51696042811704,5.51696042811704,-446.0461907742435,-446.0461907742435,-446.0461907742435,0.0,0.0,0.0,450.4225427157906
2022-11-27,890.9417999682478,170.98549079078924,687.2952466806951,890.9417999682478,890.9417999682478,-451.5024679310885,-451.5024679310885,-451.5024679310885,9.757778783425751,9.757778783425751,9.757778783425751,-461.26024671451427,-461.26024671451427,-461.26024671451427,0.0,0.0,0.0,439.43933203715926
2022-12-01,890.901907593571,108.17034450563533,622.6010189426256,890.901907593571,890.901907593571,-535.9442589657533,-535.9442589657533,-535.9442589657533,-4.846182000081251,-4.846182000081251,-4.846182000081251,-531.0980769656721,-531.0980769656721,-531.0980769656721,0.0,0.0,0.0,354.95764862781766
2022-12-02,890.8919344999016,61.96067641295693,555.667484628887,890.8919344999016,890.8919344999016,-576.1860120463353,-576.1860120463353,-576.1860120463353,-26.34894694768319,-26.34894694768319,-26.34894694768319,-549.8370650986521,-549.8370650986521,-549.8370650986521,0.0,0.0,0.0,314.70592245356625
2022-12-03,890.8819614062324,72.55437176454049,557.0874989085161,890.8819614062324,890.8819614062324,-563.1047294059894,-563.1047294059894,-563.1047294059894,5.516960428087514,5.516960428087514,5.516960428087514,-568.621689834077,-568.621689834077,-568.621689834077,0.0,0.0,0.0,327.7772320002431
2022-12-04,890.8719883125632,65.96053683140455,536.4084606971461,890.8719883125632,890.8719883125632,-577.4344561190247,-577.4344561190247,-577.4344561190247,9.757778783414896,9.757778783414896,9.757778783414896,-587.1922349024396,-587.1922349024396,-587.1922349024396,0.0,0.0,0.0,313.43753219353846
2022-12-05,890.862015218894,50.585401767279755,539.660103970425,890.862015218894,890.862015218894,-589.9567397127234,-589.9567397127234,-589.9567397127234,15.325618498944685,15.325618498944685,15.325618498944685,-605.2823582116681,-605.2823582116681,-605.2823582116681,0.0,0.0,0.0,300.9052755061706
2022-12-06,890.8520421252248,-1.0931185576043272,504.15451223279194,890.8520421252248,890.8520421252248,-640.2178177695733,-640.2178177695733,-640.2178177695733,-17.592997133778198,-17.592997133778198,-17.592997133778198,-622.6248206357952,-622.6248206357952,-622.6248206357952,0.0,0.0,0.0,250.63422435565144
2022-12-07,890.8420690315555,31.89914421344804,521.0460903684337,890.8420690315555,890.8420690315555,-620.7694968075251,-620.7694968075251,-620.7694968075251,18.187768370966936,18.187768370966936,18.187768370966936,-638.957265178492,-638.957265178492,-638.957265178492,0.0,0.0,0.0,270.0725722240304
2022-12-08,890.8320959378863,-41.484790596207276,477.4004636718371,890.8320959378863,890.8320959378863,-658.8740925813551,-658.8740925813551,-658.8740925813551,-4.846182000082294,-4.846182000082294,-4.846182000082294,-654.0279105812729,-654.0279105812729,-654.0279105812729,0.0,0.0,0.0,231.9580033565312
2022-12-09,890.8221228442171,-44.54838848200397,439.93861607580294,890.8221228442171,890.8221228442171,-693.9499723844867,-693.9499723844867,-693.9499723844867,-26.3489469476953,-26.3489469476953,-26.3489469476953,-667.6010254367915,-667.6010254367915,-667.6010254367915,0.0,0.0,0.0,196.8721504597304
2022-12-10,890.8121497505479,-23.070704129448078,476.8617199818212,890.8121497505479,890.8121497505479,-673.9450936979982,-673.9450936979982,-673.9450936979982,5.516960428130726,5.516960428130726,5.516960428130726,-679.462054126129,-679.462054126129,-679.462054126129,0.0,0.0,0.0,216.86705605254963
2022-12-11,890.8021766568787,-50.397078772862926,452.82145992118745,890.8021766568787,890.8021766568787,-679.6644955014677,-679.6644955014677,-679.6644955014677,9.757778783447113,9.757778783447113,9.757778783447113,-689.4222742849149,-689.4222742849149,-689.4222742849149,0.0,0.0,0.0,211.13768115541097
2022-12-12,890.7922035632093,-29.656183884941893,463.27508226603277,890.7922035632093,890.7922035632093,-681.9972583160863,-681.9972583160863,-681.9972583160863,15.325618498924955,15.325618498924955,15.325618498924955,-697.3228768150113,-697.3228768150113,-697.3228768150113,0.0,0.0,0.0,208.794945247123
2022-12-13,890.7822304695402,-51.648886435427016,423.8203307161407,890.7822304695402,890.7822304695402,-720.6313705422812,-720.6313705422812,-720.6313705422812,-17.592997133761514,-17.592997133761514,-17.592997133761514,-703.0383734085196,-703.0383734085196,-703.0383734085196,0.0,0.0,0.0,170.15085992725903
2022-12-14,890.7722573758709,-57.11713942473773,447.85546623619683,890.7722573758709,890.7722573758709,-688.2914844246503,-688.2914844246503,-688.2914844246503,18.187768371028127,18.187768371028127,18.187768371028127,-706.4792527956785,-706.4792527956785,-706.4792527956785,0.0,0.0,0.0,202.48077295122062
2022-12-15,890.7622842822018,-59.97142863968238,436.66984915880107,890.7622842822018,890.7622842822018,-712.440007060969,-712.440007060969,-712.440007060969,-4.8461819998769755,-4.8461819998769755,-4.8461819998769755,-707.593825061092,-707.593825061092,-707.593825061092,0.0,0.0,0.0,178.32227722123275
2022-12-16,890.7523111885325,-88.65675801227273,411.87628399178766,890.7523111885325,890.7523111885325,-732.7181598898877,-732.7181598898877,-732.7181598898877,-26.348946947717582,-26.348946947717582,-26.348946947717582,-706.3692129421701,-706.3692129421701,-706.3692129421701,0.0,0.0,0.0,158.03415129864482
2022-12-17,890.7423380948633,-56.30913485437,448.51143155373114,890.7423380948633,890.7423380948633,-697.3145091173176,-697.3145091173176,-697.3145091173176,5.516960428101197,5.516960428101197,5.516960428101197,-702.8314695454188,-702.8314695454188,-702.8314695454188,0.0,0.0,0.0,193.4278289775457
2022-12-18,890.732365001194,-67.91083152790655,437.32289530960236,890.732365001194,890.732365001194,-687.2870440961113,-687.2870440961113,-687.2870440961113,9.75777878339674,9.75777878339674,9.75777878339674,-697.044822879508,-697.044822879508,-697.044822879508,0.0,0.0,0.0,203.44532090508267
2022-12-19,890.7223919075249,-47.264031659466795,475.6106613854962,890.7223919075249,890.7223919075249,-673.7844499928381,-673.7844499928381,-673.7844499928381,15.32561849890859,15.32561849890859,15.32561849890859,-689.1100684917467,-689.1100684917467,-689.1100684917467,0.0,0.0,0.0,216.9379419146868
2022-12-20,890.7124188138556,-61.65701848673296,433.98567287347936,890.7124188138556,890.7124188138556,-696.7551489239029,-696.7551489239029,-696.7551489239029,-17.592997133788746,-17.592997133788746,-17.592997133788746,-679.1621517901141,-679.1621517901141,-679.1621517901141,0.0,0.0,0.0,193.95726988995273
2022-12-21,890.7024457201865,-11.425814564423298,493.8885079595832,890.7024457201865,890.7024457201865,-649.1792324682598,-649.1792324682598,-649.1792324682598,18.187768371018677,18.187768371018677,18.187768371018677,-667.3670008392785,-667.3670008392785,-667.3670008392785,0.0,0.0,0.0,241.52321325192668
2022-12-22,890.6924726265171,-8.659628288520235,483.2937147863216,890.6924726265171,890.6924726265171,-658.763870063934,-658.763870063934,-658.763870063934,-4.846181999967036,-4.846181999967036,-4.846181999967036,-653.9176880639669,-653.9176880639669,-653.9176880639669,0.0,0.0,0.0,231.92860256258314
2022-12-23,890.6824995328479,-28.787373721557238,486.48381434366075,890.6824995328479,890.6824995328479,-665.3789618973072,-665.3789618973072,-665.3789618973072,-26.348946947650095,-26.348946947650095,-26.348946947650095,-639.0300149496571,-639.0300149496571,-639.0300149496571,0.0,0.0,0.0,225.3035376355407
2022-12-24,890.6725264391787,27.48650068068407,517.6456831076315,890.6725264391787,890.6725264391787,-617.4206666925261,-617.4206666925261,-617.4206666925261,5.516960428144409,5.516960428144409,5.516960428144409,-622.9376271206705,-622.9376271206705,-622.9376271206705,0.0,0.0,0.0,273.2518597466526
2022-12-25,890.6625533455095,45.214161029832596,540.8288791996591,890.6625533455095,890.6625533455095,-596.1289989971116,-596.1289989971116,-596.1289989971116,9.757778783428957,9.757778783428957,9.757778783428957,-605.8867777805406,-605.8867777805406,-605.8867777805406,0.0,0.0,0.0,294.53355434839796
2022-12-26,890.6525802518403,71.4120537672445,531.3559258197226,890.6525802518403,890.6525802518403,-572.8052466760977,-572.8052466760977,-572.8052466760977,15.325618498888863,15.325618498888863,15.325618498888863,-588.1308651749865,-588.1308651749865,-588.1308651749865,0.0,0.0,0.0,317.8473335757426
2022-12-27,890.642607158171,54.67607410710435,541.2818037973876,890.642607158171,890.642607158171,-587.5178714385395,-587.5178714385395,-587.5178714385395,-17.592997133772062,-17.592997133772062,-17.592997133772062,-569.9248743047674,-569.9248743047674,-569.9248743047674,0.0,0.0,0.0,303.12473571963153
2023-01-01,890.5927416898248,161.74804084709118,662.3497457923568,890.5927416898248,890.5927416898248,-470.7440137976876,-470.7440137976876,-470.7440137976876,9.757778783376802,9.757778783376802,9.757778783376802,-480.5017925810644,-480.5017925810644,-480.5017925810644,0.0,0.0,0.0,419.8487278921372
2023-01-02,890.5827685961557,180.933801657743,699.8358313370278,890.5827685961557,890.5827685961557,-449.0484606351351,-449.0484606351351,-449.0484606351351,15.325618498869131,15.325618498869131,15.325618498869131,-464.3740791340042,-464.3740791340042,-464.3740791340042,0.0,0.0,0.0,441.5343079610206
2023-01-03,890.5727955024864,184.07965612398567,666.9009468714304,890.5727955024864,890.5727955024864,-466.790537509401,-466.790537509401,-466.790537509401,-17.59299713379364,-17.59299713379364,-17.59299713379364,-449.1975403756074,-449.1975403756074,-449.1975403756074,0.0,0.0,0.0,423.7822579930854
2023-01-04,890.5628224088173,211.98938694163715,710.9681453981768,890.5628224088173,890.5628224088173,-416.8816763359316,-416.8816763359316,-416.8816763359316,18.187768371070423,18.187768371070423,18.187768371070423,-435.06944470700205,-435.06944470700205,-435.06944470700205,0.0,0.0,0.0,473.68114607288567
2023-01-05,890.552849315148,211.31561728146744,701.0685849427032,890.552849315148,890.552849315148,-426.90023471750186,-426.90023471750186,-426.90023471750186,-4.846181999940793,-4.846181999940793,-4.846181999940793,-422.0540527175611,-422.0540527175611,-422.0540527175611,0.0,0.0,0.0,463.65261459764616
2023-01-06,890.5428762214788,220.7061308567885,695.6338956062499,890.5428762214788,890.5428762214788,-436.53104072646056,-436.53104072646056,-436.53104072646056,-26.348946947694657,-26.348946947694657,-26.348946947694657,-410.1820937787659,-410.1820937787659,-410.1820937787659,0.0,0.0,0.0,454.0118354950182
2023-01-07,890.5329031278095,243.72010445901986,737.3730763385915,890.5329031278095,890.5329031278095,-393.9340913833321,-393.9340913833321,-393.9340913833321,5.516960428084043,5.516960428084043,5.516960428084043,-399.45105181141616,-399.45105181141616,-399.45105181141616,0.0,0.0,0.0,496.5988117444774
2023-01-08,890.5229300341404,261.4750730697086,742.0072211075955,890.5229300341404,890.5229300341404,-380.0684643255362,-380.0684643255362,-380.0684643255362,9.757778783409025,9.757778783409025,9.757778783409025,-389.8262431089452,-389.8262431089452,-389.8262431089452,0.0,0.0,0.0,510.4544657086042
2023-01-09,890.5129569404711,281.6386325836022,762.639173268264,890.5129569404711,890.5129569404711,-365.91703163383465,-365.91703163383465,-365.91703163383465,15.325618498851085,15.325618498851085,15.325618498851085,-381.24265013268575,-381.24265013268575,-381.24265013268575,0.0,0.0,0.0,524.5959253066364
2023-01-10,890.502983846802,257.62736976486536,745.6001220321017,890.502983846802,890.502983846802,-391.2004544425146,-391.2004544425146,-391.2004544425146,-17.592997133738695,-17.592997133738695,-17.592997133738695,-373.6074573087759,-373.6074573087759,-373.6074573087759,0.0,0.0,0.0,499.3025294042873
2023-01-11,890.4930107531326,288.4267493271004,786.0178870944726,890.4930107531326,890.4930107531326,-348.6154501063445,-348.6154501063445,-348.6154501063445,18.187768370953812,18.187768370953812,18.187768370953812,-366.80321847729834,-366.80321847729834,-366.80321847729834,0.0,0.0,0.0,541.8775606467881
2023-01-12,890.4830376594634,274.2639332900055,763.6967603954041,890.4830376594634,890.4830376594634,-365.53775316986776,-365.53775316986776,-365.53775316986776,-4.84618199985282,-4.84618199985282,-4.84618199985282,-360.691571170015,-360.691571170015,-360.691571170015,0.0,0.0,0.0,524.9452844895957
2023-01-13,890.4730645657942,243.1235614588588,763.3555739932409,890.4730645657942,890.4730645657942,-381.4663476010168,-381.4663476010168,-381.4663476010168,-26.348946947627173,-26.348946947627173,-26.348946947627173,-355.11740065338967,-355.11740065338967,-355.11740065338967,0.0,0.0,0.0,509.00671696477735
2023-01-14,890.4630913628357,296.4455089525456,797.491493383339,890.4630913628357,890.4630913628357,-344.3963865259843,-344.3963865259843,-344.3963865259843,5.516960428054517,5.516960428054517,5.516960428054517,-349.91334695403884,-349.91334695403884,-349.91334695403884,0.0,0.0,0.0,546.0667048368514
2023-01-15,890.4531181598772,311.8331281603672,807.6345708148172,890.4531181598772,890.4531181598772,-335.146762310151,-335.146762310151,-335.146762310151,9.757778783399944,9.757778783399944,9.757778783399944,-344.904541093551,-344.904541093551,-344.904541093551,0.0,0.0,0.0,555.3063558497263
2023-01-16,890.4431449569187,319.3158347931019,814.2360515261827,890.4431449569187,890.4431449569187,-324.58783414087856,-324.58783414087856,-324.58783414087856,15.325618498932855,15.325618498932855,15.325618498932855,-339.91345263981134,-339.91345263981134,-339.91345263981134,0.0,0.0,0.0,565.8553108160402
2023-01-17,890.4331717539601,301.02402019199934,785.0010522149734,890.4331717539601,890.4331717539601,-352.3577266368615,-352.3577266368615,-352.3577266368615,-17.59299713376027,-17.59299713376027,-17.59299713376027,-334.7647295031012,-334.7647295031012,-334.7647295031012,0.0,0.0,0.0,538.0754451170985
2023-01-18,890.4231985510015,330.82597031839555,839.8202077118808,890.4231985510015,890.4231985510015,-311.1021442867079,-311.1021442867079,-311.1021442867079,18.18776837094436,18.18776837094436,18.18776837094436,-329.2899126576522,-329.2899126576522,-329.2899126576522,0.0,0.0,0.0,579.3210542642936
2023-01-19,890.413225348043,312.8104873452616,804.5241925650691,890.413225348043,890.413225348043,-328.17809507596144,-328.17809507596144,-328.17809507596144,-4.846181999942878,-4.846181999942878,-4.846181999942878,-323.33191307601857,-323.33191307601857,-323.33191307601857,0.0,0.0,0.0,562.2351302720816
2023-01-20,890.4032521450844,298.05792322038246,799.552326571037,890.4032521450844,890.4032521450844,-343.0980924175293,-343.0980924175293,-343.0980924175293,-26.348946947649456,-26.348946947649456,-26.348946947649456,-316.7491454698798,-316.7491454698798,-316.7491454698798,0.0,0.0,0.0,547.3051597275551
2023-01-21,890.3932789421259,329.97777348988376,838.3280552229796,890.3932789421259,890.3932789421259,-303.9022627951428,-303.9022627951428,-303.9022627951428,5.516960428170462,5.516960428170462,5.516960428170462,-309.4192232233133,-309.4192232233133,-309.4192232233133,0.0,0.0,0.0,586.4910161469832
2023-01-22,890.3833057391674,349.76673555074956,841.970212080872,890.3833057391674,890.3833057391674,-291.4843521213755,-291.4843521213755,-291.4843521213755,9.757778783390865,9.757778783390865,9.757778783390865,-301.2421309047663,-301.2421309047663,-301.2421309047663,0.0,0.0,0.0,598.8989536177919
2023-01-23,890.3733325362089,384.2707971981283,864.7988030443207,890.3733325362089,890.3733325362089,-276.8171861244102,-276.8171861244102,-276.8171861244102,15.325618498916494,15.325618498916494,15.325618498916494,-292.1428046233267,-292.1428046233267,-292.1428046233267,0.0,0.0,0.0,613.5561464117986
2023-01-24,890.3633593332503,364.95006015680804,839.2778078552984,890.3633593332503,890.3633593332503,-299.66606301758117,-299.66606301758117,-299.66606301758117,-17.59299713378185,-17.59299713378185,-17.59299713378185,-282.0730658837993,-282.0730658837993,-282.0730658837993,0.0,0.0,0.0,590.6972963156691
2023-01-25,890.3533861302917,399.6233327902677,891.3556327613359,890.3533861302917,890.3533861302917,-252.82510271620822,-252.82510271620822,-252.82510271620822,18.187768371005554,18.187768371005554,18.187768371005554,-271.01287108721374,-271.01287108721374,-271.01287108721374,0.0,0.0,0.0,637.5282834140835
2023-01-26,890.3434129273332,376.0529394328074,864.4403172032974,890.3434129273332,890.3434129273332,-263.8170379955324,-263.8170379955324,-263.8170379955324,-4.846181999943921,-4.846181999943921,-4.846181999943921,-258.9708559955885,-258.9708559955885,-258.9708559955885,0.0,0.0,0.0,626.5263749318008
2023-01-27,890.3334397243747,362.25459675746015,861.8623342199331,890.3334397243747,890.3334397243747,-272.3331188400841,-272.3331188400841,-272.3331188400841,-26.348946947571797,-26.348946947571797,-26.348946947571797,-245.98417189251234,-245.98417189251234,-245.98417189251234,0.0,0.0,0.0,618.0003208842905
2023-02-01,890.2835737095819,500.5593721839688,973.9540079166658,890.2835737095819,890.2835737095819,-151.82722365759227,-151.82722365759227,-151.82722365759227,18.187768370959574,18.187768370959574,18.187768370959574,-170.01499202855186,-170.01499202855186,-170.01499202855186,0.0,0.0,0.0,738.4563500519896
2023-02-02,890.2736005066234,505.1207536485583,991.053823068704,890.2736005066234,890.2736005066234,-158.39611953220702,-158.39611953220702,-158.39611953220702,-4.846181999944965,-4.846181999944965,-4.846181999944965,-153.54993753226208,-153.54993753226208,-153.54993753226208,0.0,0.0,0.0,731.8774809744164
2023-02-03,890.263627303665,481.2199145715096,974.5261823709637,890.263627303665,890.263627303665,-163.39886566854722,-163.39886566854722,-163.39886566854722,-26.348946947683842,-26.348946947683842,-26.348946947683842,-137.0499187208634,-137.0499187208634,-137.0499187208634,0.0,0.0,0.0,726.8647616351177
2023-02-04,890.2536541007063,539.679329467591,1012.9621746437714,890.2536541007063,890.2536541007063,-115.18404085303875,-115.18404085303875,-115.18404085303875,5.516960428110097,5.516960428110097,5.516960428110097,-120.70100128114885,-120.70100128114885,-120.70100128114885,0.0,0.0,0.0,775.0696132476676
2023-02-05,890.2436808977478,560.7865547273411,1047.2272496207663,890.2436808977478,890.2436808977478,-94.9337902676501,-94.9337902676501,-94.9337902676501,9.757778783414008,9.757778783414008,9.757778783414008,-104.69156905106412,-104.69156905106412,-104.69156905106412,0.0,0.0,0.0,795.3098906300977
2023-02-06,890.2337076947892,552.5751446385096,1073.3511107916045,890.2337076947892,890.2337076947892,-73.88247768411192,-73.88247768411192,-73.88247768411192,15.325618498878718,15.325618498878718,15.325618498878718,-89.20809618299064,-89.20809618299064,-89.20809618299064,0.0,0.0,0.0,816.3512300106773
2023-02-07,890.2237344918307,568.1042820628921,1052.1384225930733,890.2237344918307,890.2237344918307,-92.02400581595705,-92.02400581595705,-92.02400581595705,-17.592997133830668,-17.592997133830668,-17.592997133830668,-74.43100868212638,-74.43100868212638,-74.43100868212638,0.0,0.0,0.0,798.1997286758736
2023-02-08,890.2137612888722,605.5516836379921,1106.7592451592213,890.2137612888722,890.2137612888722,-42.34296267034443,-42.34296267034443,-42.34296267034443,18.187768371020763,18.187768371020763,18.187768371020763,-60.5307310413652,-60.5307310413652,-60.5307310413652,0.0,0.0,0.0,847.8707986185278
2023-02-09,890.2037880859136,575.6597026572241,1101.2266042450365,890.2037880859136,890.2037880859136,-52.510189347141356,-52.510189347141356,-52.510189347141356,-4.8461819999460065,-4.8461819999460065,-4.8461819999460065,-47.66400734719535,-47.66400734719535,-47.66400734719535,0.0,0.0,0.0,837.6935987387723
2023-02-10,890.1938148829552,578.5704865472188,1069.960399970681,890.1938148829552,890.1938148829552,-62.31952477799549,-62.31952477799549,-62.31952477799549,-26.348946947616362,-26.348946947616362,-26.348946947616362,-35.970577830379135,-35.970577830379135,-35.970577830379135,0.0,0.0,0.0,827.8742901049596
2023-02-11,890.1838416799965,614.1745428902645,1118.5562194921238,890.1838416799965,890.1838416799965,-20.053321205043463,-20.053321205043463,-20.053321205043463,5.516960428080572,5.516960428080572,5.516960428080572,-25.570281633124033,-25.570281633124033,-25.570281633124033,0.0,0.0,0.0,870.130520474953
2023-02-12,890.173868477038,645.3748724303853,1130.0222661071764,890.173868477038,890.173868477038,-6.802866070270726,-6.802866070270726,-6.802866070270726,9.757778783403152,9.757778783403152,9.757778783403152,-16.560644853673878,-16.560644853673878,-16.560644853673878,0.0,0.0,0.0,883.3710024067673
2023-02-13,890.1638952740796,648.8888713205807,1141.2602592556254,890.1638952740796,890.1638952740796,6.310618463156264,6.310618463156264,6.310618463156264,15.32561849886067,15.32561849886067,15.32561849886067,-9.015000035704405,-9.015000035704405,-9.015000035704405,0.0,0.0,0.0,896.4745137372358
2023-02-14,890.1539220711209,627.763471618735,1114.7508684357006,890.1539220711209,890.1539220711209,-20.574166674247557,-20.574166674247557,-20.574166674247557,-17.592997133737448,-17.592997133737448,-17.592997133737448,-2.98116954051011,-2.98116954051011,-2.98116954051011,0.0,0.0,0.0,869.5797553968733
2023-02-15,890.1439488681624,648.7470371706263,1168.8354350371967,890.1439488681624,890.1439488681624,19.707037330739034,19.707037330739034,19.707037330739034,18.187768370940685,18.187768370940685,18.187768370940685,1.5192689597983549,1.5192689597983549,1.5192689597983549,0.0,0.0,0.0,909.8509861989014
2023-02-16,890.1339756652038,632.9117535761147,1135.3120358735955,890.1339756652038,890.1339756652038,-0.35505106185775387,-0.35505106185775387,-0.35505106185775387,-4.846182000036065,-4.846182000036065,-4.846182000036065,4.491130938178312,4.491130938178312,4.491130938178312,0.0,0.0,0.0,889.778924603346
2023-02-17,890.1240024622454,608.5111585932133,1096.549728798913,890.1240024622454,890.1240024622454,-20.383749407239456,-20.383749407239456,-20.383749407239456,-26.34894694763864,-26.34894694763864,-26.34894694763864,5.965197540399185,5.965197540399185,5.965197540399185,0.0,0.0,0.0,869.740253055006
2023-02-18,890.1140292592867,650.528244145441,1129.0044936689833,890.1140292592867,890.1140292592867,11.51419618915742,11.51419618915742,11.51419618915742,5.516960428051046,5.516960428051046,5.516960428051046,5.997235761106374,5.997235761106374,5.997235761106374,0.0,0.0,0.0,901.6282254484441
2023-02-19,890.1040560563282,654.1676295211652,1154.3656818198424,890.1040560563282,890.1040560563282,14.42428115919688,14.42428115919688,14.42428115919688,9.757778783435372,9.757778783435372,9.757778783435372,4.666502375761509,4.666502375761509,4.666502375761509,0.0,0.0,0.0,904.5283372155251
2023-02-20,890.0940828533697,663.5192028016207,1141.878118636043,890.0940828533697,890.0940828533697,17.39939755336781,17.39939755336781,17.39939755336781,15.325618498842623,15.325618498842623,15.325618498842623,2.0737790545251835,2.0737790545251835,2.0737790545251835,0.0,0.0,0.0,907.4934804067376
2023-02-21,890.0841096504112,612.6581437651511,1121.2560230742693,890.0841096504112,890.0841096504112,-19.25400119727675,-19.25400119727675,-19.25400119727675,-17.592997133759027,-17.592997133759027,-17.592997133759027,-1.6610040635177215,-1.6610040635177215,-1.6610040635177215,0.0,0.0,0.0,870.8301084531345
2023-02-22,890.0741364474526,665.0025760239681,1147.8088947650222,890.0741364474526,890.0741364474526,11.78627749150459,11.78627749150459,11.78627749150459,18.18776837100187,18.18776837100187,18.18776837100187,-6.401490879497279,-6.401490879497279,-6.401490879497279,0.0,0.0,0.0,901.8604139389572
2023-02-23,890.064163244494,627.7870977902232,1124.336219799229,890.064163244494,890.064163244494,-16.844078128432763,-16.844078128432763,-16.844078128432763,-4.846181999919766,-4.846181999919766,-4.846181999919766,-11.997896128512998,-11.997896128512998,-11.997896128512998,0.0,0.0,0.0,873.2200851160612
2023-02-24,890.0541900415355,587.1461540766581,1091.859849060369,890.0541900415355,890.0541900415355,-44.6391472098575,-44.6391472098575,-44.6391472098575,-26.348946947650752,-26.348946947650752,-26.348946947650752,-18.290200262206735,-18.290200262206735,-18.290200262206735,0.0,0.0,0.0,845.4150428316781
2023-02-25,890.044216838577,622.9950306867031,1114.8234335138027,890.044216838577,890.044216838577,-19.59450339886408,-19.59450339886408,-19.59450339886408,5.516960428166991,5.516960428166991,5.516960428166991,-25.11146382703107,-25.11146382703107,-25.11146382703107,0.0,0.0,0.0,870.4497134397129
2023-02-26,890.0342436356184,625.247416476468,1123.6612553648422,890.0342436356184,890.0342436356184,-22.533403571003976,-22.533403571003976,-22.533403571003976,9.757778783384996,9.757778783384996,9.757778783384996,-32.29118235438897,-32.29118235438897,-32.29118235438897,0.0,0.0,0.0,867.5008400646144
2023-02-27,890.0242704326599,602.2546732065385,1094.4174322899098,890.0242704326599,890.0242704326599,-24.332985844389654,-24.332985844389654,-24.332985844389654,15.325618498822895,15.325618498822895,15.325618498822895,-39.658604343212545,-39.658604343212545,-39.658604343212545,0.0,0.0,0.0,865.6912845882703
2023-03-01,890.0043240267428,615.0913111258378,1108.727950809766,890.0043240267428,890.0043240267428,-36.10361188094205,-36.10361188094205,-36.10361188094205,18.18776837106306,18.18776837106306,18.18776837106306,-54.291380252005105,-54.291380252005105,-54.291380252005105,0.0,0.0,0.0,853.9007121458008
2023-03-02,889.9943508237843,569.6767702439228,1057.9516440100142,889.9943508237843,889.9943508237843,-66.08808073433704,-66.08808073433704,-66.08808073433704,-4.846182000009824,-4.846182000009824,-4.846182000009824,-61.241898734327215,-61.241898734327215,-61.241898734327215,0.0,0.0,0.0,823.9062700894473
2023-03-03,889.9843776208257,538.5856359965525,1023.2275637690298,889.9843776208257,889.9843776208257,-94.1046713597624,-94.1046713597624,-94.1046713597624,-26.348946947673035,-26.348946947673035,-26.348946947673035,-67.75572441208938,-67.75572441208938,-67.75572441208938,0.0,0.0,0.0,795.8797062610633
2023-03-04,889.9744044178672,572.3860723780377,1061.85548630226,889.9744044178672,889.9744044178672,-68.1875374124096,-68.1875374124096,-68.1875374124096,5.516960428137465,5.516960428137465,5.516960428137465,-73.70449784054708,-73.70449784054708,-73.70449784054708,0.0,0.0,0.0,821.7868670054576
2023-03-05,889.9644312149086,574.6867697753981,1081.8163005556496,889.9644312149086,889.9644312149086,-69.21726211540707,-69.21726211540707,-69.21726211540707,9.757778783417217,9.757778783417217,9.757778783417217,-78.97504089882428,-78.97504089882428,-78.97504089882428,0.0,0.0,0.0,820.7471690995015
2023-03-06,889.9544580119501,580.3874751856599,1073.44053405126,889.9544580119501,889.9544580119501,-68.14510823513463,-68.14510823513463,-68.14510823513463,15.325618498906346,15.325618498906346,15.325618498906346,-83.47072673404097,-83.47072673404097,-83.47072673404097,0.0,0.0,0.0,821.8093497768155
2023-03-07,889.9444848089915,534.1407386153179,1029.3480937549496,889.9444848089915,889.9444848089915,-104.70543112439006,-104.70543112439006,-104.70543112439006,-17.592997133807845,-17.592997133807845,-17.592997133807845,-87.11243399058222,-87.11243399058222,-87.11243399058222,0.0,0.0,0.0,785.2390536846015
2023-03-08,889.934511606033,573.482453773334,1055.943618374511,889.934511606033,889.934511606033,-71.65131327884993,-71.65131327884993,-71.65131327884993,18.18776837098298,18.18776837098298,18.18776837098298,-89.83908164983289,-89.83908164983289,-89.83908164983289,0.0,0.0,0.0,818.2831983271831
2023-03-09,889.9245384030745,558.3905128952189,1040.4201695515394,889.9245384030745,889.9245384030745,-96.4539330848026,-96.4539330848026,-96.4539330848026,-4.846181999921851,-4.846181999921851,-4.846181999921851,-91.60775108488075,-91.60775108488075,-91.60775108488075,0.0,0.0,0.0,793.470605318272
2023-03-10,889.9145652001159,520.5131673582775,1027.8167933838683,889.9145652001159,889.9145652001159,-118.74235859773313,-118.74235859773313,-118.74235859773313,-26.348946947695314,-26.348946947695314,-26.348946947695314,-92.3934116500378,-92.3934116500378,-92.3934116500378,0.0,0.0,0.0,771.1722066023829
2023-03-11,889.9045919971574,571.3903280809894,1078.318512743211,889.9045919971574,889.9045919971574,-86.67131461862427,-86.67131461862427,-86.67131461862427,5.51696042803389,5.51696042803389,5.51696042803389,-92.18827504665815,-92.18827504665815,-92.18827504665815,0.0,0.0,0.0,803.2332773785331
2023-03-12,889.8946187773273,579.7364800149398,1043.8082831954976,889.8946187773273,889.8946187773273,-81.24303284907721,-81.24303284907721,-81.24303284907721,9.757778783449435,9.757778783449435,9.757778783449435,-91.00081163252665,-91.00081163252665,-91.00081163252665,0.0,0.0,0.0,808.6515859282501
2023-03-13,889.8846455574974,581.6818080301834,1057.1922690571032,889.8846455574974,889.8846455574974,-73.52885010537914,-73.52885010537914,-73.52885010537914,15.325618498888302,15.325618498888302,15.325618498888302,-88.85446860426744,-88.85446860426744,-88.85446860426744,0.0,0.0,0.0,816.3557954521183
2023-03-14,889.8746723376674,548.3467857614803,1044.8894359335889,889.8746723376674,889.8746723376674,-103.37913258290443,-103.37913258290443,-103.37913258290443,-17.592997133791158,-17.592997133791158,-17.592997133791158,-85.78613544911327,-85.78613544911327,-85.78613544911327,0.0,0.0,0.0,786.4955397547631
2023-03-15,889.8646991178375,565.5504248794997,1069.0445341019245,889.8646991178375,889.8646991178375,-63.656637771163616,-63.656637771163616,-63.656637771163616,18.187768371044168,18.187768371044168,18.187768371044168,-81.84440614220779,-81.84440614220779,-81.84440614220779,0.0,0.0,0.0,826.208061346674
2023-03-16,889.8547258980075,555.4492788041546,1060.1579393923435,889.8547258980075,889.8547258980075,-81.93387220609864,-81.93387220609864,-81.93387220609864,-4.846182000011909,-4.846182000011909,-4.846182000011909,-77.08769020608673,-77.08769020608673,-77.08769020608673,0.0,0.0,0.0,807.9208536919089
2023-03-17,889.8447526781774,539.7933645410948,1048.7259829274428,889.8447526781774,889.8447526781774,-97.93117288772359,-97.93117288772359,-97.93117288772359,-26.348946947717597,-26.348946947717597,-26.348946947717597,-71.582225940006,-71.582225940006,-71.582225940006,0.0,0.0,0.0,791.9135797904538
2023-03-18,889.8347794583475,582.6691812591889,1065.0199198035375,889.8347794583475,889.8347794583475,-59.883088466711136,-59.883088466711136,-59.883088466711136,5.5169604280043645,5.5169604280043645,5.5169604280043645,-65.4000488947155,-65.4000488947155,-65.4000488947155,0.0,0.0,0.0,829.9516909916364
2023-03-19,889.8248062385176,589.7088409639766,1077.4224015328234,889.8248062385176,889.8248062385176,-48.85918829737867,-48.85918829737867,-48.85918829737867,9.757778783399056,9.757778783399056,9.757778783399056,-58.616967080777734,-58.616967080777734,-58.616967080777734,0.0,0.0,0.0,840.9656179411389
2023-03-20,889.8148330186876,592.6175962603286,1101.8034048061425,889.8148330186876,889.8148330186876,-35.98497305467794,-35.98497305467794,-35.98497305467794,15.325618498871938,15.325618498871938,15.325618498871938,-51.31059155354988,-51.31059155354988,-51.31059155354988,0.0,0.0,0.0,853.8298599640098
2023-03-21,889.8048597988576,562.5099452731015,1071.72057590912,889.8048597988576,889.8048597988576,-61.15146418010867,-61.15146418010867,-61.15146418010867,-17.59299713377447,-17.59299713377447,-17.59299713377447,-43.558467046334194,-43.558467046334194,-43.558467046334194,0.0,0.0,0.0,828.653395618749
2023-03-22,889.7948865790277,645.9005464208446,1126.9492809156952,889.7948865790277,889.7948865790277,-17.248574009938462,-17.248574009938462,-17.248574009938462,18.187768370998185,18.187768370998185,18.187768370998185,-35.43634238093665,-35.43634238093665,-35.43634238093665,0.0,0.0,0.0,872.5463125690892
2023-03-23,889.7849133591976,627.6615046000334,1107.68591999438,889.7849133591976,889.7849133591976,-31.862796646865107,-31.862796646865107,-31.862796646865107,-4.846182000101968,-4.846182000101968,-4.846182000101968,-27.016614646763138,-27.016614646763138,-27.016614646763138,0.0,0.0,0.0,857.9221167123325
2023-03-24,889.7749401393677,601.0734496031146,1084.9489205481955,889.7749401393677,889.7749401393677,-44.71592174428458,-44.71592174428458,-44.71592174428458,-26.34894694765011,-26.34894694765011,-26.34894694765011,-18.36697479663447,-18.36697479663447,-18.36697479663447,0.0,0.0,0.0,845.0590183950831
2023-03-25,889.7649669195378,632.9191504282628,1154.8128427373354,889.7649669195378,889.7649669195378,-4.032315132271375,-4.032315132271375,-4.032315132271375,5.516960428047575,5.516960428047575,5.516960428047575,-9.54927556031895,-9.54927556031895,-9.54927556031895,0.0,0.0,0.0,885.7326517872664
2023-03-26,889.7549936997077,644.484004096647,1137.5660763805759,889.7549936997077,889.7549936997077,9.139143157281568,9.139143157281568,9.139143157281568,9.757778783431279,9.757778783431279,9.757778783431279,-0.6186356261497115,-0.6186356261497115,-0.6186356261497115,0.0,0.0,0.0,898.8941368569892
2023-03-27,889.7450204798778,658.0562771568212,1158.6564867385134,889.7450204798778,889.7450204798778,23.702831412619222,23.702831412619222,23.702831412619222,15.325618498953705,15.325618498953705,15.325618498953705,8.377212913665517,8.377212913665517,8.377212913665517,0.0,0.0,0.0,913.447851892497
2023-04-01,889.6951543807279,691.1650364127596,1211.7335920120456,889.6951543807279,889.6951543807279,58.73007025812596,58.73007025812596,58.73007025812596,5.516960428090783,5.516960428090783,5.516960428090783,53.21310983003518,53.21310983003518,53.21310983003518,0.0,0.0,0.0,948.4252246388538
2023-04-02,889.6851811608979,709.0049104080971,1217.4077668795496,889.6851811608979,889.6851811608979,71.79209630216829,71.79209630216829,71.79209630216829,9.757778783420424,9.757778783420424,9.757778783420424,62.03431751874787,62.03431751874787,62.03431751874787,0.0,0.0,0.0,961.4772774630661
2023-04-03,889.6752079410679,726.0042047002138,1226.522398696622,889.6752079410679,889.6752079410679,86.12543877865473,86.12543877865473,86.12543877865473,15.32561849893566,15.32561849893566,15.32561849893566,70.79982027971907,70.79982027971907,70.79982027971907,0.0,0.0,0.0,975.8006467197226
2023-04-04,889.6652347212379,713.2559971639969,1203.0821241656915,889.6652347212379,889.6652347212379,61.9248805243398,61.9248805243398,61.9248805243398,-17.592997133779367,-17.592997133779367,-17.592997133779367,79.51787765811918,79.51787765811918,79.51787765811918,0.0,0.0,0.0,951.5901152455776
2023-04-05,889.655261501408,750.0961820986917,1236.393024558741,889.655261501408,889.655261501408,106.38860793930871,106.38860793930871,106.38860793930871,18.187768371049938,18.187768371049938,18.187768371049938,88.20083956825879,88.20083956825879,88.20083956825879,0.0,0.0,0.0,996.0438694407167
2023-04-06,889.645288281578,749.1899809034646,1234.0041396178449,889.645288281578,889.645288281578,92.01800361690219,92.01800361690219,92.01800361690219,-4.84618199998671,-4.84618199998671,-4.84618199998671,96.8641856168889,96.8641856168889,96.8641856168889,0.0,0.0,0.0,981.6632918984802
2023-04-07,889.635315061748,713.0698560307708,1225.5358052236468,889.635315061748,889.635315061748,79.17660430321227,79.17660430321227,79.17660430321227,-26.348946947684503,-26.348946947684503,-26.348946947684503,105.52555125089678,105.52555125089678,105.52555125089678,0.0,0.0,0.0,968.8119193649602
2023-04-08,889.625341841918,759.1361509458087,1283.5949305654165,889.625341841918,889.625341841918,119.72072875919605,119.72072875919605,119.72072875919605,5.516960428133995,5.516960428133995,5.516960428133995,114.20376833106205,114.20376833106205,114.20376833106205,0.0,0.0,0.0,1009.3460706011141
2023-04-09,889.615368622088,793.4316581735042,1266.3876625637592,889.615368622088,889.615368622088,132.67572407301614,132.67572407301614,132.67572407301614,9.757778783411341,9.757778783411341,9.757778783411341,122.9179452896048,122.9179452896048,122.9179452896048,0.0,0.0,0.0,1022.2910926951041
2023-04-10,889.6053954022581,780.2550158001035,1267.0103391046032,889.6053954022581,889.6053954022581,147.01222751163908,147.01222751163908,147.01222751163908,15.325618498915931,15.325618498915931,15.325618498915931,131.68660901272315,131.68660901272315,131.68660901272315,0.0,0.0,0.0,1036.617622913897
2023-04-11,889.5954221824281,767.4073610044836,1265.8101976420874,889.5954221824281,889.5954221824281,122.9339299960231,122.9339299960231,122.9339299960231,-17.592997133724417,-17.592997133724417,-17.592997133724417,140.52692712974752,140.52692712974752,140.52692712974752,0.0,0.0,0.0,1012.5293521784513
2023-04-12,889.5854489625982,817.2120202438512,1289.1483509735574,889.5854489625982,889.5854489625982,167.64179398545653,167.64179398545653,167.64179398545653,18.187768371040487,18.187768371040487,18.187768371040487,149.45402561441603,149.45402561441603,149.45402561441603,0.0,0.0,0.0,1057.2272429480547
2023-04-13,889.575475742768,784.6886974673677,1290.2223042357627,889.575475742768,889.575475742768,153.63423064952516,153.63423064952516,153.63423064952516,-4.846181999898736,-4.846181999898736,-4.846181999898736,158.48041264942393,158.48041264942393,158.48041264942393,0.0,0.0,0.0,1043.2097063922931
2023-04-14,889.5655025229381,776.8446284714059,1272.9758168651008,889.5655025229381,889.5655025229381,141.26656875674178,141.26656875674178,141.26656875674178,-26.348946947706782,-26.348946947706782,-26.348946947706782,167.61551570444857,167.61551570444857,167.61551570444857,0.0,0.0,0.0,1030.83207127968
2023-04-15,889.5555293031082,853.0813436188638,1331.9510597780045,889.5555293031082,889.5555293031082,182.38229528608554,182.38229528608554,182.38229528608554,5.516960428104467,5.516960428104467,5.516960428104467,176.86533485798105,176.86533485798105,176.86533485798105,0.0,0.0,0.0,1071.9378245891937
2023-04-16,889.5455560832783,840.6238706679293,1325.0828972322188,889.5455560832783,889.5455560832783,195.98999045872904,195.98999045872904,195.98999045872904,9.757778783402262,9.757778783402262,9.757778783402262,186.2322116753268,186.2322116753268,186.2322116753268,0.0,0.0,0.0,1085.5355465420073
2023-04-17,889.5355828634483,849.5903376660305,1346.66571474512,889.5355828634483,889.5355828634483,211.04032804091528,211.04032804091528,211.04032804091528,15.325618498896201,15.325618498896201,15.325618498896201,195.71470954201908,195.71470954201908,195.71470954201908,0.0,0.0,0.0,1100.5759109043636
2023-04-18,889.5256096436182,846.062441197824,1328.9800099840916,889.5256096436182,889.5256096436182,187.71460120399465,187.71460120399465,187.71460120399465,-17.59299713378992,-17.59299713378992,-17.59299713378992,205.30759833778455,205.30759833778455,205.30759833778455,0.0,0.0,0.0,1077.2402108476128
2023-04-19,889.5156364237882,876.5876410398005,1363.0993178856008,889.5156364237882,889.5156364237882,233.18970216326596,233.18970216326596,233.18970216326596,18.18776837103104,18.18776837103104,18.18776837103104,215.00193379223492,215.00193379223492,215.00193379223492,0.0,0.0,0.0,1122.7053385870543
2023-04-20,889.5056632039583,846.9708174514183,1348.3130318740314,889.5056632039583,889.5056632039583,219.93903784466087,219.93903784466087,219.93903784466087,-4.846181999988796,-4.846181999988796,-4.846181999988796,224.78521984464965,224.78521984464965,224.78521984464965,0.0,0.0,0.0,1109.4447010486192
2023-04-21,889.4956899841284,856.190809514913,1341.3541490704802,889.4956899841284,889.4956899841284,208.29269392243768,208.29269392243768,208.29269392243768,-26.348946947639295,-26.348946947639295,-26.348946947639295,234.64164087007697,234.64164087007697,234.64164087007697,0.0,0.0,0.0,1097.788383906566
2023-04-22,889.4857167642984,890.6976060574108,1399.6530788683021,889.4857167642984,889.4857167642984,250.06931017409548,250.06931017409548,250.06931017409548,5.516960428220414,5.516960428220414,5.516960428220414,244.55234974587503,244.55234974587503,244.55234974587503,0.0,0.0,0.0,1139.555026938394
2023-04-23,889.4757435444683,887.4213734990589,1415.6104403256747,889.4757435444683,889.4757435444683,264.253576195351,264.253576195351,264.253576195351,9.757778783391409,9.757778783391409,9.757778783391409,254.4957974119596,254.4957974119596,254.4957974119596,0.0,0.0,0.0,1153.7293197398194
2023-04-24,889.4657703246384,922.3043254540445,1414.0383254400792,889.4657703246384,889.4657703246384,279.773708294271,279.773708294271,279.773708294271,15.325618498879837,15.325618498879837,15.325618498879837,264.4480897953912,264.4480897953912,264.4480897953912,0.0,0.0,0.0,1169.2394786189093
2023-04-25,889.4557971048084,887.0634849281219,1387.5799028222689,889.4557971048084,889.4557971048084,256.790361553132,256.790361553132,256.790361553132,-17.592997133773235,-17.592997133773235,-17.592997133773235,274.38335868690524,274.38335868690524,274.38335868690524,0.0,0.0,0.0,1146.2461586579404
2023-04-26,889.4458238849785,939.9706753199407,1433.911107040504,889.4458238849785,889.4458238849785,302.4619026845293,302.4619026845293,302.4619026845293,18.187768370985065,18.187768370985065,18.187768370985065,284.27413431354427,284.27413431354427,284.27413431354427,0.0,0.0,0.0,1191.9077265695078
2023-04-27,889.4358506651485,940.1750570921627,1427.2183600113342,889.4358506651485,889.4358506651485,289.2455268770113,289.2455268770113,289.2455268770113,-4.846181999989839,-4.846181999989839,-4.846181999989839,294.09170887700117,294.09170887700117,294.09170887700117,0.0,0.0,0.0,1178.6813775421597
2023-05-01,889.3959577858286,985.0012869576518,1485.2911945520132,889.3959577858286,889.3959577858286,347.3567493111246,347.3567493111246,347.3567493111246,15.32561849886011,15.32561849886011,15.32561849886011,332.03113081226456,332.03113081226456,332.03113081226456,0.0,0.0,0.0,1236.7527070969531
2023-05-02,889.3859845659986,963.6521755203686,1463.554196400808,889.3859845659986,889.3859845659986,323.4384383375361,323.4384383375361,323.4384383375361,-17.592997133794814,-17.592997133794814,-17.592997133794814,341.03143547133095,341.03143547133095,341.03143547133095,0.0,0.0,0.0,1212.8244229035347
2023-05-03,889.3760113461686,998.8982242043029,1490.4116452823334,889.3760113461686,889.3760113461686,367.96546826549104,367.96546826549104,367.96546826549104,18.18776837097562,18.18776837097562,18.18776837097562,349.77769989451537,349.77769989451537,349.77769989451537,0.0,0.0,0.0,1257.3414796116597
2023-05-04,889.3660381263386,985.409170883493,1474.1551829249274,889.3660381263386,889.3660381263386,353.3944373015088,353.3944373015088,353.3944373015088,-4.846181999873538,-4.846181999873538,-4.846181999873538,358.2406193013823,358.2406193013823,358.2406193013823,0.0,0.0,0.0,1242.7604754278473
2023-05-05,889.3560649065087,981.9407686081018,1462.591023404578,889.3560649065087,889.3560649065087,340.04265063023297,340.04265063023297,340.04265063023297,-26.34894694768386,-26.34894694768386,-26.34894694768386,366.39159757791685,366.39159757791685,366.39159757791685,0.0,0.0,0.0,1229.3987155367417
2023-05-06,889.3460916866787,1022.3992545324156,1523.520380452623,889.3460916866787,889.3460916866787,379.71983264672184,379.71983264672184,379.71983264672184,5.5169604280873115,5.5169604280873115,5.5169604280873115,374.2028722186345,374.2028722186345,374.2028722186345,0.0,0.0,0.0,1269.0659243334005
2023-05-07,889.3361184668487,1025.4473836479267,1523.7175555203726,889.3361184668487,889.3361184668487,391.4054065257036,391.4054065257036,391.4054065257036,9.757778783414551,9.757778783414551,9.757778783414551,381.64762774228905,381.64762774228905,381.64762774228905,0.0,0.0,0.0,1280.7415249925523
2023-05-08,889.3261452470188,1036.4237396689816,1537.0011377746139,889.3261452470188,889.3261452470188,404.0257228807455,404.0257228807455,404.0257228807455,15.325618498842065,15.325618498842065,15.325618498842065,388.70010438190343,388.70010438190343,388.70010438190343,0.0,0.0,0.0,1293.3518681277642
2023-05-09,889.3161720271888,1011.0260963198393,1500.1284747165507,889.3161720271888,889.3161720271888,377.742711694106,377.742711694106,377.742711694106,-17.592997133816393,-17.592997133816393,-17.592997133816393,395.33570882792236,395.33570882792236,395.33570882792236,0.0,0.0,0.0,1267.058883721295
2023-05-10,889.3061954429169,1066.5714570313178,1550.713704949134,889.3061954429169,889.3061954429169,419.7189017763253,419.7189017763253,419.7189017763253,18.187768371036807,18.187768371036807,18.187768371036807,401.5311334052885,401.5311334052885,401.5311334052885,0.0,0.0,0.0,1309.025097219242
2023-05-11,889.296218858645,1035.069300581258,1557.769130154045,889.296218858645,889.296218858645,402.41830731504285,402.41830731504285,402.41830731504285,-4.846181999874582,-4.846181999874582,-4.846181999874582,407.26448931491745,407.26448931491745,407.26448931491745,0.0,0.0,0.0,1291.7145261736878
2023-05-12,889.2862422743731,1043.4575357280776,1512.9944201184067,889.2862422743731,889.2862422743731,386.16651155831573,386.16651155831573,386.16651155831573,-26.348946947616376,-26.348946947616376,-26.348946947616376,412.51545850593214,412.51545850593214,412.51545850593214,0.0,0.0,0.0,1275.4527538326888
2023-05-13,889.2762656901011,1056.2138295409313,1575.864809362652,889.2762656901011,889.2762656901011,422.7824278458221,422.7824278458221,422.7824278458221,5.516960428130522,5.516960428130522,5.516960428130522,417.26546741769164,417.26546741769164,417.26546741769164,0.0,0.0,0.0,1312.0586935359233
2023-05-14,889.2662891058292,1068.4911688217646,1572.9850923954164,889.2662891058292,889.2662891058292,431.25566308143084,431.25566308143084,431.25566308143084,9.757778783405472,9.757778783405472,9.757778783405472,421.49788429802544,421.49788429802544,421.49788429802544,0.0,0.0,0.0,1320.52195218726
2023-05-15,889.2563125215573,1094.902907747524,1589.6238229182109,889.2563125215573,889.2563125215573,440.5238586292988,440.5238586292988,440.5238586292988,15.325618498925515,15.325618498925515,15.325618498925515,425.19824013037334,425.19824013037334,425.19824013037334,0.0,0.0,0.0,1329.7801711508562
2023-05-16,889.2463359372854,1054.0496959739355,1558.2683013627163,889.2463359372854,889.2463359372854,410.7614743293339,410.7614743293339,410.7614743293339,-17.592997133761443,-17.592997133761443,-17.592997133761443,428.3544714630954,428.3544714630954,428.3544714630954,0.0,0.0,0.0,1300.0078102666193
2023-05-17,889.2363593530135,1088.2371634059714,1587.0172900323496,889.2363593530135,889.2363593530135,449.1449500663895,449.1449500663895,449.1449500663895,18.187768370956725,18.187768370956725,18.187768370956725,430.95718169543284,430.95718169543284,430.95718169543284,0.0,0.0,0.0,1338.3813094194031
2023-05-18,889.2263827687416,1065.9151244368823,1576.9764866531525,889.2263827687416,889.2263827687416,428.1537337127562,428.1537337127562,428.1537337127562,-4.8461819999646405,-4.8461819999646405,-4.8461819999646405,432.9999157127209,432.9999157127209,432.9999157127209,0.0,0.0,0.0,1317.3801164814977
2023-05-19,889.2164061844697,1043.3550356254486,1540.1102995932554,889.2164061844697,889.2164061844697,408.130494297347,408.130494297347,408.130494297347,-26.348946947638655,-26.348946947638655,-26.348946947638655,434.47944124498565,434.47944124498565,434.47944124498565,0.0,0.0,0.0,1297.3469004818166
2023-05-20,889.2064296001978,1082.3673254317623,1584.56078883813,889.2064296001978,889.2064296001978,440.9129894387068,440.9129894387068,440.9129894387068,5.516960428026945,5.516960428026945,5.516960428026945,435.39602901067985,435.39602901067985,435.39602901067985,0.0,0.0,0.0,1330.1194190389047
2023-05-21,889.1964530159258,1084.204667995851,1587.739384770525,889.1964530159258,889.1964530159258,445.51150143985325,445.51150143985325,445.51150143985325,9.757778783437697,9.757778783437697,9.757778783437697,435.7537226564156,435.7537226564156,435.7537226564156,0.0,0.0,0.0,1334.7079544557791
2023-05-22,889.1864764316539,1087.7408795862186,1598.7027195210464,889.1864764316539,889.1864764316539,450.88620725779015,450.88620725779015,450.88620725779015,15.325618498907469,15.325618498907469,15.325618498907469,435.5605887588826,435.5605887588826,435.5605887588826,0.0,0.0,0.0,1340.0726836894441
2023-05-23,889.176499847382,1052.5754677456246,1551.9077110348549,889.176499847382,889.176499847382,417.2359396172535,417.2359396172535,417.2359396172535,-17.592997133783022,-17.592997133783022,-17.592997133783022,434.8289367510365,434.8289367510365,434.8289367510365,0.0,0.0,0.0,1306.4124394646356
2023-05-24,889.1665232631101,1086.0950249684252,1577.114144652673,889.1665232631101,889.1665232631101,451.76326696290795,451.76326696290795,451.76326696290795,18.187768371017913,18.187768371017913,18.187768371017913,433.57549859189004,433.57549859189004,433.57549859189004,0.0,0.0,0.0,1340.929790226018
2023-05-25,889.1565466788383,1070.7737087656103,1550.5077578286953,889.1565466788383,889.1565466788383,426.9753763270414,426.9753763270414,426.9753763270414,-4.846181999965684,-4.846181999965684,-4.846181999965684,431.8215583270071,431.8215583270071,431.8215583270071,0.0,0.0,0.0,1316.1319230058796
2023-05-26,889.1465700945663,1045.884818393174,1540.684911859014,889.1465700945663,889.1465700945663,403.2440754327891,403.2440754327891,403.2440754327891,-26.348946947650763,-26.348946947650763,-26.348946947650763,429.5930223804399,429.5930223804399,429.5930223804399,0.0,0.0,0.0,1292.3906455273554
2023-05-27,889.1365935102945,1067.662000342897,1567.6533319098405,889.1365935102945,889.1365935102945,432.4373828884121,432.4373828884121,432.4373828884121,5.516960428070156,5.516960428070156,5.516960428070156,426.92042246034197,426.92042246034197,426.92042246034197,0.0,0.0,0.0,1321.5739763987067
2023-06-01,889.0867105889349,1047.8417106403394,1538.87536326191,889.0867105889349,889.0867105889349,403.4269280697605,403.4269280697605,403.4269280697605,-4.846182000055743,-4.846182000055743,-4.846182000055743,408.27311006981625,408.27311006981625,408.27311006981625,0.0,0.0,0.0,1292.5136386586955
2023-06-02,889.076734004663,1025.3796698295323,1510.887882266463,889.076734004663,889.076734004663,377.468198750043,377.468198750043,377.468198750043,-26.348946947673046,-26.348946947673046,-26.348946947673046,403.817145697716,403.817145697716,403.817145697716,0.0,0.0,0.0,1266.544932754706
2023-06-03,889.0667574203911,1047.8407750266479,1538.1139032972244,889.0667574203911,889.0667574203911,404.7611006225198,404.7611006225198,404.7611006225198,5.516960428113366,5.516960428113366,5.516960428113366,399.24414019440644,399.24414019440644,399.24414019440644,0.0,0.0,0.0,1293.827858042911
2023-06-04,889.0567808361192,1042.7222404277857,1525.2479758608415,889.0567808361192,889.0567808361192,404.37003645923454,404.37003645923454,404.37003645923454,9.757778783419534,9.757778783419534,9.757778783419534,394.612257675815,394.612257675815,394.612257675815,0.0,0.0,0.0,1293.4268172953537
2023-06-05,889.0468042518473,1030.4027692429868,1560.0097734656863,889.0468042518473,889.0468042518473,405.3064021117692,405.3064021117692,405.3064021117692,15.325618498869693,15.325618498869693,15.325618498869693,389.9807836128995,389.9807836128995,389.9807836128995,0.0,0.0,0.0,1294.3532063636167
2023-06-06,889.0368276675753,1017.9191983793087,1498.3559314700497,889.0368276675753,889.0368276675753,367.81640169581726,367.81640169581726,367.81640169581726,-17.59299713379357,-17.59299713379357,-17.59299713379357,385.40939882961084,385.40939882961084,385.40939882961084,0.0,0.0,0.0,1256.8532293633925
2023-06-07,889.0268510833034,1048.7898831253856,1556.2505578075452,889.0268510833034,889.0268510833034,399.145187024598,399.145187024598,399.145187024598,18.187768370962488,18.187768370962488,18.187768370962488,380.95741865363544,380.95741865363544,380.95741865363544,0.0,0.0,0.0,1288.1720381079015
2023-06-08,889.0168744990315,1016.5366241299353,1524.2642662326741,889.0168744990315,889.0168744990315,371.83682857360805,371.83682857360805,371.83682857360805,-4.846181999967768,-4.846181999967768,-4.846181999967768,376.6830105735758,376.6830105735758,376.6830105735758,0.0,0.0,0.0,1260.8537030726395
2023-06-09,889.0068979147596,985.7914604177548,1479.7580941367532,889.0068979147596,889.0068979147596,346.29345755377096,346.29345755377096,346.29345755377096,-26.348946947695328,-26.348946947695328,-26.348946947695328,372.64240450146633,372.64240450146633,372.64240450146633,0.0,0.0,0.0,1235.3003554685306
2023-06-10,888.9969213304877,1011.6111274741234,1531.5006373366598,888.9969213304877,888.9969213304877,374.40607055301814,374.40607055301814,374.40607055301814,5.516960428083839,5.516960428083839,5.516960428083839,368.8891101249343,368.8891101249343,368.8891101249343,0.0,0.0,0.0,1263.4029918835058
2023-06-11,888.9869447462158,1020.523155791116,1508.087394802266,888.9869447462158,888.9869447462158,375.23093462628157,375.23093462628157,375.23093462628157,9.75777878340868,9.75777878340868,9.75777878340868,365.4731558428729,365.4731558428729,365.4731558428729,0.0,0.0,0.0,1264.2178793724975
2023-06-12,888.9769681619439,1015.1863376519497,1525.5473719210436,888.9769681619439,888.9769681619439,377.76598192276924,377.76598192276924,377.76598192276924,15.325618498849963,15.325618498849963,15.325618498849963,362.4403634239193,362.4403634239193,362.4403634239193,0.0,0.0,0.0,1266.7429500847131
2023-06-13,888.966991577672,975.2246271657501,1479.5446951196786,888.966991577672,888.966991577672,342.2386746841973,342.2386746841973,342.2386746841973,-17.592997133776887,-17.592997133776887,-17.592997133776887,359.8316718179742,359.8316718179742,359.8316718179742,0.0,0.0,0.0,1231.2056662618693
2023-06-14,888.9570149934,1022.7942132213008,1523.643321217225,888.9570149934,888.9570149934,375.8702908875624,375.8702908875624,375.8702908875624,18.187768370953044,18.187768370953044,18.187768370953044,357.68252251660937,357.68252251660937,357.68252251660937,0.0,0.0,0.0,1264.8273058809623
2023-06-15,888.9470384091281,995.3922861474216,1483.4501504504249,888.9470384091281,888.9470384091281,351.17613553260816,351.17613553260816,351.17613553260816,-4.846182000057828,-4.846182000057828,-4.846182000057828,356.02231753266597,356.02231753266597,356.02231753266597,0.0,0.0,0.0,1240.1231739417362
2023-06-16,888.9370618248562,955.0881947159306,1468.4564066675355,888.9370618248562,888.9370618248562,328.52501255042694,328.52501255042694,328.52501255042694,-26.348946947707436,-26.348946947707436,-26.348946947707436,354.87395949813435,354.87395949813435,354.87395949813435,0.0,0.0,0.0,1217.462074375283
2023-06-17,888.9270852405843,988.7552218425449,1492.0700835658288,888.9270852405843,888.9270852405843,359.7704420418276,359.7704420418276,359.7704420418276,5.516960428054314,5.516960428054314,5.516960428054314,354.2534816137733,354.2534816137733,354.2534816137733,0.0,0.0,0.0,1248.697527282412
2023-06-18,888.9171086563124,1002.7524486114601,1499.7347400731283,888.9171086563124,888.9171086563124,363.927552061853,363.927552061853,363.927552061853,9.7577787833996,9.7577787833996,9.7577787833996,354.1697732784534,354.1697732784534,354.1697732784534,0.0,0.0,0.0,1252.8446607181654
2023-06-19,888.9071320720406,1010.5708525651878,1503.673888457161,888.9071320720406,888.9071320720406,369.95002374011665,369.95002374011665,369.95002374011665,15.3256184988336,15.3256184988336,15.3256184988336,354.62440524128306,354.62440524128306,354.62440524128306,0.0,0.0,0.0,1258.857155812157
2023-06-20,888.8971554877687,971.9656703290076,1488.7888112298558,888.8971554877687,888.8971554877687,338.01855898016214,338.01855898016214,338.01855898016214,-17.5929971337602,-17.5929971337602,-17.5929971337602,355.61155611392235,355.61155611392235,355.61155611392235,0.0,0.0,0.0,1226.915714467931
2023-06-21,888.8871789034968,1032.0914906931462,1514.6704804192266,888.8871789034968,888.8871789034968,375.3058084832873,375.3058084832873,375.3058084832873,18.18776837101423,18.18776837101423,18.18776837101423,357.11804011227304,357.11804011227304,357.11804011227304,0.0,0.0,0.0,1264.1929873867841
2023-06-22,888.8772023192248,997.6060846707268,1476.0375701728963,888.8772023192248,888.8772023192248,354.277252021048,354.277252021048,354.277252021048,-4.846181999941528,-4.846181999941528,-4.846181999941528,359.1234340209896,359.1234340209896,359.1234340209896,0.0,0.0,0.0,1243.1544543402729
2023-06-23,888.8672257349529,978.4265335912909,1470.4994010056255,888.8672257349529,888.8672257349529,335.2513526927232,335.2513526927232,335.2513526927232,-26.348946947639956,-26.348946947639956,-26.348946947639956,361.60029964036306,361.60029964036306,361.60029964036306,0.0,0.0,0.0,1224.118578427676
2023-06-24,888.857249150681,1019.511977607846,1526.6010046906747,888.857249150681,888.857249150681,370.0314568538086,370.0314568538086,370.0314568538086,5.516960428097524,5.516960428097524,5.516960428097524,364.5144964257111,364.5144964257111,364.5144964257111,0.0,0.0,0.0,1258.8887060044897
2023-06-25,888.8472725664091,1025.9417059562675,1516.3706483282904,888.8472725664091,888.8472725664091,377.58335648287783,377.58335648287783,377.58335648287783,9.75777878339052,9.75777878339052,9.75777878339052,367.8255776994873,367.8255776994873,367.8255776994873,0.0,0.0,0.0,1266.4306290492868
2023-06-26,888.8372959821372,1010.8942540945353,1528.8883902603138,888.8372959821372,888.8372959821372,386.8128812289737,386.8128812289737,386.8128812289737,15.325618498917052,15.325618498917052,15.325618498917052,371.48726273005667,371.48726273005667,371.48726273005667,0.0,0.0,0.0,1275.650177211111
2023-06-27,888.8273193978653,999.18853236494,1504.9126694559236,888.8273193978653,888.8273193978653,357.8549790114689,357.8549790114689,357.8549790114689,-17.59299713378743,-17.59299713378743,-17.59299713378743,375.4479761452564,375.4479761452564,375.4479761452564,0.0,0.0,0.0,1246.6822984093342
2023-07-01,888.7874130607776,1041.6042660725573,1547.433869138479,888.7874130607776,888.7874130607776,398.6160150142365,398.6160150142365,398.6160150142365,5.516960428140733,5.516960428140733,5.516960428140733,393.0990545860957,393.0990545860957,393.0990545860957,0.0,0.0,0.0,1287.403428075014
2023-07-02,888.7774364765057,1042.3666125300017,1557.5121817066843,888.7774364765057,888.7774364765057,407.39805357612175,407.39805357612175,407.39805357612175,9.757778783422742,9.757778783422742,9.757778783422742,397.640274792699,397.640274792699,397.640274792699,0.0,0.0,0.0,1296.1754900526275
2023-07-03,888.7674598922338,1068.0712736602898,1566.7647998173604,888.7674598922338,888.7674598922338,417.4218666238892,417.4218666238892,417.4218666238892,15.325618498899006,15.325618498899006,15.325618498899006,402.09624812499015,402.09624812499015,402.09624812499015,0.0,0.0,0.0,1306.189326516123
2023-07-04,888.7574833079619,1026.7056857626433,1536.465625626618,888.7574833079619,888.7574833079619,388.80416168163794,388.80416168163794,388.80416168163794,-17.592997133809014,-17.592997133809014,-17.592997133809014,406.39715881544697,406.39715881544697,406.39715881544697,0.0,0.0,0.0,1277.5616449896
2023-07-05,888.74750672369,1069.8512605363996,1576.1803509663202,888.74750672369,888.74750672369,428.66130539655074,428.66130539655074,428.66130539655074,18.187768371065975,18.187768371065975,18.187768371065975,410.4735370254848,410.4735370254848,410.4735370254848,0.0,0.0,0.0,1317.4088121202408
2023-07-06,888.7375301394181,1048.3284710632906,1546.1930625432585,888.7375301394181,888.7375301394181,409.4108208935548,409.4108208935548,409.4108208935548,-4.846181999943613,-4.846181999943613,-4.846181999943613,414.2570028934984,414.2570028934984,414.2570028934984,0.0,0.0,0.0,1298.1483510329729
2023-07-07,888.7275535551462,1022.3320427043861,1515.3719062755945,888.7275535551462,888.7275535551462,391.33204931717455,391.33204931717455,391.33204931717455,-26.348946947684517,-26.348946947684517,-26.348946947684517,417.68099626485906,417.68099626485906,417.68099626485906,0.0,0.0,0.0,1280.0596028723207
2023-07-08,888.7175769884972,1064.3609460654752,1563.8115059168533,888.7175769884972,888.7175769884972,426.1984474414275,426.1984474414275,426.1984474414275,5.51696042803716,5.51696042803716,5.51696042803716,420.6814870133904,420.6814870133904,420.6814870133904,0.0,0.0,0.0,1314.9160244299246
2023-07-09,888.7076004218482,1070.1637531158733,1556.187257279569,888.7076004218482,888.7076004218482,432.9554401818972,432.9554401818972,432.9554401818972,9.757778783454961,9.757778783454961,9.757778783454961,423.1976613984422,423.1976613984422,423.1976613984422,0.0,0.0,0.0,1321.6630406037452
2023-07-10,888.6976238551991,1083.6957238807286,1583.942511542442,888.6976238551991,888.6976238551991,440.49819881416187,440.49819881416187,440.49819881416187,15.325618498879276,15.325618498879276,15.325618498879276,425.1725803152826,425.1725803152826,425.1725803152826,0.0,0.0,0.0,1329.195822669361
2023-07-11,888.6876472885501,1042.0494335198005,1538.632848973253,888.6876472885501,888.6876472885501,408.960808432911,408.960808432911,408.960808432911,-17.592997133754064,-17.592997133754064,-17.592997133754064,426.553805566665,426.553805566665,426.553805566665,0.0,0.0,0.0,1297.6484557214612
2023-07-12,888.6776707219011,1082.5931792890658,1579.4294982183553,888.6776707219011,888.6776707219011,445.4817587731099,445.4817587731099,445.4817587731099,18.187768371056528,18.187768371056528,18.187768371056528,427.2939904020534,427.2939904020534,427.2939904020534,0.0,0.0,0.0,1334.159429495011
2023-07-13,888.6676941552521,1064.308116115731,1572.0661830081779,888.6676941552521,888.6676941552521,422.5052485361505,422.5052485361505,422.5052485361505,-4.846181999827311,-4.846181999827311,-4.846181999827311,427.3514305359777,427.3514305359777,427.3514305359777,0.0,0.0,0.0,1311.1729426914026
2023-07-14,888.6577175886031,1050.9386485446971,1533.2891898906537,888.6577175886031,888.6577175886031,400.3416247298842,400.3416247298842,400.3416247298842,-26.348946947706796,-26.348946947706796,-26.348946947706796,426.690571677591,426.690571677591,426.690571677591,0.0,0.0,0.0,1288.9993423184874
2023-07-15,888.6477410219541,1075.7863292026059,1576.15560379821,888.6477410219541,888.6477410219541,430.79942972830196,430.79942972830196,430.79942972830196,5.516960428007632,5.516960428007632,5.516960428007632,425.2824693002943,425.2824693002943,425.2824693002943,0.0,0.0,0.0,1319.447170750256
2023-07-16,888.637764455305,1092.2925159607003,1574.9269706980783,888.637764455305,888.637764455305,432.8629747633655,432.8629747633655,432.8629747633655,9.757778783445886,9.757778783445886,9.757778783445886,423.10519597991964,423.10519597991964,423.10519597991964,0.0,0.0,0.0,1321.5007392186706
2023-07-17,888.6277878886559,1070.6790112448805,1580.5219563593378,888.6277878886559,888.6277878886559,435.4698096685434,435.4698096685434,435.4698096685434,15.325618498861228,15.325618498861228,15.325618498861228,420.14419116968213,420.14419116968213,420.14419116968213,0.0,0.0,0.0,1324.0975975571994
2023-07-18,888.617811322007,1046.3229067051043,1529.7254684778234,888.617811322007,888.617811322007,398.7995506708729,398.7995506708729,398.7995506708729,-17.59299713377564,-17.59299713377564,-17.59299713377564,416.39254780464853,416.39254780464853,416.39254780464853,0.0,0.0,0.0,1287.41736199288
2023-07-19,888.607834755358,1059.9911727030694,1557.2696988595835,888.607834755358,888.607834755358,430.0389980554351,430.0389980554351,430.0389980554351,18.18776837101055,18.18776837101055,18.18776837101055,411.85122968442465,411.85122968442465,411.85122968442465,0.0,0.0,0.0,1318.646832810793
2023-07-20,888.597858188709,1031.5249364883664,1534.2338820864093,888.597858188709,888.597858188709,401.683031224277,401.683031224277,401.683031224277,-4.846181999828354,-4.846181999828354,-4.846181999828354,406.5292132241053,406.5292132241053,406.5292132241053,0.0,0.0,0.0,1290.280889412986
2023-07-21,888.58788162206,1035.4026145553673,1514.7989256219605,888.58788162206,888.58788162206,374.09459999257865,374.09459999257865,374.09459999257865,-26.348946947639313,-26.348946947639313,-26.348946947639313,400.4435469402179,400.4435469402179,400.4435469402179,0.0,0.0,0.0,1262.6824816146386
2023-07-22,888.5779050554108,1021.5755785300954,1543.220174178474,888.5779050554108,888.5779050554108,399.13628243451257,399.13628243451257,399.13628243451257,5.5169604281235785,5.5169604281235785,5.5169604281235785,393.619322006389,393.619322006389,393.619322006389,0.0,0.0,0.0,1287.7141874899235
2023-07-23,888.5679284887619,1033.3262041234314,1547.8816872341104,888.5679284887619,888.5679284887619,395.8473261976202,395.8473261976202,395.8473261976202,9.757778783352432,9.757778783352432,9.757778783352432,386.0895474142677,386.0895474142677,386.0895474142677,0.0,0.0,0.0,1284.415254686382
2023-07-24,888.5579519221129,1021.3179136106974,1519.0015223863124,888.5579519221129,888.5579519221129,393.2205422548411,393.2205422548411,393.2205422548411,15.325618498944683,15.325618498944683,15.325618498944683,377.89492375589646,377.89492375589646,377.89492375589646,0.0,0.0,0.0,1281.7784941769542
2023-07-25,888.5479753554639,981.6330559480887,1487.1892206599107,888.5479753554639,888.5479753554639,351.490513299973,351.490513299973,351.490513299973,-17.592997133758956,-17.592997133758956,-17.592997133758956,369.083510433732,369.083510433732,369.083510433732,0.0,0.0,0.0,1240.0384886554368
2023-07-26,888.5379987888149,1001.9875924524595,1503.964607071548,888.5379987888149,888.5379987888149,377.89805059854143,377.89805059854143,377.89805059854143,18.187768371071737,18.187768371071737,18.187768371071737,359.71028222746963,359.71028222746963,359.71028222746963,0.0,0.0,0.0,1266.4360493873564
2023-07-27,888.5280222221659,974.0978091978299,1472.8636747270089,888.5280222221659,888.5280222221659,344.99039061412157,344.99039061412157,344.99039061412157,-4.8461819999184135,-4.8461819999184135,-4.8461819999184135,349.83657261403994,349.83657261403994,349.83657261403994,0.0,0.0,0.0,1233.5184128362876
2023-08-01,888.4781393889208,930.0308655706167,1411.5455323113613,888.4781393889208,888.4781393889208,277.8657674499122,277.8657674499122,277.8657674499122,-17.592997133780536,-17.592997133780536,-17.592997133780536,295.45876458369275,295.45876458369275,295.45876458369275,0.0,0.0,0.0,1166.343906838833
2023-08-02,888.4681628222717,942.9670752978038,1454.798047194154,888.4681628222717,888.4681628222717,302.31572548642083,302.31572548642083,302.31572548642083,18.187768370991655,18.187768370991655,18.187768370991655,284.1279571154292,284.1279571154292,284.1279571154292,0.0,0.0,0.0,1190.7838883086924
2023-08-03,888.4581862556228,922.6349401311819,1412.7752047283113,888.4581862556228,888.4581862556228,267.98802511605163,267.98802511605163,267.98802511605163,-4.8461819998304385,-4.8461819998304385,-4.8461819998304385,272.83420711588207,272.83420711588207,272.83420711588207,0.0,0.0,0.0,1156.4462113716745
2023-08-04,888.4482096889737,868.600799726021,1374.7568883590427,888.4482096889737,888.4482096889737,235.3079789694375,235.3079789694375,235.3079789694375,-26.348946947673703,-26.348946947673703,-26.348946947673703,261.6569259171112,261.6569259171112,261.6569259171112,0.0,0.0,0.0,1123.7561886584112
2023-08-05,888.4382331223247,902.2348638725123,1380.1404109616726,888.4382331223247,888.4382331223247,256.18941800283613,256.18941800283613,256.18941800283613,5.516960428137263,5.516960428137263,5.516960428137263,250.67245757469888,250.67245757469888,250.67245757469888,0.0,0.0,0.0,1144.6276511251608
2023-08-06,888.4282565556757,890.9404385879657,1404.325235721583,888.4282565556757,888.4282565556757,249.7105447941412,249.7105447941412,249.7105447941412,9.757778783416873,9.757778783416873,9.757778783416873,239.95276601072433,239.95276601072433,239.95276601072433,0.0,0.0,0.0,1138.138801349817
2023-08-07,888.4182799890266,889.2182733039747,1383.7706013264255,888.4182799890266,888.4182799890266,244.88976273427863,244.88976273427863,244.88976273427863,15.325618498906907,15.325618498906907,15.325618498906907,229.56414423537174,229.56414423537174,229.56414423537174,0.0,0.0,0.0,1133.3080427233053
2023-08-08,888.4083034223777,820.4015304661849,1334.2481328075326,888.4083034223777,888.4083034223777,201.9729756368295,201.9729756368295,201.9729756368295,-17.592997133763852,-17.592997133763852,-17.592997133763852,219.56597277059333,219.56597277059333,219.56597277059333,0.0,0.0,0.0,1090.3812790592071
2023-08-09,888.3983268557287,856.3345827711797,1366.3053397972303,888.3983268557287,888.3983268557287,228.1973238453352,228.1973238453352,228.1973238453352,18.18776837101632,18.18776837101632,18.18776837101632,210.00955547431886,210.00955547431886,210.00955547431886,0.0,0.0,0.0,1116.595650701064
2023-08-10,888.3883502890797,861.7020920014659,1330.928196580527,888.3883502890797,888.3883502890797,196.09087939800696,196.09087939800696,196.09087939800696,-4.846181999920499,-4.846181999920499,-4.846181999920499,200.93706139792747,200.93706139792747,200.93706139792747,0.0,0.0,0.0,1084.4792296870867
2023-08-11,888.3783737224306,817.2616208167266,1307.6135630962442,888.3783737224306,888.3783737224306,166.03165408368153,166.03165408368153,166.03165408368153,-26.348946947695982,-26.348946947695982,-26.348946947695982,192.38060103137752,192.38060103137752,192.38060103137752,0.0,0.0,0.0,1054.410027806112
2023-08-12,888.3683971557816,827.9284591070265,1324.3525525573293,888.3683971557816,888.3683971557816,189.87842467905443,189.87842467905443,189.87842467905443,5.516960428107738,5.516960428107738,5.516960428107738,184.36146425094668,184.36146425094668,184.36146425094668,0.0,0.0,0.0,1078.246821834836
2023-08-13,888.3584205891326,829.7554671882573,1319.768113048292,888.3584205891326,888.3584205891326,186.64732423921023,186.64732423921023,186.64732423921023,9.757778783407796,9.757778783407796,9.757778783407796,176.88954545580245,176.88954545580245,176.88954545580245,0.0,0.0,0.0,1075.0057448283428
2023-08-14,888.3484440224836,820.9320563903278,1320.331634382267,888.3484440224836,888.3484440224836,185.2885972474971,185.2885972474971,185.2885972474971,15.325618498890544,15.325618498890544,15.325618498890544,169.96297874860656,169.96297874860656,169.96297874860656,0.0,0.0,0.0,1073.6370412699807
2023-08-15,888.3384674558346,794.2032205846313,1290.7687511492552,888.3384674558346,888.3384674558346,145.97500546851825,145.97500546851825,145.97500546851825,-17.592997133791087,-17.592997133791087,-17.592997133791087,163.56800260230932,163.56800260230932,163.56800260230932,0.0,0.0,0.0,1034.313472924353
2023-08-16,888.3284908891856,821.4227574585753,1300.5321434447076,888.3284908891856,888.3284908891856,175.86683766585392,175.86683766585392,175.86683766585392,18.187768370936233,18.187768370936233,18.187768370936233,157.67906929491767,157.67906929491767,157.67906929491767,0.0,0.0,0.0,1064.1953285550394
2023-08-17,888.3185143225365,779.1689609879446,1282.6668656761526,888.3185143225365,888.3185143225365,147.41302755409387,147.41302755409387,147.41302755409387,-4.846182000010558,-4.846182000010558,-4.846182000010558,152.25920955410442,152.25920955410442,152.25920955410442,0.0,0.0,0.0,1035.7315418766304
2023-08-18,888.3085377558874,764.9521277074529,1253.379224741835,888.3085377558874,888.3085377558874,120.91171047218755,120.91171047218755,120.91171047218755,-26.3489469476285,-26.3489469476285,-26.3489469476285,147.26065741981606,147.26065741981606,147.26065741981606,0.0,0.0,0.0,1009.220248228075
2023-08-19,888.2985611892385,778.2852194631754,1281.573520380611,888.2985611892385,888.2985611892385,148.14269484497868,148.14269484497868,148.14269484497868,5.516960428150947,5.516960428150947,5.516960428150947,142.62573441682773,142.62573441682773,142.62573441682773,0.0,0.0,0.0,1036.441256034217
2023-08-20,888.2885846225895,777.5293680965979,1289.2623851923104,888.2885846225895,888.2885846225895,148.04576464642778,148.04576464642778,148.04576464642778,9.757778783438237,9.757778783438237,9.757778783438237,138.28798586298953,138.28798586298953,138.28798586298953,0.0,0.0,0.0,1036.3343492690174
2023-08-21,888.2786080559405,786.8325943072969,1272.1665296804536,888.2786080559405,888.2786080559405,149.49917416974387,149.49917416974387,149.49917416974387,15.325618498870815,15.325618498870815,15.325618498870815,134.17355567087307,134.17355567087307,134.17355567087307,0.0,0.0,0.0,1037.7777822256844
2023-08-22,888.2686314892915,737.7584468610963,1266.0883842815856,888.2686314892915,888.2686314892915,112.60978236034084,112.60978236034084,112.60978236034084,-17.5929971337744,-17.5929971337744,-17.5929971337744,130.20277949411525,130.20277949411525,130.20277949411525,0.0,0.0,0.0,1000.8784138496324
2023-08-23,888.2586549226424,771.9443540285024,1286.6730979226322,888.2586549226424,888.2586549226424,144.47973807143214,144.47973807143214,144.47973807143214,18.18776837099742,18.18776837099742,18.18776837099742,126.2919697004347,126.2919697004347,126.2919697004347,0.0,0.0,0.0,1032.7383929940745
2023-08-24,888.2486783559934,768.0990775676714,1246.257811446941,888.2486783559934,888.2486783559934,117.50917759909917,117.50917759909917,117.50917759909917,-4.846182000011601,-4.846182000011601,-4.846182000011601,122.35535959911077,122.35535959911077,122.35535959911077,0.0,0.0,0.0,1005.7578559550926
2023-08-25,888.2387017893444,712.915915995746,1218.5092454946446,888.2387017893444,888.2387017893444,91.95822184523499,91.95822184523499,91.95822184523499,-26.348946947740547,-26.348946947740547,-26.348946947740547,118.30716879297553,118.30716879297553,118.30716879297553,0.0,0.0,0.0,980.1969236345794
2023-08-26,888.2287252226954,768.0076562790922,1238.5952979493725,888.2287252226954,888.2287252226954,119.58070706657075,119.58070706657075,119.58070706657075,5.516960428120107,5.516960428120107,5.516960428120107,114.06374663845065,114.06374663845065,114.06374663845065,0.0,0.0,0.0,1007.8094322892662
2023-08-27,888.2187486560464,758.4277189405947,1250.5999627200208,888.2187486560464,888.2187486560464,119.3035255342301,119.3035255342301,119.3035255342301,9.757778783387858,9.757778783387858,9.757778783387858,109.54574675084224,109.54574675084224,109.54574675084224,0.0,0.0,0.0,1007.5222741902764
2023-09-01,888.1688658228013,689.2827667974896,1181.2369885713656,888.1688658228013,888.1688658228013,54.27602485830408,54.27602485830408,54.27602485830408,-26.34894694767306,-26.34894694767306,-26.34894694767306,80.62497180597714,80.62497180597714,80.62497180597714,0.0,0.0,0.0,942.4448906811053
2023-09-02,888.1588892561523,711.9607027742811,1211.3414540462356,888.1588892561523,888.1588892561523,78.80945268166117,78.80945268166117,78.80945268166117,5.5169604281633156,5.5169604281633156,5.5169604281633156,73.29249225349784,73.29249225349784,73.29249225349784,0.0,0.0,0.0,966.9683419378134
2023-09-03,888.1489126895032,703.0822069881415,1229.0880577986777,888.1489126895032,888.1489126895032,75.17385161727864,75.17385161727864,75.17385161727864,9.75777878342008,9.75777878342008,9.75777878342008,65.41607283385856,65.41607283385856,65.41607283385856,0.0,0.0,0.0,963.3227643067818
2023-09-04,888.1389361228544,708.4983759142543,1209.4236086362419,888.1389361228544,888.1389361228544,72.34158009579536,72.34158009579536,72.34158009579536,15.325618498833038,15.325618498833038,15.325618498833038,57.01596159696233,57.01596159696233,57.01596159696233,0.0,0.0,0.0,960.4805162186498
2023-09-05,888.1289595692979,677.3254747040043,1172.1690307726972,888.1289595692979,888.1289595692979,30.536364510068104,30.536364510068104,30.536364510068104,-17.59299713378495,-17.59299713378495,-17.59299713378495,48.12936164385306,48.12936164385306,48.12936164385306,0.0,0.0,0.0,918.665324079366
2023-09-06,888.1189830157415,709.4957923092684,1201.5694679356425,888.1189830157415,888.1189830157415,56.998033939203424,56.998033939203424,56.998033939203424,18.187768370978528,18.187768370978528,18.187768370978528,38.81026556822489,38.81026556822489,38.81026556822489,0.0,0.0,0.0,945.1170169549449
2023-09-07,888.1090064621851,650.4823815880495,1167.6488863090708,888.1090064621851,888.1090064621851,24.282693709478533,24.282693709478533,24.282693709478533,-4.846181999896343,-4.846181999896343,-4.846181999896343,29.128875709374874,29.128875709374874,29.128875709374874,0.0,0.0,0.0,912.3917001716636
2023-09-08,888.0990299086288,626.9898586092722,1122.3413329650998,888.0990299086288,888.0990299086288,-7.178339122929056,-7.178339122929056,-7.178339122929056,-26.34894694760558,-26.34894694760558,-26.34894694760558,19.170607824676523,19.170607824676523,19.170607824676523,0.0,0.0,0.0,880.9206907856998
2023-09-09,888.0890533550725,657.540694761944,1151.9041384995842,888.0890533550725,888.0890533550725,14.551646351465834,14.551646351465834,14.551646351465834,5.516960428133791,5.516960428133791,5.516960428133791,9.034685923332043,9.034685923332043,9.034685923332043,0.0,0.0,0.0,902.6406997065383
2023-09-10,888.0790768015161,664.8177966427629,1152.3929225577147,888.0790768015161,888.0790768015161,8.59012512085171,8.59012512085171,8.59012512085171,9.757778783410998,9.757778783410998,9.757778783410998,-1.1676536625592877,-1.1676536625592877,-1.1676536625592877,0.0,0.0,0.0,896.6692019223677
2023-09-11,888.0691002479597,654.0086271812197,1150.5471430944729,888.0691002479597,888.0691002479597,4.010297883560231,4.010297883560231,4.010297883560231,15.325618498914809,15.325618498914809,15.325618498914809,-11.315320615354578,-11.315320615354578,-11.315320615354578,0.0,0.0,0.0,892.07939813152
2023-09-12,888.0591236944033,592.9297439966663,1108.7227215763983,888.0591236944033,888.0591236944033,-38.872850205884326,-38.872850205884326,-38.872850205884326,-17.59299713380653,-17.59299713380653,-17.59299713380653,-21.2798530720778,-21.2798530720778,-21.2798530720778,0.0,0.0,0.0,849.186273488519
2023-09-13,888.0491471408469,614.2432132362921,1124.1521661768365,888.0491471408469,888.0491471408469,-12.740408131996558,-12.740408131996558,-12.740408131996558,18.18776837096908,18.18776837096908,18.18776837096908,-30.92817650296564,-30.92817650296564,-30.92817650296564,0.0,0.0,0.0,875.3087390088504
2023-09-14,888.0391705872905,600.9958975232918,1088.824903939014,888.0391705872905,888.0391705872905,-44.971764862352224,-44.971764862352224,-44.971764862352224,-4.846181999986401,-4.846181999986401,-4.846181999986401,-40.125582862365825,-40.125582862365825,-40.125582862365825,0.0,0.0,0.0,843.0674057249383
2023-09-15,888.0291940337341,560.8315675879069,1046.2940212582473,888.0291940337341,888.0291940337341,-75.0878133986581,-75.0878133986581,-75.0878133986581,-26.348946947627862,-26.348946947627862,-26.348946947627862,-48.73886645103024,-48.73886645103024,-48.73886645103024,0.0,0.0,0.0,812.941380635076
2023-09-16,888.0192174801778,585.2163198667365,1083.5762147743806,888.0192174801778,888.0192174801778,-51.12258643878537,-51.12258643878537,-51.12258643878537,5.516960428030214,5.516960428030214,5.516960428030214,-56.639546866815586,-56.639546866815586,-56.639546866815586,0.0,0.0,0.0,836.8966310413924
2023-09-17,888.0092409266215,581.6184900853898,1071.5635195812931,888.0092409266215,888.0092409266215,-53.94932611053561,-53.94932611053561,-53.94932611053561,9.757778783401921,9.757778783401921,9.757778783401921,-63.707104893937526,-63.707104893937526,-63.707104893937526,0.0,0.0,0.0,834.0599148160859
2023-09-18,887.9992643730651,595.7154122073466,1076.859685313887,887.9992643730651,887.9992643730651,-54.50653585842937,-54.50653585842937,-54.50653585842937,15.325618498898445,15.325618498898445,15.325618498898445,-69.83215435732782,-69.83215435732782,-69.83215435732782,0.0,0.0,0.0,833.4927285146357
2023-09-19,887.9892878195086,556.3695325117649,1026.7331265980383,887.9892878195086,887.9892878195086,-92.51246910775812,-92.51246910775812,-92.51246910775812,-17.592997133751577,-17.592997133751577,-17.592997133751577,-74.91947197400654,-74.91947197400654,-74.91947197400654,0.0,0.0,0.0,795.4768187117505
2023-09-20,887.9793112659522,597.898625164757,1087.6020017396609,887.9793112659522,887.9793112659522,-60.70303978169685,-60.70303978169685,-60.70303978169685,18.18776837103027,18.18776837103027,18.18776837103027,-78.89080815272712,-78.89080815272712,-78.89080815272712,0.0,0.0,0.0,827.2762714842554
2023-09-21,887.9693347123958,544.6234466410797,1052.9486095699779,887.9693347123958,887.9693347123958,-86.53358656409434,-86.53358656409434,-86.53358656409434,-4.846181999987444,-4.846181999987444,-4.846181999987444,-81.6874045641069,-81.6874045641069,-81.6874045641069,0.0,0.0,0.0,801.4357481483015
2023-09-22,887.9593581588396,528.8760417188448,1030.8723054634293,887.9593581588396,887.9593581588396,-109.62109605873343,-109.62109605873343,-109.62109605873343,-26.34894694763997,-26.34894694763997,-26.34894694763997,-83.27214911109347,-83.27214911109347,-83.27214911109347,0.0,0.0,0.0,778.3382621001061
2023-09-23,887.9493816052832,587.3381526178821,1060.4655542132077,887.9493816052832,887.9493816052832,-78.11434518202753,-78.11434518202753,-78.11434518202753,5.516960428000689,5.516960428000689,5.516960428000689,-83.63130561002822,-83.63130561002822,-83.63130561002822,0.0,0.0,0.0,809.8350364232556
2023-09-24,887.9394050517268,542.9065085207077,1068.621661442036,887.9394050517268,887.9394050517268,-73.0179851497884,-73.0179851497884,-73.0179851497884,9.757778783392842,9.757778783392842,9.757778783392842,-82.77576393318124,-82.77576393318124,-82.77576393318124,0.0,0.0,0.0,814.9214199019384
2023-09-25,887.9294284981703,586.5076582418269,1069.433490184557,887.9294284981703,887.9294284981703,-65.41614789856412,-65.41614789856412,-65.41614789856412,15.325618498878715,15.325618498878715,15.325618498878715,-80.74176639744285,-80.74176639744285,-80.74176639744285,0.0,0.0,0.0,822.5132805996062
2023-09-26,887.9194519446139,554.1718446480039,1040.9794900695033,887.9194519446139,887.9194519446139,-95.18407473860925,-95.18407473860925,-95.18407473860925,-17.59299713377316,-17.59299713377316,-17.59299713377316,-77.5910776048361,-77.5910776048361,-77.5910776048361,0.0,0.0,0.0,792.7353772060046
2023-09-27,887.9094753910576,579.4350002530024,1071.572108599326,887.9094753910576,887.9094753910576,-55.2228091229005,-55.2228091229005,-55.2228091229005,18.187768370984298,18.187768370984298,18.187768370984298,-73.41057749388479,-73.41057749388479,-73.41057749388479,0.0,0.0,0.0,832.6866662681572
2023-10-01,887.8695691768321,598.9304803049267,1090.7522240953215,887.8695691768321,887.8695691768321,-39.17788903970061,-39.17788903970061,-39.17788903970061,9.757778783425064,9.757778783425064,9.757778783425064,-48.93566782312568,-48.93566782312568,-48.93566782312568,0.0,0.0,0.0,848.6916801371315
2023-10-02,887.8595926232757,602.6387808202016,1108.0877978579163,887.8595926232757,887.8595926232757,-26.361807346394546,-26.361807346394546,-26.361807346394546,15.325618498860669,15.325618498860669,15.325618498860669,-41.68742584525522,-41.68742584525522,-41.68742584525522,0.0,0.0,0.0,861.4977852768811
2023-10-03,887.8496160697193,608.0237796214852,1095.8896481846416,887.8496160697193,887.8496160697193,-51.9568161321467,-51.9568161321467,-51.9568161321467,-17.59299713379474,-17.59299713379474,-17.59299713379474,-34.36381899835196,-34.36381899835196,-34.36381899835196,0.0,0.0,0.0,835.8927999375726
2023-10-04,887.839639516163,657.5468504790568,1128.6894434142898,887.839639516163,887.839639516163,-8.981993771182644,-8.981993771182644,-8.981993771182644,18.187768371045486,18.187768371045486,18.187768371045486,-27.169762142228127,-27.169762142228127,-27.169762142228127,0.0,0.0,0.0,878.8576457449803
2023-10-05,887.8296629626066,610.8479482311616,1113.0484276019522,887.8296629626066,887.8296629626066,-25.15952661211015,-25.15952661211015,-25.15952661211015,-4.84618199998953,-4.84618199998953,-4.84618199998953,-20.313344612120623,-20.313344612120623,-20.313344612120623,0.0,0.0,0.0,862.6701363504964
2023-10-06,887.8196864090502,604.7989267630139,1102.8638876264401,887.8196864090502,887.8196864090502,-40.350494791182896,-40.350494791182896,-40.350494791182896,-26.34894694768453,-26.34894694768453,-26.34894694768453,-14.00154784349837,-14.00154784349837,-14.00154784349837,0.0,0.0,0.0,847.4691916178673
2023-10-07,887.8097098554939,632.8337479552147,1128.1711080417333,887.8097098554939,887.8097098554939,-2.9189341422060213,-2.9189341422060213,-2.9189341422060213,5.516960428087109,5.516960428087109,5.516960428087109,-8.435894570293131,-8.435894570293131,-8.435894570293131,0.0,0.0,0.0,884.8907757132879
2023-10-08,887.7997333019375,637.1303455529425,1135.0953880689412,887.7997333019375,887.7997333019375,5.94964898684772,5.94964898684772,5.94964898684772,9.757778783414206,9.757778783414206,9.757778783414206,-3.8081297965664853,-3.8081297965664853,-3.8081297965664853,0.0,0.0,0.0,893.7493822887852
2023-10-09,887.789756748381,648.607495587734,1149.7703644889266,887.789756748381,887.789756748381,15.029583395099854,15.029583395099854,15.029583395099854,15.325618498944122,15.325618498944122,15.325618498944122,-0.2960351038442677,-0.2960351038442677,-0.2960351038442677,0.0,0.0,0.0,902.8193401434809
2023-10-10,887.7797801948246,617.8365505099683,1111.6396140125432,887.7797801948246,887.7797801948246,-15.652473882010737,-15.652473882010737,-15.652473882010737,-17.592997133739786,-17.592997133739786,-17.592997133739786,1.9405232517290492,1.9405232517290492,1.9405232517290492,0.0,0.0,0.0,872.1273063128139
2023-10-11,887.7698036412684,657.8609327797146,1143.1504445394987,887.7698036412684,887.7698036412684,20.950983974115015,20.950983974115015,20.950983974115015,18.1877683709654,18.1877683709654,18.1877683709654,2.763215603149617,2.763215603149617,2.763215603149617,0.0,0.0,0.0,908.7207876153834
2023-10-12,887.759827087712,648.263137507594,1136.9077389829258,887.759827087712,887.759827087712,-2.787733294109031,-2.787733294109031,-2.787733294109031,-4.84618200007959,-4.84618200007959,-4.84618200007959,2.058448705970559,2.058448705970559,2.058448705970559,0.0,0.0,0.0,884.972093793603
2023-10-13,887.7498505341556,608.5574774337663,1107.8178891350306,887.7498505341556,887.7498505341556,-26.608885187611634,-26.608885187611634,-26.608885187611634,-26.34894694769664,-26.34894694769664,-26.34894694769664,-0.25993823991499243,-0.25993823991499243,-0.25993823991499243,0.0,0.0,0.0,861.1409653465439
2023-10-14,887.7398739805992,645.4328567655447,1131.9316859936328,887.7398739805992,887.7398739805992,1.26840726309434,1.26840726309434,1.26840726309434,5.516960428057583,5.516960428057583,5.516960428057583,-4.248553164963243,-4.248553164963243,-4.248553164963243,0.0,0.0,0.0,889.0082812436935
2023-10-15,887.7298974270428,636.102968454303,1134.8581828498484,887.7298974270428,887.7298974270428,-0.17518674509322954,-0.17518674509322954,-0.17518674509322954,9.757778783446431,9.757778783446431,9.757778783446431,-9.932965528539661,-9.932965528539661,-9.932965528539661,0.0,0.0,0.0,887.5547106819496
2023-10-16,887.7199208734864,639.4407378473602,1129.791059843498,887.7199208734864,887.7199208734864,-1.9812820275113046,-1.9812820275113046,-1.9812820275113046,15.325618498926076,15.325618498926076,15.325618498926076,-17.30690052643738,-17.30690052643738,-17.30690052643738,0.0,0.0,0.0,885.7386388459752
2023-10-17,887.7099443199301,586.5746256948008,1090.2164118142782,887.7099443199301,887.7099443199301,-43.925139627311914,-43.925139627311914,-43.925139627311914,-17.592997133761365,-17.592997133761365,-17.592997133761365,-26.33214249355055,-26.33214249355055,-26.33214249355055,0.0,0.0,0.0,843.7848046926182
2023-10-18,887.6999677663737,623.7997635187934,1122.7975923979004,887.6999677663737,887.6999677663737,-18.751391925202523,-18.751391925202523,-18.751391925202523,18.187768371026593,18.187768371026593,18.187768371026593,-36.93916029622911,-36.93916029622911,-36.93916029622911,0.0,0.0,0.0,868.9485758411712
2023-10-19,887.6899912128173,596.8368091347236,1080.8513479939397,887.6899912128173,887.6899912128173,-53.874632325220574,-53.874632325220574,-53.874632325220574,-4.846181999874274,-4.846181999874274,-4.846181999874274,-49.0284503253463,-49.0284503253463,-49.0284503253463,0.0,0.0,0.0,833.8153588875967
2023-10-20,887.6800146592609,556.524956699708,1057.7849119302164,887.6800146592609,887.6800146592609,-88.82152228897638,-88.82152228897638,-88.82152228897638,-26.34894694762916,-26.34894694762916,-26.34894694762916,-62.47257534134722,-62.47257534134722,-62.47257534134722,0.0,0.0,0.0,798.8584923702845
2023-10-21,887.6700381057046,575.3488726485924,1071.1589556332844,887.6700381057046,887.6700381057046,-71.60189989284375,-71.60189989284375,-71.60189989284375,5.51696042817353,5.51696042817353,5.51696042817353,-77.11886032101728,-77.11886032101728,-77.11886032101728,0.0,0.0,0.0,816.0681382128608
2023-10-22,887.6600615521482,549.7387442146121,1042.8371024470744,887.6600615521482,887.6600615521482,-83.03491125821374,-83.03491125821374,-83.03491125821374,9.757778783396049,9.757778783396049,9.757778783396049,-92.79269004160977,-92.79269004160977,-92.79269004160977,0.0,0.0,0.0,804.6251502939346
2023-10-23,887.6500849985918,550.7187916270022,1054.7956802113035,887.6500849985918,887.6500849985918,-93.97571933238335,-93.97571933238335,-93.97571933238335,15.32561849890803,15.32561849890803,15.32561849890803,-109.30133783129139,-109.30133783129139,-109.30133783129139,0.0,0.0,0.0,793.6743656662084
2023-10-24,887.6401084450354,502.23137193069056,995.8641611254103,887.6401084450354,887.6401084450354,-144.0312382511826,-144.0312382511826,-144.0312382511826,-17.592997133788604,-17.592997133788604,-17.592997133788604,-126.43824111739401,-126.43824111739401,-126.43824111739401,0.0,0.0,0.0,743.6088701938528
2023-10-25,887.630131891479,513.9308253969017,1009.8567353350563,887.630131891479,887.630131891479,-125.79985910557323,-125.79985910557323,-125.79985910557323,18.18776837108778,18.18776837108778,18.18776837108778,-143.987627476661,-143.987627476661,-143.987627476661,0.0,0.0,0.0,761.8302727859058
2023-10-26,887.6201553379227,473.7315889404837,967.7023193648321,887.6201553379227,887.6201553379227,-166.57556716705542,-166.57556716705542,-166.57556716705542,-4.846181999964332,-4.846181999964332,-4.846181999964332,-161.7293851670911,-161.7293851670911,-161.7293851670911,0.0,0.0,0.0,721.0445881708673
2023-10-27,887.6101787843663,445.068668509843,924.0472702819078,887.6101787843663,887.6101787843663,-205.79301181069707,-205.79301181069707,-205.79301181069707,-26.348946947651438,-26.348946947651438,-26.348946947651438,-179.44406486304564,-179.44406486304564,-179.44406486304564,0.0,0.0,0.0,681.8171669736693
2023-11-01,887.5602960165844,389.4092668345846,892.9302051865297,887.5602960165844,887.5602960165844,-242.40792384826344,-242.40792384826344,-242.40792384826344,18.187768371007696,18.187768371007696,18.187768371007696,-260.59569221927114,-260.59569221927114,-260.59569221927114,0.0,0.0,0.0,645.152372168321
2023-11-02,887.550319463028,367.6851239371507,869.2331066741945,887.550319463028,887.550319463028,-279.03149036394103,-279.03149036394103,-279.03149036394103,-4.846181999876359,-4.846181999876359,-4.846181999876359,-274.1853083640647,-274.1853083640647,-274.1853083640647,0.0,0.0,0.0,608.518829099087
2023-11-03,887.540342941155,329.1504946721526,827.8776372423795,887.540342941155,887.540342941155,-312.97260707656915,-312.97260707656915,-312.97260707656915,-26.348946947673717,-26.348946947673717,-26.348946947673717,-286.6236601288954,-286.6236601288954,-286.6236601288954,0.0,0.0,0.0,574.5677358645859
2023-11-04,887.530366419282,337.90102884331446,841.9494521230163,887.530366419282,887.530366419282,-292.3370905281836,-292.3370905281836,-292.3370905281836,5.516960428040427,5.516960428040427,5.516960428040427,-297.854050956224,-297.854050956224,-297.854050956224,0.0,0.0,0.0,595.1932758910984
2023-11-05,887.520389897409,330.2969478030753,849.2289789766032,887.520389897409,887.520389897409,-298.0948968829755,-298.0948968829755,-298.0948968829755,9.757778783376114,9.757778783376114,9.757778783376114,-307.85267566635156,-307.85267566635156,-307.85267566635156,0.0,0.0,0.0,589.4254930144335
2023-11-06,887.510413375536,340.2783099430243,839.7607479968609,887.510413375536,887.510413375536,-301.3034799875258,-301.3034799875258,-301.3034799875258,15.325618498870254,15.325618498870254,15.325618498870254,-316.62909848639606,-316.62909848639606,-316.62909848639606,0.0,0.0,0.0,586.2069333880102
2023-11-07,887.5004368536631,284.3784407345016,797.8480495058908,887.5004368536631,887.5004368536631,-341.81891810001775,-341.81891810001775,-341.81891810001775,-17.5929971337935,-17.5929971337935,-17.5929971337935,-324.2259209662243,-324.2259209662243,-324.2259209662243,0.0,0.0,0.0,545.6815187536454
2023-11-08,887.4904603317901,323.3316281305736,816.1293208861265,887.4904603317901,887.4904603317901,-312.5298729366521,-312.5298729366521,-312.5298729366521,18.187768371068888,18.187768371068888,18.187768371068888,-330.71764130772095,-330.71764130772095,-330.71764130772095,0.0,0.0,0.0,574.960587395138
2023-11-09,887.4804838099171,313.07881939020314,780.0092828842073,887.4804838099171,887.4804838099171,-341.0549083108174,-341.0549083108174,-341.0549083108174,-4.846181999849074,-4.846181999849074,-4.846181999849074,-336.2087263109683,-336.2087263109683,-336.2087263109683,0.0,0.0,0.0,546.4255754990998
2023-11-10,887.4705072880441,263.405252259487,773.8672297553431,887.4705072880441,887.4705072880441,-367.17988342322525,-367.17988342322525,-367.17988342322525,-26.348946947696003,-26.348946947696003,-26.348946947696003,-340.83093647552926,-340.83093647552926,-340.83093647552926,0.0,0.0,0.0,520.2906238648188
2023-11-11,887.4605307661711,292.8541530790469,811.1922084007704,887.4605307661711,887.4605307661711,-339.22300287506044,-339.22300287506044,-339.22300287506044,5.5169604280109015,5.5169604280109015,5.5169604280109015,-344.73996330307136,-344.73996330307136,-344.73996330307136,0.0,0.0,0.0,548.2375278911106
2023-11-12,887.4505542442981,300.9481245135116,798.8417994727613,887.4505542442981,887.4505542442981,-338.35367627770177,-338.35367627770177,-338.35367627770177,9.757778783408337,9.757778783408337,9.757778783408337,-348.1114550611101,-348.1114550611101,-348.1114550611101,0.0,0.0,0.0,549.0968779665964
2023-11-13,887.4405777224252,300.4876556219662,806.4087037624827,887.4405777224252,887.4405777224252,-335.81090424940095,-335.81090424940095,-335.81090424940095,15.32561849885389,15.32561849885389,15.32561849885389,-351.13652274825483,-351.13652274825483,-351.13652274825483,0.0,0.0,0.0,551.6296734730242
2023-11-14,887.4306012005522,263.35646792505855,753.1607703252462,887.4306012005522,887.4306012005522,-371.60982848634035,-371.60982848634035,-371.60982848634035,-17.592997133776812,-17.592997133776812,-17.592997133776812,-354.01683135256354,-354.01683135256354,-354.01683135256354,0.0,0.0,0.0,515.8207727142119
2023-11-15,887.4206246786794,281.3278500025871,797.7278589518228,887.4206246786794,887.4206246786794,-338.7716239947929,-338.7716239947929,-338.7716239947929,18.18776837102291,18.18776837102291,18.18776837102291,-356.9593923658158,-356.9593923658158,-356.9593923658158,0.0,0.0,0.0,548.6490006838865
2023-11-16,887.4106481568062,277.8339142751726,788.3431164348899,887.4106481568062,887.4106481568062,-365.01736362109386,-365.01736362109386,-365.01736362109386,-4.846181999850116,-4.846181999850116,-4.846181999850116,-360.1711816212437,-360.1711816212437,-360.1711816212437,0.0,0.0,0.0,522.3932845357124
2023-11-17,887.4006716349332,253.8882565270659,755.7579599403393,887.4006716349332,887.4006716349332,-390.202658587968,-390.202658587968,-390.202658587968,-26.348946947628516,-26.348946947628516,-26.348946947628516,-363.8537116403395,-363.8537116403395,-363.8537116403395,0.0,0.0,0.0,497.19801304696523
2023-11-18,887.3906951130604,288.8640034059123,782.4132384679093,887.3906951130604,887.3906951130604,-362.6807292265215,-362.6807292265215,-362.6807292265215,5.5169604280541105,5.5169604280541105,5.5169604280541105,-368.19768965457564,-368.19768965457564,-368.19768965457564,0.0,0.0,0.0,524.7099658865388
2023-11-19,887.3807185911874,280.8051829048478,762.3222748401313,887.3807185911874,887.3807185911874,-363.62011246489647,-363.62011246489647,-363.62011246489647,9.757778783440559,9.757778783440559,9.757778783440559,-373.377891248337,-373.377891248337,-373.377891248337,0.0,0.0,0.0,523.7606061262909
2023-11-20,887.3707420693144,257.15426857717637,763.2924328461982,887.3707420693144,887.3707420693144,-364.22275665244626,-364.22275665244626,-364.22275665244626,15.325618498935658,15.325618498935658,15.325618498935658,-379.54837515138195,-379.54837515138195,-379.54837515138195,0.0,0.0,0.0,523.1479854168681
2023-11-21,887.3607655474414,234.43504199488547,727.7725124726077,887.3607655474414,887.3607655474414,-404.4311543244298,-404.4311543244298,-404.4311543244298,-17.59299713376013,-17.59299713376013,-17.59299713376013,-386.8381571906697,-386.8381571906697,-386.8381571906697,0.0,0.0,0.0,482.92961122301153
2023-11-22,887.3507890255684,263.88632564266965,756.3087184385744,887.3507890255684,887.3507890255684,-377.1596825877634,-377.1596825877634,-377.1596825877634,18.187768371013465,18.187768371013465,18.187768371013465,-395.3474509587769,-395.3474509587769,-395.3474509587769,0.0,0.0,0.0,510.19110643780493
2023-11-23,887.3408125036955,230.03406003010048,723.1292792033771,887.3408125036955,887.3408125036955,-409.9907516118353,-409.9907516118353,-409.9907516118353,-4.8461819999401765,-4.8461819999401765,-4.8461819999401765,-405.1445696118951,-405.1445696118951,-405.1445696118951,0.0,0.0,0.0,477.35006089186015
2023-11-24,887.3308359818225,196.77875437715144,685.9174848838271,887.3308359818225,887.3308359818225,-442.61251463743884,-442.61251463743884,-442.61251463743884,-26.34894694774056,-26.34894694774056,-26.34894694774056,-416.26356768969833,-416.26356768969833,-416.26356768969833,0.0,0.0,0.0,444.71832134438364
2023-11-25,887.3208594599495,206.00034474969362,697.2550438310187,887.3208594599495,887.3208594599495,-423.18572389482216,-423.18572389482216,-423.18572389482216,5.516960428097322,5.516960428097322,5.516960428097322,-428.70268432291954,-428.70268432291954,-428.70268432291954,0.0,0.0,0.0,464.1351355651273
2023-11-26,887.3108829380766,201.85198988816154,701.8060325099833,887.3108829380766,887.3108829380766,-432.66585130543984,-432.66585130543984,-432.66585130543984,9.757778783390176,9.757778783390176,9.757778783390176,-442.42363008883,-442.42363008883,-442.42363008883,0.0,0.0,0.0,454.64503163263674
2023-11-27,887.3009064162035,197.49358462279267,690.5963026929825,887.3009064162035,887.3009064162035,-442.0261210589643,-442.0261210589643,-442.0261210589643,15.325618498917613,15.325618498917613,15.325618498917613,-457.35173955788184,-457.35173955788184,-457.35173955788184,0.0,0.0,0.0,445.2747853572392
2023-12-01,887.2610003287117,81.13492462055633,569.599825376269,887.2610003287117,887.2610003287117,-552.7987606793773,-552.7987606793773,-552.7987606793773,-26.348946947662906,-26.348946947662906,-26.348946947662906,-526.4498137317145,-526.4498137317145,-526.4498137317145,0.0,0.0,0.0,334.4622396493344
2023-12-02,887.2510238068387,104.581509503652,593.3969377401928,887.2510238068387,887.2510238068387,-539.6211599088296,-539.6211599088296,-539.6211599088296,5.51696042806648,5.51696042806648,5.51696042806648,-545.138120336896,-545.138120336896,-545.138120336896,0.0,0.0,0.0,347.62986389800915
2023-12-03,887.2410472849656,85.94636730034684,578.7657892683113,887.2410472849656,887.2410472849656,-554.1775229307692,-554.1775229307692,-554.1775229307692,9.757778783422399,9.757778783422399,9.757778783422399,-563.9353017141915,-563.9353017141915,-563.9353017141915,0.0,0.0,0.0,333.0635243541964
2023-12-04,887.2310707630927,74.86505134187091,575.512190723846,887.2310707630927,887.2310707630927,-567.2585559012963,-567.2585559012963,-567.2585559012963,15.325618498897885,15.325618498897885,15.325618498897885,-582.5841744001941,-582.5841744001941,-582.5841744001941,0.0,0.0,0.0,319.9725148617964
2023-12-05,887.2210942412197,7.9514955317760325,519.289808647607,887.2210942412197,887.2210942412197,-618.4125177677884,-618.4125177677884,-618.4125177677884,-17.592997133726755,-17.592997133726755,-17.592997133726755,-600.8195206340617,-600.8195206340617,-600.8195206340617,0.0,0.0,0.0,268.80857647343134
2023-12-06,887.2111177193468,50.466236948051176,556.9358259411013,887.2111177193468,887.2111177193468,-600.186015023771,-600.186015023771,-600.186015023771,18.187768370958036,18.187768370958036,18.187768370958036,-618.3737833947291,-618.3737833947291,-618.3737833947291,0.0,0.0,0.0,287.0251026955758
2023-12-07,887.2011411974738,1.4557347169570636,477.11130491881084,887.2011411974738,887.2011411974738,-639.8290277198645,-639.8290277198645,-639.8290277198645,-4.846181999942261,-4.846181999942261,-4.846181999942261,-634.9828457199222,-634.9828457199222,-634.9828457199222,0.0,0.0,0.0,247.37211347760933
2023-12-08,887.1911646756007,-32.28788378537147,465.67413704091143,887.1911646756007,887.1911646756007,-676.7407053412728,-676.7407053412728,-676.7407053412728,-26.348946947685185,-26.348946947685185,-26.348946947685185,-650.3917583935876,-650.3917583935876,-650.3917583935876,0.0,0.0,0.0,210.4504593343279
2023-12-09,887.1811881537278,-16.6102080261136,471.82710240428025,887.1811881537278,887.1811881537278,-658.8433208292955,-658.8433208292955,-658.8433208292955,5.516960428036956,5.516960428036956,5.516960428036956,-664.3602812573325,-664.3602812573325,-664.3602812573325,0.0,0.0,0.0,228.3378673244323
2023-12-10,887.1712116318548,-23.248719134545937,482.68935943701666,887.1712116318548,887.1712116318548,-666.9103290652863,-666.9103290652863,-666.9103290652863,9.75777878341332,9.75777878341332,9.75777878341332,-676.6681078486995,-676.6681078486995,-676.6681078486995,0.0,0.0,0.0,220.2608825665685
2023-12-11,887.1612351099818,-12.744439324286565,472.59903134725056,887.1612351099818,887.1612351099818,-671.794032192831,-671.794032192831,-671.794032192831,15.325618498878155,15.325618498878155,15.325618498878155,-687.1196506917091,-687.1196506917091,-687.1196506917091,0.0,0.0,0.0,215.36720291715085
2023-12-12,887.1512585881089,-79.84041283136985,386.3698712426715,887.1512585881089,887.1512585881089,-713.1412723022836,-713.1412723022836,-713.1412723022836,-17.59299713379226,-17.59299713379226,-17.59299713379226,-695.5482751684914,-695.5482751684914,-695.5482751684914,0.0,0.0,0.0,174.00998628582533
2023-12-13,887.1412820662359,-32.42778539839807,470.9705612712623,887.1412820662359,887.1412820662359,-683.6321148507147,-683.6321148507147,-683.6321148507147,18.187768370948593,18.187768370948593,18.187768370948593,-701.8198832216633,-701.8198832216633,-701.8198832216633,0.0,0.0,0.0,203.5091672155212
2023-12-14,887.1313055443629,-70.07407822425714,427.1438824073074,887.1313055443629,887.1313055443629,-710.6819458444702,-710.6819458444702,-710.6819458444702,-4.8461820000323215,-4.8461820000323215,-4.8461820000323215,-705.8357638444379,-705.8357638444379,-705.8357638444379,0.0,0.0,0.0,176.44935969989274
2023-12-15,887.1213290224899,-101.47255380225437,396.3270394543249,887.1213290224899,887.1213290224899,-733.8835919635226,-733.8835919635226,-733.8835919635226,-26.348946947617698,-26.348946947617698,-26.348946947617698,-707.5346450159049,-707.5346450159049,-707.5346450159049,0.0,0.0,0.0,153.23773705896735
2023-12-16,887.1113525006169,-73.36937612467337,421.4742298375269,887.1113525006169,887.1113525006169,-701.3769405670263,-701.3769405670263,-701.3769405670263,5.516960428080165,5.516960428080165,5.516960428080165,-706.8939009951064,-706.8939009951064,-706.8939009951064,0.0,0.0,0.0,185.73441193359065
2023-12-17,887.101375978744,-63.35462955888622,440.6434844621067,887.101375978744,887.101375978744,-694.1721104335631,-694.1721104335631,-694.1721104335631,9.757778783402465,9.757778783402465,9.757778783402465,-703.9298892169655,-703.9298892169655,-703.9298892169655,0.0,0.0,0.0,192.9292655451809
2023-12-18,887.091399456871,-49.059299397149516,446.60549830523814,887.091399456871,887.091399456871,-683.3717934364596,-683.3717934364596,-683.3717934364596,15.325618498861791,15.325618498861791,15.325618498861791,-698.6974119353215,-698.6974119353215,-698.6974119353215,0.0,0.0,0.0,203.71960602041145
2023-12-19,887.0814229349979,-69.94610059242588,410.6152899214329,887.0814229349979,887.0814229349979,-708.881315846891,-708.881315846891,-708.881315846891,-17.592997133737306,-17.592997133737306,-17.592997133737306,-691.2883187131537,-691.2883187131537,-691.2883187131537,0.0,0.0,0.0,178.20010708810696
2023-12-20,887.071446413125,-18.850255072710198,452.63467144733994,887.071446413125,887.071446413125,-663.6415179803085,-663.6415179803085,-663.6415179803085,18.18776837100978,18.18776837100978,18.18776837100978,-681.8292863513183,-681.8292863513183,-681.8292863513183,0.0,0.0,0.0,223.4299284328165
2023-12-21,887.061469891252,-28.2734654659604,450.183962856964,887.061469891252,887.061469891252,-675.3250143714939,-675.3250143714939,-675.3250143714939,-4.846182000033363,-4.846182000033363,-4.846182000033363,-670.4788323714606,-670.4788323714606,-670.4788323714606,0.0,0.0,0.0,211.73645551975812
2023-12-22,887.0514933693792,-63.11772215698361,456.4833513057287,887.0514933693792,887.0514933693792,-683.7725831928519,-683.7725831928519,-683.7725831928519,-26.348946947550218,-26.348946947550218,-26.348946947550218,-657.4236362453017,-657.4236362453017,-657.4236362453017,0.0,0.0,0.0,203.27891017652723
2023-12-23,887.0415168475062,0.9193878635197977,499.1470465959632,887.0415168475062,887.0415168475062,-637.3572983266922,-637.3572983266922,-637.3572983266922,5.5169604280506395,5.5169604280506395,5.5169604280506395,-642.8742587547429,-642.8742587547429,-642.8742587547429,0.0,0.0,0.0,249.68421852081394
2023-12-24,887.0315403256332,39.527393696189684,512.6063149379839,887.0315403256332,887.0315403256332,-617.3025849967242,-617.3025849967242,-617.3025849967242,9.757778783393388,9.757778783393388,9.757778783393388,-627.0603637801177,-627.0603637801177,-627.0603637801177,0.0,0.0,0.0,269.7289553289089
2023-12-25,887.0215638037602,52.94374687144978,531.1100793993054,887.0215638037602,887.0215638037602,-594.8999396186049,-594.8999396186049,-594.8999396186049,15.325618498842061,15.325618498842061,15.325618498842061,-610.225558117447,-610.225558117447,-610.225558117447,0.0,0.0,0.0,292.12162418515527
2023-12-26,887.0115872818872,35.59067743699807,530.5728767103021,887.0115872818872,887.0115872818872,-610.2149704846868,-610.2149704846868,-610.2149704846868,-17.592997133758885,-17.592997133758885,-17.592997133758885,-592.6219733509279,-592.6219733509279,-592.6219733509279,0.0,0.0,0.0,276.7966167972004
2023-12-27,887.0016107600142,67.7328165968235,575.5083779882041,887.0016107600142,887.0016107600142,-556.3169507933931,-556.3169507933931,-556.3169507933931,18.187768371000338,18.187768371000338,18.187768371000338,-574.5047191643935,-574.5047191643935,-574.5047191643935,0.0,0.0,0.0,330.6846599666211
2024-01-01,886.9517281753336,153.24702795182947,661.2419656982762,886.9517281753336,886.9517281753336,-469.34228163908847,-469.34228163908847,-469.34228163908847,15.325618498824014,15.325618498824014,15.325618498824014,-484.66790013791245,-484.66790013791245,-484.66790013791245,0.0,0.0,0.0,417.6094465362452
2024-01-02,886.9417516583975,163.58974016833793,658.729608065912,886.9417516583975,886.9417516583975,-485.91434114311966,-485.91434114311966,-485.91434114311966,-17.59299713378612,-17.59299713378612,-17.59299713378612,-468.32134400933353,-468.32134400933353,-468.32134400933353,0.0,0.0,0.0,401.02741051527784
2024-01-03,886.9317751414613,213.72175685899728,710.6368496818909,886.9317751414613,886.9317751414613,-434.70885800994597,-434.70885800994597,-434.70885800994597,18.187768371061527,18.187768371061527,18.187768371061527,-452.8966263810075,-452.8966263810075,-452.8966263810075,0.0,0.0,0.0,452.2229171315154
2024-01-04,886.9217986245253,190.25159453007632,704.6282142541721,886.9217986245253,886.9217986245253,-443.34527295209193,-443.34527295209193,-443.34527295209193,-4.846181999918105,-4.846181999918105,-4.846181999918105,-438.49909095217384,-438.49909095217384,-438.49909095217384,0.0,0.0,0.0,443.5765256724334
2024-01-05,886.9118221075892,172.0973467012476,673.5793700105627,886.9118221075892,886.9118221075892,-451.5502779883903,-451.5502779883903,-451.5502779883903,-26.34894694776414,-26.34894694776414,-26.34894694776414,-425.20133104062614,-425.20133104062614,-425.20133104062614,0.0,0.0,0.0,435.36154411919887
2024-01-06,886.9018455906531,215.1160975397325,743.8542416899867,886.9018455906531,886.9018455906531,-407.52550306841454,-407.52550306841454,-407.52550306841454,5.516960428137058,5.516960428137058,5.516960428137058,-413.0424634965516,-413.0424634965516,-413.0424634965516,0.0,0.0,0.0,479.3763425222386
2024-01-07,886.891869073717,221.93445995429232,747.1405226677196,886.891869073717,886.891869073717,-392.2704342399303,-392.2704342399303,-392.2704342399303,9.757778783416526,9.757778783416526,9.757778783416526,-402.0282130233468,-402.0282130233468,-402.0282130233468,0.0,0.0,0.0,494.6214348337867
2024-01-08,886.8818925567809,277.96593221328624,751.6056432418458,886.8818925567809,886.8818925567809,-376.8061761448424,-376.8061761448424,-376.8061761448424,15.325618498907465,15.325618498907465,15.325618498907465,-392.13179464374986,-392.13179464374986,-392.13179464374986,0.0,0.0,0.0,510.0757164119385
2024-01-09,886.8719160398448,225.94679506306392,742.5861280001093,886.8719160398448,886.8719160398448,-400.8885600194707,-400.8885600194707,-400.8885600194707,-17.592997133769437,-17.592997133769437,-17.592997133769437,-383.29556288570126,-383.29556288570126,-383.29556288570126,0.0,0.0,0.0,485.9833560203741
2024-01-10,886.8619395229086,284.46219378540377,772.1001772665446,886.8619395229086,886.8619395229086,-357.24560969292753,-357.24560969292753,-357.24560969292753,18.187768370981445,18.187768370981445,18.187768370981445,-375.43337806390895,-375.43337806390895,-375.43337806390895,0.0,0.0,0.0,529.6163298299812
2024-01-11,886.8519630059725,272.5665096423242,750.0494627641895,886.8519630059725,886.8519630059725,-373.2798052388955,-373.2798052388955,-373.2798052388955,-4.846182000008164,-4.846182000008164,-4.846182000008164,-368.4336232388873,-368.4336232388873,-368.4336232388873,0.0,0.0,0.0,513.572157767077
2024-01-12,886.8419864890365,269.96190917237146,760.5734889242864,886.8419864890365,886.8419864890365,-388.51173739763556,-388.51173739763556,-388.51173739763556,-26.348946947696653,-26.348946947696653,-26.348946947696653,-362.1627904499388,-362.1627904499388,-362.1627904499388,0.0,0.0,0.0,498.3302490914009
2024-01-13,886.8320099721003,290.28196478612205,781.3694404714663,886.8320099721003,886.8320099721003,-350.95258156526745,-350.95258156526745,-350.95258156526745,5.516960428033483,5.516960428033483,5.516960428033483,-356.46954199330094,-356.46954199330094,-356.46954199330094,0.0,0.0,0.0,535.8794284068329
2024-01-14,886.8220334551643,309.0697993248115,794.4886688699564,886.8220334551643,886.8220334551643,-341.43136336023576,-341.43136336023576,-341.43136336023576,9.75777878344875,9.75777878344875,9.75777878344875,-351.18914214368453,-351.18914214368453,-351.18914214368453,0.0,0.0,0.0,545.3906700949285
2024-01-15,886.8120569382281,305.58966356407575,806.0863131928274,886.8120569382281,886.8120569382281,-330.8225285291887,-330.8225285291887,-330.8225285291887,15.32561849888942,15.32561849888942,15.32561849888942,-346.1481470280781,-346.1481470280781,-346.1481470280781,0.0,0.0,0.0,555.9895284090394
2024-01-16,886.8020804212921,269.17237665687077,792.8354502164561,886.8020804212921,886.8020804212921,-358.76223264903354,-358.76223264903354,-358.76223264903354,-17.59299713375275,-17.59299713375275,-17.59299713375275,-341.1692355152808,-341.1692355152808,-341.1692355152808,0.0,0.0,0.0,528.0398477722586
2024-01-17,886.7921039043559,334.8468286810432,801.9556604261635,886.7921039043559,886.7921039043559,-317.88829369650307,-317.88829369650307,-317.88829369650307,18.187768371042633,18.187768371042633,18.187768371042633,-336.07606206754565,-336.07606206754565,-336.07606206754565,0.0,0.0,0.0,568.9038102078529
2024-01-18,886.7821273874199,320.1939705972579,814.070335185807,886.7821273874199,886.7821273874199,-335.5441955253195,-335.5441955253195,-335.5441955253195,-4.846182000009206,-4.846182000009206,-4.846182000009206,-330.6980135253103,-330.6980135253103,-330.6980135253103,0.0,0.0,0.0,551.2379318621004
2024-01-19,886.7721508704836,279.00470913686513,783.0016611497358,886.7721508704836,886.7721508704836,-351.2237026473514,-351.2237026473514,-351.2237026473514,-26.348946947629173,-26.348946947629173,-26.348946947629173,-324.8747556997222,-324.8747556997222,-324.8747556997222,0.0,0.0,0.0,535.5484482231323
2024-01-20,886.7621743535476,323.4721218569726,825.8374727905864,886.7621743535476,886.7621743535476,-312.9435018701928,-312.9435018701928,-312.9435018701928,5.516960428076694,5.516960428076694,5.516960428076694,-318.4604622982695,-318.4604622982695,-318.4604622982695,0.0,0.0,0.0,573.8186724833548
2024-01-21,886.7521978366115,336.5677606693382,837.5719919518607,886.7521978366115,886.7521978366115,-301.56984911905334,-301.56984911905334,-301.56984911905334,9.75777878339837,9.75777878339837,9.75777878339837,-311.3276279024517,-311.3276279024517,-311.3276279024517,0.0,0.0,0.0,585.1823487175582
2024-01-22,886.7422213196754,342.84986958685073,851.52947102431,886.7422213196754,886.7422213196754,-288.04475969460395,-288.04475969460395,-288.04475969460395,15.325618498871377,15.325618498871377,15.325618498871377,-303.37037819347535,-303.37037819347535,-303.37037819347535,0.0,0.0,0.0,598.6974616250715
2024-01-23,886.7322448027393,312.80352353299133,809.5732809642551,886.7322448027393,886.7322448027393,-312.10020119931244,-312.10020119931244,-312.10020119931244,-17.592997133774332,-17.592997133774332,-17.592997133774332,-294.5072040655381,-294.5072040655381,-294.5072040655381,0.0,0.0,0.0,574.6320436034268
2024-01-24,886.7222682858032,374.8766388016104,852.8745523142921,886.7222682858032,886.7222682858032,-266.4952929431966,-266.4952929431966,-266.4952929431966,18.187768370996654,18.187768370996654,18.187768370996654,-284.68306131419325,-284.68306131419325,-284.68306131419325,0.0,0.0,0.0,620.2269753426067
2024-01-25,886.7122917688671,360.8529687927931,864.8242755659466,886.7122917688671,886.7122917688671,-278.7169758426685,-278.7169758426685,-278.7169758426685,-4.846182000099266,-4.846182000099266,-4.846182000099266,-273.87079384256924,-273.87079384256924,-273.87079384256924,0.0,0.0,0.0,607.9953159261986
2024-01-26,886.702315251931,332.78326781225724,841.9753960656061,886.702315251931,886.702315251931,-288.42080231941713,-288.42080231941713,-288.42080231941713,-26.348946947651452,-26.348946947651452,-26.348946947651452,-262.0718553717657,-262.0718553717657,-262.0718553717657,0.0,0.0,0.0,598.2815129325139
2024-01-27,886.6923387349949,389.8454781824497,884.6024860931863,886.6923387349949,886.6923387349949,-243.7993616066852,-243.7993616066852,-243.7993616066852,5.516960428119904,5.516960428119904,5.516960428119904,-249.31632203480513,-249.31632203480513,-249.31632203480513,0.0,0.0,0.0,642.8929771283097
2024-02-01,886.6424561503143,440.10765839285574,957.4248984657072,886.6424561503143,886.6424561503143,-178.9507328291551,-178.9507328291551,-178.9507328291551,-4.846181999804932,-4.846181999804932,-4.846181999804932,-174.10455082935016,-174.10455082935016,-174.10455082935016,0.0,0.0,0.0,707.6917233211592
2024-02-02,886.6324796333782,449.2134582277715,948.8996951844587,886.6324796333782,886.6324796333782,-184.02558272966237,-184.02558272966237,-184.02558272966237,-26.34894694767373,-26.34894694767373,-26.34894694767373,-157.67663578198864,-157.67663578198864,-157.67663578198864,0.0,0.0,0.0,702.6068969037159
2024-02-03,886.6225031164421,502.3940557028445,984.5702924630261,886.6225031164421,886.6225031164421,-135.6511376858763,-135.6511376858763,-135.6511376858763,5.5169604280903775,5.5169604280903775,5.5169604280903775,-141.1680981139667,-141.1680981139667,-141.1680981139667,0.0,0.0,0.0,750.9713654305658
2024-02-04,886.612526599506,502.5027401741688,994.2433545338106,886.612526599506,886.612526599506,-115.00598358653826,-115.00598358653826,-115.00598358653826,9.757778783419738,9.757778783419738,9.757778783419738,-124.763762369958,-124.763762369958,-124.763762369958,0.0,0.0,0.0,771.6065430129678
2024-02-05,886.6025500825699,563.3085826127322,1033.7486525552713,886.6025500825699,886.6025500825699,-93.32621203081736,-93.32621203081736,-93.32621203081736,15.325618498935096,15.325618498935096,15.325618498935096,-108.65183052975246,-108.65183052975246,-108.65183052975246,0.0,0.0,0.0,793.2763380517525
2024-02-06,886.5925735656338,540.9961130266607,1039.8033730664606,886.5925735656338,886.5925735656338,-110.61264444831566,-110.61264444831566,-110.61264444831566,-17.59299713377922,-17.59299713377922,-17.59299713377922,-93.01964731453644,-93.01964731453644,-93.01964731453644,0.0,0.0,0.0,775.9799291173181
2024-02-07,886.5825970486976,572.5053065499179,1061.4656221667094,886.5825970486976,886.5825970486976,-59.86176183743112,-59.86176183743112,-59.86176183743112,18.187768370977764,18.187768370977764,18.187768370977764,-78.04953020840888,-78.04953020840888,-78.04953020840888,0.0,0.0,0.0,826.7208352112665
2024-02-08,886.5726205317616,583.9312164052798,1067.0594931453838,886.5726205317616,886.5726205317616,-68.76094315535786,-68.76094315535786,-68.76094315535786,-4.846181999894991,-4.846181999894991,-4.846181999894991,-63.91476115546287,-63.91476115546287,-63.91476115546287,0.0,0.0,0.0,817.8116773764037
2024-02-09,886.5626440148254,571.9985559278208,1082.968458194727,886.5626440148254,886.5626440148254,-77.12477804317456,-77.12477804317456,-77.12477804317456,-26.348946947685842,-26.348946947685842,-26.348946947685842,-50.775831095488726,-50.775831095488726,-50.775831095488726,0.0,0.0,0.0,809.4378659716508
2024-02-10,886.5526674978894,594.3751272594093,1125.970718799742,886.5526674978894,886.5526674978894,-33.26006016387417,-33.26006016387417,-33.26006016387417,5.516960428060853,5.516960428060853,5.516960428060853,-38.77702059193502,-38.77702059193502,-38.77702059193502,0.0,0.0,0.0,853.2926073340152
2024-02-11,886.5426909809532,629.2888808295542,1112.3425398942213,886.5426909809532,886.5426909809532,-18.28561124439471,-18.28561124439471,-18.28561124439471,9.757778783410659,9.757778783410659,9.757778783410659,-28.04339002780537,-28.04339002780537,-28.04339002780537,0.0,0.0,0.0,868.2570797365586
2024-02-12,886.5327144640172,650.07537702541,1130.5698413824043,886.5327144640172,886.5327144640172,-3.352622983114294,-3.352622983114294,-3.352622983114294,15.325618498918736,15.325618498918736,15.325618498918736,-18.678241482033034,-18.678241482033034,-18.678241482033034,0.0,0.0,0.0,883.1800914809029
2024-02-13,886.522737947081,605.8421435560164,1119.4039068419938,886.522737947081,886.522737947081,-28.354098903015604,-28.354098903015604,-28.354098903015604,-17.592997133762537,-17.592997133762537,-17.592997133762537,-10.761101769253067,-10.761101769253067,-10.761101769253067,0.0,0.0,0.0,858.1686390440655
2024-02-14,886.512761430145,650.5328924641015,1146.4657379099826,886.512761430145,886.512761430145,13.841505798649097,13.841505798649097,13.841505798649097,18.187768371038953,18.187768371038953,18.187768371038953,-4.346262572389855,-4.346262572389855,-4.346262572389855,0.0,0.0,0.0,900.3542672287941
2024-02-15,886.5027849132088,648.3555165789427,1127.110770400435,886.5027849132088,886.5027849132088,-4.308081479591126,-4.308081479591126,-4.308081479591126,-4.846181999896033,-4.846181999896033,-4.846181999896033,0.5381005203049065,0.5381005203049065,0.5381005203049065,0.0,0.0,0.0,882.1947034336176
2024-02-16,886.4928083962727,630.6717740174586,1110.3600913339617,886.4928083962727,886.4928083962727,-22.45872437159158,-22.45872437159158,-22.45872437159158,-26.34894694761836,-26.34894694761836,-26.34894694761836,3.8902225760267797,3.8902225760267797,3.8902225760267797,0.0,0.0,0.0,864.0340840246812
2024-02-17,886.4828318793366,648.147296426097,1154.413689613313,886.4828318793366,886.4828318793366,11.251424557257044,11.251424557257044,11.251424557257044,5.5169604281040625,5.5169604281040625,5.5169604281040625,5.734464129152981,5.734464129152981,5.734464129152981,0.0,0.0,0.0,897.7342564365936
2024-02-18,886.4728553624005,640.6872588707845,1176.7594246604533,886.4728553624005,886.4728553624005,15.87824531433389,15.87824531433389,15.87824531433389,9.757778783401577,9.757778783401577,9.757778783401577,6.120466530932313,6.120466530932313,6.120466530932313,0.0,0.0,0.0,902.3511006767344
2024-02-19,886.4628788454644,643.8488319971443,1166.1474458128623,886.4628788454644,886.4628788454644,20.447399414111487,20.447399414111487,20.447399414111487,15.325618498899004,15.325618498899004,15.325618498899004,5.12178091521248,5.12178091521248,5.12178091521248,0.0,0.0,0.0,906.9102782595759
2024-02-20,886.4529023285284,623.1035879903383,1108.3667387849225,886.4529023285284,886.4529023285284,-14.758981629216676,-14.758981629216676,-14.758981629216676,-17.59299713378977,-17.59299713378977,-17.59299713378977,2.834015504573096,2.834015504573096,2.834015504573096,0.0,0.0,0.0,871.6939206993117
2024-02-21,886.4429258115922,663.1253850932585,1145.6540367842445,886.4429258115922,886.4429258115922,17.560324593333476,17.560324593333476,17.560324593333476,18.18776837110014,18.18776837110014,18.18776837110014,-0.6274437777666652,-0.6274437777666652,-0.6274437777666652,0.0,0.0,0.0,904.0032504049257
2024-02-22,886.4329492946562,637.6973128775605,1140.2637527219565,886.4329492946562,886.4329492946562,-9.976257812310005,-9.976257812310005,-9.976257812310005,-4.846181999986093,-4.846181999986093,-4.846181999986093,-5.130075812323912,-5.130075812323912,-5.130075812323912,0.0,0.0,0.0,876.4566914823462
2024-02-23,886.42297277772,592.4869568329,1081.3572507767217,886.42297277772,886.42297277772,-36.87610645929453,-36.87610645929453,-36.87610645929453,-26.348946947730408,-26.348946947730408,-26.348946947730408,-10.527159511564129,-10.527159511564129,-10.527159511564129,0.0,0.0,0.0,849.5468663184255
2024-02-24,886.4129962607839,634.4128782175318,1129.1323269021227,886.4129962607839,886.4129962607839,-11.14396606082762,-11.14396606082762,-11.14396606082762,5.5169604281472715,5.5169604281472715,5.5169604281472715,-16.66092648897489,-16.66092648897489,-16.66092648897489,0.0,0.0,0.0,875.2690301999562
2024-02-25,886.4030197438477,632.5830716603625,1104.0361300792977,886.4030197438477,886.4030197438477,-13.608074203582584,-13.608074203582584,-13.608074203582584,9.757778783390723,9.757778783390723,9.757778783390723,-23.365852986973305,-23.365852986973305,-23.365852986973305,0.0,0.0,0.0,872.7949455402652
2024-02-26,886.3930432269117,618.954870877533,1124.9206098439586,886.3930432269117,886.3930432269117,-15.14639349210423,-15.14639349210423,-15.14639349210423,15.32561849888096,15.32561849888096,15.32561849888096,-30.472011990985187,-30.472011990985187,-30.472011990985187,0.0,0.0,0.0,871.2466497348074
2024-02-27,886.3830667099755,581.8076242790402,1065.3503422507008,886.3830667099755,886.3830667099755,-55.40140467397179,-55.40140467397179,-55.40140467397179,-17.592997133811355,-17.592997133811355,-17.592997133811355,-37.80840754016043,-37.80840754016043,-37.80840754016043,0.0,0.0,0.0,830.9816620360037
2024-03-01,886.3531371591673,563.3714898111599,1047.5184739716533,886.3531371591673,886.3531371591673,-85.88883207795539,-85.88883207795539,-85.88883207795539,-26.348946947662924,-26.348946947662924,-26.348946947662924,-59.53988513029245,-59.53988513029245,-59.53988513029245,0.0,0.0,0.0,800.4643050812119
2024-03-02,886.3431606422312,578.9541066458225,1060.0381598781842,886.3431606422312,886.3431606422312,-60.65851437823993,-60.65851437823993,-60.65851437823993,5.516960428043697,5.516960428043697,5.516960428043697,-66.17547480628363,-66.17547480628363,-66.17547480628363,0.0,0.0,0.0,825.6846462639912
2024-03-03,886.3331841252951,580.8548659052376,1055.678783692113,886.3331841252951,886.3331841252951,-62.51896255017498,-62.51896255017498,-62.51896255017498,9.757778783381648,9.757778783381648,9.757778783381648,-72.27674133355663,-72.27674133355663,-72.27674133355663,0.0,0.0,0.0,823.8142215751202
2024-03-04,886.3232076083589,580.574584488394,1071.9821081013595,886.3232076083589,886.3232076083589,-62.40094832168471,-62.40094832168471,-62.40094832168471,15.325618498861228,15.325618498861228,15.325618498861228,-77.72656682054594,-77.72656682054594,-77.72656682054594,0.0,0.0,0.0,823.9222592866741
2024-03-05,886.3132310914228,551.9116199751884,1040.5845424504378,886.3132310914228,886.3132310914228,-100.01707788966499,-100.01707788966499,-100.01707788966499,-17.5929971337564,-17.5929971337564,-17.5929971337564,-82.42408075590858,-82.42408075590858,-82.42408075590858,0.0,0.0,0.0,786.2961532017579
2024-03-06,886.3032545744867,591.4183547034635,1064.3718870123218,886.3032545744867,886.3032545744867,-68.09795055060344,-68.09795055060344,-68.09795055060344,18.18776837090344,18.18776837090344,18.18776837090344,-86.28571892150688,-86.28571892150688,-86.28571892150688,0.0,0.0,0.0,818.2053040238833
2024-03-07,886.2932780575507,554.7859836270818,1008.9514333617223,886.2932780575507,886.2932780575507,-94.09204485393796,-94.09204485393796,-94.09204485393796,-4.846181999870835,-4.846181999870835,-4.846181999870835,-89.24586285406711,-89.24586285406711,-89.24586285406711,0.0,0.0,0.0,792.2012332036127
2024-03-08,886.2833015406145,507.20964946447134,1026.1664756443151,886.2833015406145,886.2833015406145,-117.60601088147261,-117.60601088147261,-117.60601088147261,-26.3489469476852,-26.3489469476852,-26.3489469476852,-91.2570639337874,-91.2570639337874,-91.2570639337874,0.0,0.0,0.0,768.6772906591419
2024-03-09,886.2733250236785,555.1175833872221,1039.2066639463567,886.2733250236785,886.2733250236785,-86.77290562864293,-86.77290562864293,-86.77290562864293,5.516960428014171,5.516960428014171,5.516960428014171,-92.2898660566571,-92.2898660566571,-92.2898660566571,0.0,0.0,0.0,799.5004193950356
2024-03-10,886.2633485067423,559.67530128578,1076.8435086470404,886.2633485067423,886.2633485067423,-82.57447120427605,-82.57447120427605,-82.57447120427605,9.757778783413862,9.757778783413862,9.757778783413862,-92.3322499876899,-92.3322499876899,-92.3322499876899,0.0,0.0,0.0,803.6888773024663
2024-03-11,886.2533719898063,560.9128463488692,1051.3661085618953,886.2533719898063,886.2533719898063,-76.06311218507388,-76.06311218507388,-76.06311218507388,15.325618498843182,15.325618498843182,15.325618498843182,-91.38873068391706,-91.38873068391706,-91.38873068391706,0.0,0.0,0.0,810.1902598047324
2024-03-12,886.2433954728701,545.5914764113328,1023.7605058254476,886.2433954728701,886.2433954728701,-107.07214307686495,-107.07214307686495,-107.07214307686495,-17.59299713377798,-17.59299713377798,-17.59299713377798,-89.47914594308698,-89.47914594308698,-89.47914594308698,0.0,0.0,0.0,779.1712523960052
2024-03-13,886.2334189559339,557.7604034385643,1055.9276263569932,886.2334189559339,886.2334189559339,-68.44941216365427,-68.44941216365427,-68.44941216365427,18.187768370964633,18.187768370964633,18.187768370964633,-86.63718053461892,-86.63718053461892,-86.63718053461892,0.0,0.0,0.0,817.7840067922796
2024-03-14,886.2234424389978,557.7651055935153,1040.0079634953545,886.2234424389978,886.2234424389978,-87.75485640283803,-87.75485640283803,-87.75485640283803,-4.846181999871879,-4.846181999871879,-4.846181999871879,-82.90867440296614,-82.90867440296614,-82.90867440296614,0.0,0.0,0.0,798.4685860361598
2024-03-15,886.2134659220617,512.5623895951082,1040.9427318180174,886.2134659220617,886.2134659220617,-104.69871348344319,-104.69871348344319,-104.69871348344319,-26.348946947617712,-26.348946947617712,-26.348946947617712,-78.34976653582547,-78.34976653582547,-78.34976653582547,0.0,0.0,0.0,781.5147524386185
2024-03-16,886.2034894051257,553.975698003713,1055.1342684616116,886.2034894051257,886.2034894051257,-67.50796721417481,-67.50796721417481,-67.50796721417481,5.5169604281301154,5.5169604281301154,5.5169604281301154,-73.02492764230493,-73.02492764230493,-73.02492764230493,0.0,0.0,0.0,818.6955221909509
2024-03-17,886.1935128881895,570.4001961693178,1058.8997675766807,886.1935128881895,886.1935128881895,-57.24715612151711,-57.24715612151711,-57.24715612151711,9.757778783363484,9.757778783363484,9.757778783363484,-67.0049349048806,-67.0049349048806,-67.0049349048806,0.0,0.0,0.0,828.9463567666724
2024-03-18,886.1835363712535,601.9521133948846,1091.52636748788,886.1835363712535,886.1835363712535,-45.03922231379689,-45.03922231379689,-45.03922231379689,15.325618498926639,15.325618498926639,15.325618498926639,-60.36484081272353,-60.36484081272353,-60.36484081272353,0.0,0.0,0.0,841.1443140574565
2024-03-19,886.1735598543173,561.4164074176288,1060.5598651872267,886.1735598543173,886.1735598543173,-70.77498267504437,-70.77498267504437,-70.77498267504437,-17.592997133761294,-17.592997133761294,-17.592997133761294,-53.18198554128308,-53.18198554128308,-53.18198554128308,0.0,0.0,0.0,815.3985771792729
2024-03-20,886.1635833373813,607.2408683282015,1109.1007928182178,886.1635833373813,886.1635833373813,-27.34633026987483,-27.34633026987483,-27.34633026987483,18.187768371025822,18.187768371025822,18.187768371025822,-45.53409864090065,-45.53409864090065,-45.53409864090065,0.0,0.0,0.0,858.8172530675065
2024-03-21,886.1536068204451,590.3141857376626,1108.135007065606,886.1536068204451,886.1536068204451,-42.3437130803504,-42.3437130803504,-42.3437130803504,-4.846181999961939,-4.846181999961939,-4.846181999961939,-37.49753108038846,-37.49753108038846,-37.49753108038846,0.0,0.0,0.0,843.8098937400947
2024-03-22,886.143630303509,581.1376915977204,1100.287097912651,886.143630303509,886.143630303509,-55.49460008323426,-55.49460008323426,-55.49460008323426,-26.348946947639995,-26.348946947639995,-26.348946947639995,-29.145653135594262,-29.145653135594262,-29.145653135594262,0.0,0.0,0.0,830.6490302202748
2024-03-23,886.1336537865728,634.194974358647,1117.8699463601367,886.1336537865728,886.1336537865728,-15.030486975135698,-15.030486975135698,-15.030486975135698,5.516960427953805,5.516960427953805,5.516960427953805,-20.547447403089503,-20.547447403089503,-20.547447403089503,0.0,0.0,0.0,871.1031668114372
2024-03-24,886.1236772696368,636.5108430709245,1145.4930916352657,886.1236772696368,886.1236772696368,-2.008540769861835,-2.008540769861835,-2.008540769861835,9.757778783395706,9.757778783395706,9.757778783395706,-11.76631955325754,-11.76631955325754,-11.76631955325754,0.0,0.0,0.0,884.115136499775
2024-03-25,886.1137007527007,659.1273657441852,1153.1026237078788,886.1137007527007,886.1137007527007,12.46647597962962,12.46647597962962,12.46647597962962,15.325618498908588,15.325618498908588,15.325618498908588,-2.859142519278968,-2.859142519278968,-2.859142519278968,0.0,0.0,0.0,898.5801767323303
2024-03-26,886.1037242357646,629.4906700559596,1107.0389446326772,886.1037242357646,886.1037242357646,-11.468539979234334,-11.468539979234334,-11.468539979234334,-17.592997133782877,-17.592997133782877,-17.592997133782877,6.124457154548543,6.124457154548543,6.124457154548543,0.0,0.0,0.0,874.6351842565302
2024-03-27,886.0937477188285,677.5991821964378,1180.6655962080922,886.0937477188285,886.0937477188285,33.33033728174114,33.33033728174114,33.33033728174114,18.18776837101638,18.18776837101638,18.18776837101638,15.14256891072476,15.14256891072476,15.14256891072476,0.0,0.0,0.0,919.4240850005696
2024-04-01,886.043865134148,711.1623583938427,1209.0436425269459,886.043865134148,886.043865134148,75.16007582810187,75.16007582810187,75.16007582810187,15.32561849888886,15.32561849888886,15.32561849888886,59.834457329213,59.834457329213,59.834457329213,0.0,0.0,0.0,961.2039409622498
2024-04-02,886.0338886172118,700.4666930532512,1169.3102375834617,886.0338886172118,886.0338886172118,51.02029526259626,51.02029526259626,51.02029526259626,-17.592997133771842,-17.592997133771842,-17.592997133771842,68.6132923963681,68.6132923963681,68.6132923963681,0.0,0.0,0.0,937.0541838798081
2024-04-03,886.0239121002758,707.1009267510178,1233.1954866450615,886.0239121002758,886.0239121002758,95.52996527060708,95.52996527060708,95.52996527060708,18.187768371041034,18.187768371041034,18.187768371041034,77.34219689956605,77.34219689956605,77.34219689956605,0.0,0.0,0.0,981.5538773708829
2024-04-04,886.0139355833396,721.0513411485008,1228.977100773646,886.0139355833396,886.0139355833396,81.18640507492547,81.18640507492547,81.18640507492547,-4.846181999964024,-4.846181999964024,-4.846181999964024,86.03258707488952,86.03258707488952,86.03258707488952,0.0,0.0,0.0,967.2003406582651
2024-04-05,886.0039590664036,711.644036875483,1216.9977776393864,886.0039590664036,886.0039590664036,68.35030443006964,68.35030443006964,68.35030443006964,-26.34894694767439,-26.34894694767439,-26.34894694767439,94.69925137774403,94.69925137774403,94.69925137774403,0.0,0.0,0.0,954.3542634964732
2024-04-06,885.9939825494674,739.5374341230046,1253.2267904898767,885.9939825494674,885.9939825494674,108.8763376836304,108.8763376836304,108.8763376836304,5.516960428040225,5.516960428040225,5.516960428040225,103.35937725559018,103.35937725559018,103.35937725559018,0.0,0.0,0.0,994.8703202330978
2024-04-07,885.9840060325314,752.7960111558817,1261.0063582724465,885.9840060325314,885.9840060325314,121.78936443409981,121.78936443409981,121.78936443409981,9.75777878341885,9.75777878341885,9.75777878341885,112.03158565068094,112.03158565068094,112.03158565068094,0.0,0.0,0.0,1007.7733704666311
2024-04-08,885.9740295155952,792.286333057309,1262.244764683808,885.9740295155952,885.9740295155952,136.0606175580395,136.0606175580395,136.0606175580395,15.325618498872496,15.325618498872496,15.325618498872496,120.734999059167,120.734999059167,120.734999059167,0.0,0.0,0.0,1022.0346470736347
2024-04-09,885.9640529986591,773.1890096208745,1244.428671220424,885.9640529986591,885.9640529986591,111.89536895593443,111.89536895593443,111.89536895593443,-17.59299713375516,-17.59299713375516,-17.59299713375516,129.4883660896896,129.4883660896896,129.4883660896896,0.0,0.0,0.0,997.8594219545935
2024-04-10,885.954076481723,781.8365688480576,1289.0188062188804,885.954076481723,885.954076481723,156.49703047268954,156.49703047268954,156.49703047268954,18.187768370960953,18.187768370960953,18.187768370960953,138.30926210172862,138.30926210172862,138.30926210172862,0.0,0.0,0.0,1042.4511069544126
2024-04-11,885.9440999647869,761.7752090628697,1274.3441305440326,885.9440999647869,885.9440999647869,142.36719979593894,142.36719979593894,142.36719979593894,-4.846182000054083,-4.846182000054083,-4.846182000054083,147.21338179599303,147.21338179599303,147.21338179599303,0.0,0.0,0.0,1028.311299760726
2024-04-12,885.9341234478508,762.2261832285201,1254.1820910171357,885.9341234478508,885.9341234478508,129.8649887579799,129.8649887579799,129.8649887579799,-26.348946947696668,-26.348946947696668,-26.348946947696668,156.21393570567656,156.21393570567656,156.21393570567656,0.0,0.0,0.0,1015.7991122058306
2024-04-13,885.9241469309147,826.2626284389867,1310.1495518545971,885.9241469309147,885.9241469309147,170.8381189645873,170.8381189645873,170.8381189645873,5.5169604280834355,5.5169604280834355,5.5169604280834355,165.32115853650387,165.32115853650387,165.32115853650387,0.0,0.0,0.0,1056.762265895502
2024-04-14,885.9141704139786,812.7824278365046,1319.8173509798555,885.9141704139786,885.9141704139786,184.29971213468534,184.29971213468534,184.29971213468534,9.757778783449295,9.757778783449295,9.757778783449295,174.54193335123605,174.54193335123605,174.54193335123605,0.0,0.0,0.0,1070.2138825486638
2024-04-15,885.9041938970425,854.020218975313,1343.4953063382545,885.9041938970425,885.9041938970425,199.20515031487722,199.20515031487722,199.20515031487722,15.325618498852766,15.325618498852766,15.325618498852766,183.87953181602444,183.87953181602444,183.87953181602444,0.0,0.0,0.0,1085.1093442119197
2024-04-16,885.8942173801064,809.7571024223334,1312.4326692394638,885.8942173801064,885.8942173801064,175.74047009289902,175.74047009289902,175.74047009289902,-17.59299713373847,-17.59299713373847,-17.59299713373847,193.3334672266375,193.3334672266375,193.3334672266375,0.0,0.0,0.0,1061.6346874730054
2024-04-17,885.8842408631702,850.4454934758924,1342.2036937673574,885.8842408631702,885.8842408631702,221.08722228323373,221.08722228323373,221.08722228323373,18.18776837102214,18.18776837102214,18.18776837102214,202.89945391221158,202.89945391221158,202.89945391221158,0.0,0.0,0.0,1106.971463146404
2024-04-18,885.8742643462341,828.1132944299306,1335.5648856034459,885.8742643462341,885.8742643462341,207.72328194566066,207.72328194566066,207.72328194566066,-4.846182000055126,-4.846182000055126,-4.846182000055126,212.56946394571577,212.56946394571577,212.56946394571577,0.0,0.0,0.0,1093.5975462918948
2024-04-19,885.8642878292981,824.3535554308838,1342.020471809031,885.8642878292981,885.8642878292981,195.9829229893414,195.9829229893414,195.9829229893414,-26.348946947708782,-26.348946947708782,-26.348946947708782,222.3318699370502,222.3318699370502,222.3318699370502,0.0,0.0,0.0,1081.8472108186395
2024-04-20,885.8543113123619,868.8764246465332,1358.6265869218364,885.8543113123619,885.8543113123619,237.68862151079233,237.68862151079233,237.68862151079233,5.516960428126643,5.516960428126643,5.516960428126643,232.17166108266568,232.17166108266568,232.17166108266568,0.0,0.0,0.0,1123.5429328231542
2024-04-21,885.8443347954259,885.5595504437503,1392.9418645092687,885.8443347954259,885.8443347954259,251.82849739737182,251.82849739737182,251.82849739737182,9.757778783398916,9.757778783398916,9.757778783398916,242.07071861397284,242.07071861397284,242.07071861397284,0.0,0.0,0.0,1137.6728321927976
2024-04-22,885.8343582784897,918.9889821155282,1392.1892167797134,885.8343582784897,885.8343582784897,267.33375482493534,267.33375482493534,267.33375482493534,15.325618498833038,15.325618498833038,15.325618498833038,252.0081363261023,252.0081363261023,252.0081363261023,0.0,0.0,0.0,1153.1681131034252
2024-04-23,885.8243817615537,889.2120169086495,1364.1405673098354,885.8243817615537,885.8243817615537,244.36757482110326,244.36757482110326,244.36757482110326,-17.592997133760054,-17.592997133760054,-17.592997133760054,261.96057195486327,261.96057195486327,261.96057195486327,0.0,0.0,0.0,1130.191956582657
2024-04-24,885.8144052446175,937.3279491404282,1417.2442900415026,885.8144052446175,885.8144052446175,290.09038413735004,290.09038413735004,290.09038413735004,18.187768371012695,18.187768371012695,18.187768371012695,271.90261576633736,271.90261576633736,271.90261576633736,0.0,0.0,0.0,1175.9047893819675
2024-04-25,885.8044287276814,922.5327022079318,1409.7605811407927,885.8044287276814,885.8044287276814,276.9609817767603,276.9609817767603,276.9609817767603,-4.8461820000278415,-4.8461820000278415,-4.8461820000278415,281.8071637767882,281.8071637767882,281.8071637767882,0.0,0.0,0.0,1162.7654105044417
2024-04-26,885.7944522107452,907.7741081219343,1403.3720887355978,885.7944522107452,885.7944522107452,265.29683751248854,265.29683751248854,265.29683751248854,-26.348946947641295,-26.348946947641295,-26.348946947641295,291.6457844601298,291.6457844601298,291.6457844601298,0.0,0.0,0.0,1151.0912897232338
2024-04-27,885.7844756938091,951.4657260217808,1453.6019688453216,885.7844756938091,885.7844756938091,306.90602997985565,306.90602997985565,306.90602997985565,5.516960428169854,5.516960428169854,5.516960428169854,301.3890695516858,301.3890695516858,301.3890695516858,0.0,0.0,0.0,1192.6905056736648
2024-05-01,885.7445696260647,995.5906087513575,1497.2468302763004,885.7445696260647,885.7445696260647,356.9917856113314,356.9917856113314,356.9917856113314,18.187768371003248,18.187768371003248,18.187768371003248,338.80401724032816,338.80401724032816,338.80401724032816,0.0,0.0,0.0,1242.736355237396
2024-05-02,885.7345931091287,989.9095156884708,1483.7603836731873,885.7345931091287,885.7345931091287,342.7703817514241,342.7703817514241,342.7703817514241,-4.846181999939868,-4.846181999939868,-4.846181999939868,347.61656375136397,347.61656375136397,347.61656375136397,0.0,0.0,0.0,1228.504974860553
2024-05-03,885.7246165921925,959.6828167795048,1464.7081408811143,885.7246165921925,885.7246165921925,329.80408328414575,329.80408328414575,329.80408328414575,-26.34894694775334,-26.34894694775334,-26.34894694775334,356.1530302318991,356.1530302318991,356.1530302318991,0.0,0.0,0.0,1215.5286998763384
2024-05-04,885.7146400752565,1004.8918621871746,1492.8815065821975,885.7146400752565,885.7146400752565,369.9015915200923,369.9015915200923,369.9015915200923,5.516960428140329,5.516960428140329,5.516960428140329,364.384631091952,364.384631091952,364.384631091952,0.0,0.0,0.0,1255.6162315953488
2024-05-05,885.7046635583202,1018.7215379251869,1505.2766759933627,885.7046635583202,885.7046635583202,382.0411632391543,382.0411632391543,382.0411632391543,9.757778783422056,9.757778783422056,9.757778783422056,372.28338445573223,372.28338445573223,372.28338445573223,0.0,0.0,0.0,1267.7458267974746
2024-05-06,885.6946870413842,1034.9723413155216,1548.5537992670068,885.6946870413842,885.6946870413842,395.14784632792043,395.14784632792043,395.14784632792043,15.325618498898447,15.325618498898447,15.325618498898447,379.82222782902204,379.82222782902204,379.82222782902204,0.0,0.0,0.0,1280.8425333693046
2024-05-07,885.6847105244481,1000.2491263243827,1501.227330099109,885.6847105244481,885.6847105244481,369.3821301939023,369.3821301939023,369.3821301939023,-17.59299713380887,-17.59299713380887,-17.59299713380887,386.97512732771116,386.97512732771116,386.97512732771116,0.0,0.0,0.0,1255.0668407183502
2024-05-08,885.674734007512,1051.2179073866646,1551.9639745015966,885.674734007512,885.674734007512,411.9049556585795,411.9049556585795,411.9049556585795,18.1877683709938,18.1877683709938,18.1877683709938,393.7171872875857,393.7171872875857,393.7171872875857,0.0,0.0,0.0,1297.5796896660916
2024-05-09,885.6647574905759,1040.0673248358712,1523.9814323937826,885.6647574905759,885.6647574905759,395.17858477029057,395.17858477029057,395.17858477029057,-4.846182000029926,-4.846182000029926,-4.846182000029926,400.02476677032047,400.02476677032047,400.02476677032047,0.0,0.0,0.0,1280.8433422608664
2024-05-10,885.6547809736398,1016.1191972444432,1514.1105637507903,885.6547809736398,885.6547809736398,379.52666186621195,379.52666186621195,379.52666186621195,-26.348946947685853,-26.348946947685853,-26.348946947685853,405.87560881389777,405.87560881389777,405.87560881389777,0.0,0.0,0.0,1265.1814428398518
2024-05-11,885.6448044567037,1057.350311179633,1562.9751961268946,885.6448044567037,885.6448044567037,416.76594771592863,416.76594771592863,416.76594771592863,5.516960428036752,5.516960428036752,5.516960428036752,411.24898728789185,411.24898728789185,411.24898728789185,0.0,0.0,0.0,1302.4107521726323
2024-05-12,885.6348279397677,1059.4282548800165,1559.7573413224986,885.6348279397677,885.6348279397677,425.88365372873545,425.88365372873545,425.88365372873545,9.757778783412977,9.757778783412977,9.757778783412977,416.1258749453225,416.1258749453225,416.1258749453225,0.0,0.0,0.0,1311.5184816685032
2024-05-13,885.6248514228315,1062.9424291799535,1561.9550149591485,885.6248514228315,885.6248514228315,435.814753275366,435.814753275366,435.814753275366,15.325618498882081,15.325618498882081,15.325618498882081,420.4891347764839,420.4891347764839,420.4891347764839,0.0,0.0,0.0,1321.4396046981974
2024-05-14,885.6148749058954,1037.5557652114687,1554.9505766525688,885.6148749058954,885.6148749058954,406.7307379917982,406.7307379917982,406.7307379917982,-17.59299713375392,-17.59299713375392,-17.59299713375392,424.32373512555216,424.32373512555216,424.32373512555216,0.0,0.0,0.0,1292.3456128976936
2024-05-15,885.6048983889592,1075.2639010470975,1562.7750685806445,885.6048983889592,885.6048983889592,445.80475567127166,445.80475567127166,445.80475567127166,18.187768371054997,18.187768371054997,18.187768371054997,427.6169873002167,427.6169873002167,427.6169873002167,0.0,0.0,0.0,1331.4096540602309
2024-05-16,885.5949218720232,1080.8823007058943,1560.7262464374735,885.5949218720232,885.5949218720232,425.5126206593013,425.5126206593013,425.5126206593013,-4.846181999824609,-4.846181999824609,-4.846181999824609,430.35880265912596,430.35880265912596,430.35880265912596,0.0,0.0,0.0,1311.1075425313245
2024-05-17,885.584945355087,1030.858372501493,1539.7136630245686,885.584945355087,885.584945355087,406.19301752739443,406.19301752739443,406.19301752739443,-26.34894694761837,-26.34894694761837,-26.34894694761837,432.54196447501283,432.54196447501283,432.54196447501283,0.0,0.0,0.0,1291.7779628824815
2024-05-18,885.574968838151,1084.5985493701057,1574.8350715038346,885.574968838151,885.574968838151,439.67936873717616,439.67936873717616,439.67936873717616,5.516960428007228,5.516960428007228,5.516960428007228,434.16240830916894,434.16240830916894,434.16240830916894,0.0,0.0,0.0,1325.254337575327
2024-05-19,885.5649923212148,1072.9735241544247,1547.6440545006737,885.5649923212148,885.5649923212148,444.97728204921475,444.97728204921475,444.97728204921475,9.757778783403898,9.757778783403898,9.757778783403898,435.2195032658109,435.2195032658109,435.2195032658109,0.0,0.0,0.0,1330.5422743704296
2024-05-20,885.5550158042788,1099.534043890684,1607.2329440430058,885.5550158042788,885.5550158042788,451.04194387044015,451.04194387044015,451.04194387044015,15.325618498862351,15.325618498862351,15.325618498862351,435.7163253715778,435.7163253715778,435.7163253715778,0.0,0.0,0.0,1336.596959674719
2024-05-21,885.5450392873427,1038.529863873265,1556.2452198807773,885.5450392873427,885.5450392873427,418.0669163689958,418.0669163689958,418.0669163689958,-17.592997133775498,-17.592997133775498,-17.592997133775498,435.6599135027713,435.6599135027713,435.6599135027713,0.0,0.0,0.0,1303.6119556563385
2024-05-22,885.5350627704066,1080.1361696720037,1590.400967733307,885.5350627704066,885.5350627704066,453.24926616052016,453.24926616052016,453.24926616052016,18.187768371009014,18.187768371009014,18.187768371009014,435.0614977895111,435.0614977895111,435.0614977895111,0.0,0.0,0.0,1338.7843289309267
2024-05-23,885.5250862534704,1079.1150713154038,1555.4961497480194,885.5250862534704,885.5250862534704,429.09050829253744,429.09050829253744,429.09050829253744,-4.846181999914667,-4.846181999914667,-4.846181999914667,433.93669029245206,433.93669029245206,433.93669029245206,0.0,0.0,0.0,1314.6155945460077
2024-05-24,885.5151097365343,1037.274960415869,1543.9585719124048,885.5151097365343,885.5151097365343,405.9566810348247,405.9566810348247,405.9566810348247,-26.348946947730422,-26.348946947730422,-26.348946947730422,432.3056279825551,432.3056279825551,432.3056279825551,0.0,0.0,0.0,1291.471790771359
2024-05-25,885.5051332195982,1087.2909446605465,1565.191567420881,885.5051332195982,885.5051332195982,435.71001908574357,435.71001908574357,435.71001908574357,5.5169604281231726,5.5169604281231726,5.5169604281231726,430.1930586576204,430.1930586576204,430.1930586576204,0.0,0.0,0.0,1321.2151523053417
2024-05-26,885.4951567026621,1082.9957552106769,1567.3616361852717,885.4951567026621,885.4951567026621,437.3861401694639,437.3861401694639,437.3861401694639,9.75777878339304,9.75777878339304,9.75777878339304,427.6283613860709,427.6283613860709,427.6283613860709,0.0,0.0,0.0,1322.881296872126
2024-05-27,885.485180185726,1079.0860710983527,1584.1001866323672,885.485180185726,885.485180185726,439.9711128520284,439.9711128520284,439.9711128520284,15.325618498945804,15.325618498945804,15.325618498945804,424.64549435308265,424.64549435308265,424.64549435308265,0.0,0.0,0.0,1325.4562930377544
2024-06-01,885.4352976010455,1052.5228160982072,1546.8560884075239,885.4352976010455,885.4352976010455,410.46130730037885,410.46130730037885,410.46130730037885,5.516960428093646,5.516960428093646,5.516960428093646,404.9443468722852,404.9443468722852,404.9443468722852,0.0,0.0,0.0,1295.8966049014243
2024-06-02,885.4253210841093,1059.1463597284658,1538.4921954621134,885.4253210841093,885.4253210841093,410.1529866793315,410.1529866793315,410.1529866793315,9.757778783383962,9.757778783383962,9.757778783383962,400.3952078959476,400.3952078959476,400.3952078959476,0.0,0.0,0.0,1295.5783077634408
2024-06-03,885.4153445671733,1037.8147041480283,1551.4993720610921,885.4153445671733,885.4153445671733,411.09813683401666,411.09813683401666,411.09813683401666,15.325618498926076,15.325618498926076,15.325618498926076,395.7725183350905,395.7725183350905,395.7725183350905,0.0,0.0,0.0,1296.51348140119
2024-06-04,885.4053680502371,999.4513217928694,1515.730495437558,885.4053680502371,885.4053680502371,373.5423526103841,373.5423526103841,373.5423526103841,-17.592997133742127,-17.592997133742127,-17.592997133742127,391.1353497441262,391.1353497441262,391.1353497441262,0.0,0.0,0.0,1258.9477206606211
2024-06-05,885.3953915333011,1032.7668268378186,1535.3805716322322,885.3953915333011,885.3953915333011,404.731122669185,404.731122669185,404.731122669185,18.18776837099012,18.18776837099012,18.18776837099012,386.54335429819486,386.54335429819486,386.54335429819486,0.0,0.0,0.0,1290.126514202486
2024-06-06,885.385415016365,1018.0546257548658,1518.3092158040654,885.385415016365,885.385415016365,377.20982944067276,377.20982944067276,377.20982944067276,-4.8461819999167535,-4.8461819999167535,-4.8461819999167535,382.0560114405895,382.0560114405895,382.0560114405895,0.0,0.0,0.0,1262.5952444570378
2024-06-07,885.3754384994288,987.0679908222561,1479.997128980266,885.3754384994288,885.3754384994288,351.38290266681355,351.38290266681355,351.38290266681355,-26.348946947675046,-26.348946947675046,-26.348946947675046,377.73184961448857,377.73184961448857,377.73184961448857,0.0,0.0,0.0,1236.7583411662424
2024-06-08,885.3654619824928,1024.7583180091576,1490.7583146691052,885.3654619824928,885.3654619824928,379.1446174533032,379.1446174533032,379.1446174533032,5.51696042806412,5.51696042806412,5.51696042806412,373.6276570252391,373.6276570252391,373.6276570252391,0.0,0.0,0.0,1264.510079435796
2024-06-09,885.3554854655566,1023.2003253934803,1515.9261246930885,885.3554854655566,885.3554854655566,379.5554746385222,379.5554746385222,379.5554746385222,9.757778783416185,9.757778783416185,9.757778783416185,369.797695855106,369.797695855106,369.797695855106,0.0,0.0,0.0,1264.9109601040789
2024-06-10,885.3455089486205,1007.6416412314519,1514.0339838202383,885.3455089486205,885.3455089486205,381.61855295646535,381.61855295646535,381.61855295646535,15.32561849890803,15.32561849890803,15.32561849890803,366.2929344575573,366.2929344575573,366.2929344575573,0.0,0.0,0.0,1266.9640619050858
2024-06-11,885.3355324316843,989.8986610877217,1490.6533477573885,885.3355324316843,885.3355324316843,345.56731465856257,345.56731465856257,345.56731465856257,-17.592997133763706,-17.592997133763706,-17.592997133763706,363.1603117923263,363.1603117923263,363.1603117923263,0.0,0.0,0.0,1230.902847090247
2024-06-12,885.3255559147483,1024.8536038069103,1513.0935590711383,885.3255559147483,885.3255559147483,378.6298161120339,378.6298161120339,378.6298161120339,18.187768370944145,18.187768370944145,18.187768370944145,360.4420477410897,360.4420477410897,360.4420477410897,0.0,0.0,0.0,1263.9553720267822
2024-06-13,885.3155793978121,993.5145365815766,1494.0405631754625,885.3155793978121,885.3155793978121,353.32882998637535,353.32882998637535,353.32882998637535,-4.846181999917795,-4.846181999917795,-4.846181999917795,358.17501198629316,358.17501198629316,358.17501198629316,0.0,0.0,0.0,1238.6444093841874
2024-06-14,885.3056028808761,960.3601842220133,1458.3647231968648,885.3056028808761,885.3056028808761,330.0412159327269,330.0412159327269,330.0412159327269,-26.348946947607562,-26.348946947607562,-26.348946947607562,356.39016288033446,356.39016288033446,356.39016288033446,0.0,0.0,0.0,1215.346818813603
2024-06-15,885.29562636394,998.6484128893679,1503.2533833039054,885.29562636394,885.29562636394,360.62902664529304,360.62902664529304,360.62902664529304,5.516960428180066,5.516960428180066,5.516960428180066,355.112066217113,355.112066217113,355.112066217113,0.0,0.0,0.0,1245.924653009233
2024-06-16,885.2856498470039,999.7952615865744,1508.147621138888,885.2856498470039,885.2856498470039,364.11628087942455,364.11628087942455,364.11628087942455,9.757778783365806,9.757778783365806,9.757778783365806,354.35850209605877,354.35850209605877,354.35850209605877,0.0,0.0,0.0,1249.4019307264284
2024-06-17,885.2756733300678,998.9227148152927,1497.6703720349033,885.2756733300678,885.2756733300678,369.465784691786,369.465784691786,369.465784691786,15.32561849888998,15.32561849888998,15.32561849888998,354.14016619289606,354.14016619289606,354.14016619289606,0.0,0.0,0.0,1254.7414580218538
2024-06-18,885.2656968131317,986.7974546044818,1482.6806068108197,885.2656968131317,885.2656968131317,336.86747264688483,336.86747264688483,336.86747264688483,-17.59299713379094,-17.59299713379094,-17.59299713379094,354.46046978067574,354.46046978067574,354.46046978067574,0.0,0.0,0.0,1222.1331694600167
2024-06-19,885.2557202961955,1010.0120748099374,1484.8890321165338,885.2557202961955,885.2557202961955,373.50320920954476,373.50320920954476,373.50320920954476,18.1877683709347,18.1877683709347,18.1877683709347,355.3154408386101,355.3154408386101,355.3154408386101,0.0,0.0,0.0,1258.7589295057403
2024-06-20,885.2457437792594,978.0581265907188,1488.9844888033347,885.2457437792594,885.2457437792594,351.84754460333573,351.84754460333573,351.84754460333573,-4.846182000007856,-4.846182000007856,-4.846182000007856,356.6937266033436,356.6937266033436,356.6937266033436,0.0,0.0,0.0,1237.0932883825951
2024-06-21,885.2357672623233,970.8398500737011,1475.7490697083713,885.2357672623233,885.2357672623233,332.227749065921,332.227749065921,332.227749065921,-26.34894694762984,-26.34894694762984,-26.34894694762984,358.5766960135508,358.5766960135508,358.5766960135508,0.0,0.0,0.0,1217.4635163282442
2024-06-22,885.2257907453873,991.1242089906376,1498.4074870840127,885.2257907453873,885.2257907453873,366.4555991532104,366.4555991532104,366.4555991532104,5.516960428150539,5.516960428150539,5.516960428150539,360.93863872505995,360.93863872505995,360.93863872505995,0.0,0.0,0.0,1251.6813898985977
2024-06-23,885.2158142284511,998.4865077315369,1532.736597727958,885.2158142284511,885.2158142284511,373.5048345582599,373.5048345582599,373.5048345582599,9.75777878339625,9.75777878339625,9.75777878339625,363.7470557748636,363.7470557748636,363.7470557748636,0.0,0.0,0.0,1258.720648786711
2024-06-24,885.2058377115151,1019.1006742973161,1517.055417884585,885.2058377115151,885.2058377115151,382.2886540832544,382.2886540832544,382.2886540832544,15.325618498871936,15.325618498871936,15.325618498871936,366.96303558438245,366.96303558438245,366.96303558438245,0.0,0.0,0.0,1267.4944917947696
2024-06-25,885.1958611945789,987.1916647905606,1493.4863097415341,885.1958611945789,885.1958611945789,352.948710709919,352.948710709919,352.948710709919,-17.59299713381252,-17.59299713381252,-17.59299713381252,370.5417078437315,370.5417078437315,370.5417078437315,0.0,0.0,0.0,1238.144571904498
2024-06-26,885.1858846776429,1026.0608606589774,1519.9396946966385,885.1858846776429,885.1858846776429,392.6205352976791,392.6205352976791,392.6205352976791,18.187768370995887,18.187768370995887,18.187768370995887,374.4327669266832,374.4327669266832,374.4327669266832,0.0,0.0,0.0,1277.8064199753221
2024-06-27,885.1759081607067,1024.4993736316608,1520.195732371421,885.1759081607067,885.1759081607067,373.7348738578649,373.7348738578649,373.7348738578649,-4.846181999919882,-4.846181999919882,-4.846181999919882,378.5810558577848,378.5810558577848,378.5810558577848,0.0,0.0,0.0,1258.9107820185716
2024-07-01,885.1360020929623,1062.1667760788562,1552.0892531374416,885.1360020929623,885.1360020929623,411.8358560842033,411.8358560842033,411.8358560842033,15.325618498852204,15.325618498852204,15.325618498852204,396.5102375853511,396.5102375853511,396.5102375853511,0.0,0.0,0.0,1296.9718581771656
2024-07-02,885.1260255760262,1025.468023136353,1506.9498249646674,885.1260255760262,885.1260255760262,383.4010677464302,383.4010677464302,383.4010677464302,-17.592997133795837,-17.592997133795837,-17.592997133795837,400.99406488022606,400.99406488022606,400.99406488022606,0.0,0.0,0.0,1268.5270933224565
2024-07-03,885.1160490590901,1067.5898865645722,1550.2383464685424,885.1160490590901,885.1160490590901,423.52804871544237,423.52804871544237,423.52804871544237,18.18776837105708,18.18776837105708,18.18776837105708,405.34028034438523,405.34028034438523,405.34028034438523,0.0,0.0,0.0,1308.6440977745324
2024-07-04,885.106072542154,1058.6002449209977,1543.7055623024646,885.106072542154,885.106072542154,404.6330754638978,404.6330754638978,404.6330754638978,-4.846181999892596,-4.846181999892596,-4.846181999892596,409.4792574637904,409.4792574637904,409.4792574637904,0.0,0.0,0.0,1289.739148006052
2024-07-05,885.0960960252179,1017.0350460432883,1521.6545405958711,885.0960960252179,885.0960960252179,386.9933278718105,386.9933278718105,386.9933278718105,-26.348946947674403,-26.348946947674403,-26.348946947674403,413.3422748194849,413.3422748194849,413.3422748194849,0.0,0.0,0.0,1272.0894238970284
2024-07-06,885.0861195082819,1065.2072691539681,1572.5851102121562,885.0861195082819,885.0861195082819,422.37921032588804,422.37921032588804,422.37921032588804,5.516960428090174,5.516960428090174,5.516960428090174,416.8622498977979,416.8622498977979,416.8622498977979,0.0,0.0,0.0,1307.46532983417
2024-07-07,885.0761429913456,1049.3195156559389,1560.8115717150195,885.0761429913456,885.0761429913456,429.7322334932218,429.7322334932218,429.7322334932218,9.757778783419392,9.757778783419392,9.757778783419392,419.97445470980244,419.97445470980244,419.97445470980244,0.0,0.0,0.0,1314.8083764845674
2024-07-08,885.0661664744096,1074.869600987651,1557.8165350752818,885.0661664744096,885.0661664744096,437.94282704072776,437.94282704072776,437.94282704072776,15.325618498835842,15.325618498835842,15.325618498835842,422.6172085418919,422.6172085418919,422.6172085418919,0.0,0.0,0.0,1323.0089935151373
2024-07-09,885.0561899574734,1017.446844143376,1536.5916930028745,885.0561899574734,885.0561899574734,407.1395464698818,407.1395464698818,407.1395464698818,-17.59299713378481,-17.59299713378481,-17.59299713378481,424.7325436036666,424.7325436036666,424.7325436036666,0.0,0.0,0.0,1292.1957364273553
2024-07-10,885.0462134405374,1083.5760349723837,1586.9831342128373,885.0462134405374,885.0462134405374,444.4546080192228,444.4546080192228,444.4546080192228,18.187768370976993,18.187768370976993,18.187768370976993,426.2668396482458,426.2668396482458,426.2668396482458,0.0,0.0,0.0,1329.5008214597601
2024-07-11,885.0362369236012,1054.4396879186927,1550.9500472108584,885.0362369236012,885.0362369236012,422.325241795828,422.325241795828,422.325241795828,-4.8461819998936395,-4.8461819998936395,-4.8461819998936395,427.1714237957217,427.1714237957217,427.1714237957217,0.0,0.0,0.0,1307.3614787194292
2024-07-12,885.0262604066652,1039.9273393697044,1539.3679783942155,885.0262604066652,885.0262604066652,401.05418484678006,401.05418484678006,401.05418484678006,-26.348946947606915,-26.348946947606915,-26.348946947606915,427.4031317943869,427.4031317943869,427.4031317943869,0.0,0.0,0.0,1286.0804452534453
2024-07-13,885.016283889729,1078.6935405059946,1573.2155859627724,885.016283889729,885.016283889729,432.44178723735257,432.44178723735257,432.44178723735257,5.516960428133384,5.516960428133384,5.516960428133384,426.9248268092192,426.9248268092192,426.9248268092192,0.0,0.0,0.0,1317.4580711270817
2024-07-14,885.006307372793,1076.124254094667,1558.5459049998813,885.006307372793,885.006307372793,435.4636503359454,435.4636503359454,435.4636503359454,9.757778783451615,9.757778783451615,9.757778783451615,425.70587155249376,425.70587155249376,425.70587155249376,0.0,0.0,0.0,1320.4699577087383
2024-07-15,884.9963308558569,1065.4841274292062,1573.3223573957973,884.9963308558569,884.9963308558569,439.0481676912328,439.0481676912328,439.0481676912328,15.325618498917612,15.325618498917612,15.325618498917612,423.7225491923151,423.7225491923151,423.7225491923151,0.0,0.0,0.0,1324.0444985470897
2024-07-16,884.9863543389207,1039.419642835309,1541.6046500814975,884.9863543389207,884.9863543389207,403.3654308917317,403.3654308917317,403.3654308917317,-17.592997133768122,-17.592997133768122,-17.592997133768122,420.9584280254998,420.9584280254998,420.9584280254998,0.0,0.0,0.0,1288.3517852306525
2024-07-17,884.9763778219846,1081.0718051740523,1569.2767076856103,884.9763778219846,884.9763778219846,435.59243279689946,435.59243279689946,435.59243279689946,18.18776837103818,18.18776837103818,18.18776837103818,417.4046644258613,417.4046644258613,417.4046644258613,0.0,0.0,0.0,1320.568810618884
2024-07-18,884.9664013050484,1053.418193518304,1555.008677343993,884.9664013050484,884.9664013050484,408.21405612119594,408.21405612119594,408.21405612119594,-4.846181999983699,-4.846181999983699,-4.846181999983699,413.0602381211797,413.0602381211797,413.0602381211797,0.0,0.0,0.0,1293.1804574262444
2024-07-19,884.9564247881124,1017.565172905007,1518.219836686179,884.9564247881124,884.9564247881124,381.5831665202158,381.5831665202158,381.5831665202158,-26.348946947718964,-26.348946947718964,-26.348946947718964,407.93211346793476,407.93211346793476,407.93211346793476,0.0,0.0,0.0,1266.5395913083282
2024-07-20,884.9464482711762,1036.2546367137484,1560.4034194758285,884.9464482711762,884.9464482711762,407.55228055899494,407.55228055899494,407.55228055899494,5.516960428029808,5.516960428029808,5.516960428029808,402.0353201309651,402.0353201309651,402.0353201309651,0.0,0.0,0.0,1292.498728830171
2024-07-21,884.9364717542402,1052.7859496760225,1539.0179838445501,884.9364717542402,884.9364717542402,405.1507252732936,405.1507252732936,405.1507252732936,9.757778783401234,9.757778783401234,9.757778783401234,395.39294648989227,395.39294648989227,395.39294648989227,0.0,0.0,0.0,1290.0871970275339
2024-07-22,884.926495237304,1026.7048357052329,1527.362868453958,884.926495237304,884.926495237304,403.36165773256613,403.36165773256613,403.36165773256613,15.325618498899566,15.325618498899566,15.325618498899566,388.03603923366654,388.03603923366654,388.03603923366654,0.0,0.0,0.0,1288.2881529698702
2024-07-23,884.916518720368,991.538135590067,1502.755329720501,884.916518720368,884.916518720368,362.4104058771744,362.4104058771744,362.4104058771744,-17.5929971337897,-17.5929971337897,-17.5929971337897,380.00340301096406,380.00340301096406,380.00340301096406,0.0,0.0,0.0,1247.3269245975425
2024-07-24,884.9065422034319,1040.4414309416056,1524.5574906185584,884.9065422034319,884.9065422034319,389.52906308548114,389.52906308548114,389.52906308548114,18.187768371028735,18.187768371028735,18.187768371028735,371.3412947144524,371.3412947144524,371.3412947144524,0.0,0.0,0.0,1274.435605288913
2024-07-25,884.8965656864957,994.9345456375866,1486.839025638553,884.8965656864957,884.8965656864957,357.25682601577034,357.25682601577034,357.25682601577034,-4.846182000073757,-4.846182000073757,-4.846182000073757,362.1030080158441,362.1030080158441,362.1030080158441,0.0,0.0,0.0,1242.1533917022662
2024-07-26,884.8865891695596,947.044062846161,1457.3109947693436,884.8865891695596,884.8865891695596,325.99939820101633,325.99939820101633,325.99939820101633,-26.34894694764131,-26.34894694764131,-26.34894694764131,352.34834514865764,352.34834514865764,352.34834514865764,0.0,0.0,0.0,1210.885987370576
2024-07-27,884.8766126526235,995.6318440849024,1465.3104915163165,884.8766126526235,884.8766126526235,347.65993508682686,347.65993508682686,347.65993508682686,5.516960428073019,5.516960428073019,5.516960428073019,342.1429746587538,342.1429746587538,342.1429746587538,0.0,0.0,0.0,1232.5365477394503
2024-08-01,884.826730067943,927.7631213616094,1422.9233693932874,884.826730067943,884.826730067943,282.11415346895416,282.11415346895416,282.11415346895416,-4.846181999985784,-4.846181999985784,-4.846181999985784,286.96033546893995,286.96033546893995,286.96033546893995,0.0,0.0,0.0,1166.9408835368972
2024-08-02,884.816753551007,879.7463003999449,1388.8877882286727,884.816753551007,884.816753551007,249.30083842610742,249.30083842610742,249.30083842610742,-26.34894694775335,-26.34894694775335,-26.34894694775335,275.64978537386077,275.64978537386077,275.64978537386077,0.0,0.0,0.0,1134.1175919771144
2024-08-03,884.8067770340707,900.545582520755,1393.7808243716559,884.8067770340707,884.8067770340707,269.9530478351768,269.9530478351768,269.9530478351768,5.516960428043492,5.516960428043492,5.516960428043492,264.4360874071333,264.4360874071333,264.4360874071333,0.0,0.0,0.0,1154.7598248692475
2024-08-04,884.7968005171347,885.6194152558722,1396.7596044858108,884.7968005171347,884.7968005171347,263.15425459509396,263.15425459509396,263.15425459509396,9.757778783424378,9.757778783424378,9.757778783424378,253.3964758116696,253.3964758116696,253.3964758116696,0.0,0.0,0.0,1147.9510551122287
2024-08-05,884.7868240001985,907.6848780486066,1393.1768921602938,884.7868240001985,884.7868240001985,257.92975036742035,257.92975036742035,257.92975036742035,15.325618498860107,15.325618498860107,15.325618498860107,242.60413186856024,242.60413186856024,242.60413186856024,0.0,0.0,0.0,1142.716574367619
2024-08-06,884.7768474832625,858.9328730075874,1343.391553210799,884.7768474832625,884.7768474832625,214.5338879777155,214.5338879777155,214.5338879777155,-17.59299713379459,-17.59299713379459,-17.59299713379459,232.1268851115101,232.1268851115101,232.1268851115101,0.0,0.0,0.0,1099.3107354609779
2024-08-07,884.7668709663263,873.6425085230125,1383.7076848558763,884.7668709663263,884.7668709663263,240.21372520876508,240.21372520876508,240.21372520876508,18.187768370973313,18.187768370973313,18.187768370973313,222.02595683779177,222.02595683779177,222.02595683779177,0.0,0.0,0.0,1124.9805961750915
2024-08-08,884.7568944493903,838.9625274412133,1347.9279343647218,884.7568944493903,884.7568944493903,207.50859190344903,207.50859190344903,207.50859190344903,-4.846182000075845,-4.846182000075845,-4.846182000075845,212.35477390352486,212.35477390352486,212.35477390352486,0.0,0.0,0.0,1092.2654863528394
2024-08-09,884.7469179324542,821.6801506080692,1308.6809981329957,884.7469179324542,884.7469179324542,176.80893444315876,176.80893444315876,176.80893444315876,-26.348946947685867,-26.348946947685867,-26.348946947685867,203.1578813908446,203.1578813908446,203.1578813908446,0.0,0.0,0.0,1061.5558523756129
2024-08-10,884.7369414155181,820.291837287278,1350.2363931407892,884.7369414155181,884.7369414155181,199.98694306942258,199.98694306942258,199.98694306942258,5.516960428086703,5.516960428086703,5.516960428086703,194.46998264133586,194.46998264133586,194.46998264133586,0.0,0.0,0.0,1084.7238844849408
2024-08-11,884.7269648985819,842.0035545296381,1334.6701509525071,884.7269648985819,884.7269648985819,196.07291308730709,196.07291308730709,196.07291308730709,9.757778783413523,9.757778783413523,9.757778783413523,186.31513430389356,186.31513430389356,186.31513430389356,0.0,0.0,0.0,1080.799877985889
2024-08-12,884.7169883816458,830.9383299270139,1338.4764522606233,884.7169883816458,884.7169883816458,194.0317409137832,194.0317409137832,194.0317409137832,15.325618498946925,15.325618498946925,15.325618498946925,178.70612241483627,178.70612241483627,178.70612241483627,0.0,0.0,0.0,1078.748729295429
2024-08-13,884.7070118647097,801.8277631001303,1290.57837785568,884.7070118647097,884.7070118647097,154.05104596467075,154.05104596467075,154.05104596467075,-17.592997133739644,-17.592997133739644,-17.592997133739644,171.6440430984104,171.6440430984104,171.6440430984104,0.0,0.0,0.0,1038.7580578293805
2024-08-14,884.6970353477736,830.1718733144006,1324.6407868352471,884.6970353477736,884.6970353477736,183.3058766256899,183.3058766256899,183.3058766256899,18.187768371034505,18.187768371034505,18.187768371034505,165.11810825465543,165.11810825465543,165.11810825465543,0.0,0.0,0.0,1068.0029119734636
2024-08-15,884.6870588308375,793.5483816701928,1290.123011977762,884.6870588308375,884.6870588308375,154.25951062322932,154.25951062322932,154.25951062322932,-4.8461820000768885,-4.8461820000768885,-4.8461820000768885,159.1056926233062,159.1056926233062,159.1056926233062,0.0,0.0,0.0,1038.9465694540668
2024-08-16,884.6770823139015,763.897332633645,1253.3292785308424,884.6770823139015,884.6770823139015,127.22368698729763,127.22368698729763,127.22368698729763,-26.34894694769798,-26.34894694769798,-26.34894694769798,153.57263393499562,153.57263393499562,153.57263393499562,0.0,0.0,0.0,1011.900769301199
2024-08-17,884.6671057969653,781.2753053972898,1281.2714652579596,884.6671057969653,884.6671057969653,153.99075299428796,153.99075299428796,153.99075299428796,5.516960428057176,5.516960428057176,5.516960428057176,148.4737925662308,148.4737925662308,148.4737925662308,0.0,0.0,0.0,1038.6578587912531
2024-08-18,884.6571292800293,787.1120995028485,1291.3539815865806,884.6571292800293,884.6571292800293,153.51165009110528,153.51165009110528,153.51165009110528,9.757778783404444,9.757778783404444,9.757778783404444,143.75387130770085,143.75387130770085,143.75387130770085,0.0,0.0,0.0,1038.1687793711346
2024-08-19,884.6471527630931,797.9097978284319,1288.4227733540915,884.6471527630931,884.6471527630931,154.67410816200226,154.67410816200226,154.67410816200226,15.325618498928879,15.325618498928879,15.325618498928879,139.34848966307337,139.34848966307337,139.34848966307337,0.0,0.0,0.0,1039.3212609250954
2024-08-20,884.637176246157,750.6714670428665,1255.3929539936078,884.637176246157,884.637176246157,117.59250352901324,117.59250352901324,117.59250352901324,-17.592997133761223,-17.592997133761223,-17.592997133761223,135.18550066277447,135.18550066277447,135.18550066277447,0.0,0.0,0.0,1002.2296797751702
2024-08-21,884.6271997292208,794.032104008148,1285.6617608842423,884.6271997292208,884.6271997292208,149.37430003668257,149.37430003668257,149.37430003668257,18.187768371025058,18.187768371025058,18.187768371025058,131.1865316656575,131.1865316656575,131.1865316656575,0.0,0.0,0.0,1034.0014997659034
2024-08-22,884.6172232122848,762.4495105131108,1261.2879004573738,884.6172232122848,884.6172232122848,122.42254219953641,122.42254219953641,122.42254219953641,-4.846181999960586,-4.846181999960586,-4.846181999960586,127.268724199497,127.268724199497,127.268724199497,0.0,0.0,0.0,1007.0397654118212
2024-08-23,884.6072466953486,740.0448211427173,1231.55818007104,884.6072466953486,884.6072466953486,96.99769479487901,96.99769479487901,96.99769479487901,-26.34894694772026,-26.34894694772026,-26.34894694772026,123.34664174259927,123.34664174259927,123.34664174259927,0.0,0.0,0.0,981.6049414902277
2024-08-24,884.5972701784126,781.4905516925246,1267.1035732546227,884.5972701784126,884.5972701784126,124.85126907784714,124.85126907784714,124.85126907784714,5.516960428173123,5.516960428173123,5.516960428173123,119.33430864967401,119.33430864967401,119.33430864967401,0.0,0.0,0.0,1009.4485392562598
2024-08-25,884.5872936614765,765.6249851936449,1263.6156926723754,884.5872936614765,884.5872936614765,124.90511713825822,124.90511713825822,124.90511713825822,9.757778783436663,9.757778783436663,9.757778783436663,115.14733835482156,115.14733835482156,115.14733835482156,0.0,0.0,0.0,1009.4924107997347
2024-08-26,884.5773171445404,762.714300406938,1267.5870426060194,884.5773171445404,884.5773171445404,126.03072321196616,126.03072321196616,126.03072321196616,15.32561849890915,15.32561849890915,15.32561849890915,110.70510471305701,110.70510471305701,110.70510471305701,0.0,0.0,0.0,1010.6080403565065
2024-08-27,884.5673406276043,711.5057790693187,1231.5595919670263,884.5673406276043,884.5673406276043,88.33990988936023,88.33990988936023,88.33990988936023,-17.592997133788458,-17.592997133788458,-17.592997133788458,105.9329070231487,105.9329070231487,105.9329070231487,0.0,0.0,0.0,972.9072505169645
2024-09-01,884.5174580429236,727.8904582398271,1218.6313297980332,884.5174580429236,884.5174580429236,84.93480542891312,84.93480542891312,84.93480542891312,9.757778783427584,9.757778783427584,9.757778783427584,75.17702664548553,75.17702664548553,75.17702664548553,0.0,0.0,0.0,969.4522634718368
2024-09-02,884.5074815259876,728.2359409516354,1215.7777223759165,884.5074815259876,884.5074815259876,82.76097256442584,82.76097256442584,82.76097256442584,15.325618498889419,15.325618498889419,15.325618498889419,67.43535406553643,67.43535406553643,67.43535406553643,0.0,0.0,0.0,967.2684540904135
2024-09-03,884.4975050090515,669.3683568326403,1185.9007427383183,884.4975050090515,884.4975050090515,41.57034348608636,41.57034348608636,41.57034348608636,-17.59299713377177,-17.59299713377177,-17.59299713377177,59.16334061985813,59.16334061985813,59.16334061985813,0.0,0.0,0.0,926.0678484951378
2024-09-04,884.4875284921154,702.6759835742878,1199.438779415167,884.4875284921154,884.4875284921154,68.58171855288481,68.58171855288481,68.58171855288481,18.18776837100616,18.18776837100616,18.18776837100616,50.393950181878644,50.393950181878644,50.393950181878644,0.0,0.0,0.0,953.0692470450002
2024-09-05,884.4775519751793,677.3122844774836,1156.287435632447,884.4775519751793,884.4775519751793,36.330834026972894,36.330834026972894,36.330834026972894,-4.846181999962671,-4.846181999962671,-4.846181999962671,41.17701602693556,41.17701602693556,41.17701602693556,0.0,0.0,0.0,920.8083860021521
2024-09-06,884.4675754582432,644.9491967196151,1132.4436118261428,884.4675754582432,884.4675754582432,5.2298182964297695,5.2298182964297695,5.2298182964297695,-26.348946947675064,-26.348946947675064,-26.348946947675064,31.578765244104833,31.578765244104833,31.578765244104833,0.0,0.0,0.0,889.697393754673
2024-09-07,884.457598941307,648.7399274714882,1164.4420230375747,884.457598941307,884.457598941307,27.197886657624448,27.197886657624448,27.197886657624448,5.51696042804002,5.51696042804002,5.51696042804002,21.680926229584426,21.680926229584426,21.680926229584426,0.0,0.0,0.0,911.6554855989314
2024-09-08,884.4476224243709,657.7089627349834,1157.6590123211638,884.4476224243709,884.4476224243709,21.33720322340476,21.33720322340476,21.33720322340476,9.757778783416729,9.757778783416729,9.757778783416729,11.579424439988037,11.579424439988037,11.579424439988037,0.0,0.0,0.0,905.7848256477757
2024-09-09,884.4376459074348,667.964410572284,1162.7178054249855,884.4376459074348,884.4376459074348,16.70830039280882,16.70830039280882,16.70830039280882,15.325618498871375,15.325618498871375,15.325618498871375,1.3826818939374466,1.3826818939374466,1.3826818939374466,0.0,0.0,0.0,901.1459463002436
2024-09-10,884.4276693904987,605.3572649674174,1128.907855157694,884.4276693904987,884.4276693904987,-26.383450907231268,-26.383450907231268,-26.383450907231268,-17.592997133755087,-17.592997133755087,-17.592997133755087,-8.790453773476182,-8.790453773476182,-8.790453773476182,0.0,0.0,0.0,858.0442184832675
2024-09-11,884.4176928735626,637.8558317404846,1145.309414900588,884.4176928735626,884.4176928735626,-0.6253464701800155,-0.6253464701800155,-0.6253464701800155,18.187768371067353,18.187768371067353,18.187768371067353,-18.81311484124737,-18.81311484124737,-18.81311484124737,0.0,0.0,0.0,883.7923464033826
2024-09-12,884.4077163566266,602.0991118270794,1095.8736122427567,884.4077163566266,884.4077163566266,-33.39929022129022,-33.39929022129022,-33.39929022129022,-4.8461819998463715,-4.8461819998463715,-4.8461819998463715,-28.553108221443853,-28.553108221443853,-28.553108221443853,0.0,0.0,0.0,851.0084261353363
2024-09-13,884.3977398396904,583.0553533454749,1078.311744024454,884.3977398396904,884.3977398396904,-64.2247921812058,-64.2247921812058,-64.2247921812058,-26.348946947607576,-26.348946947607576,-26.348946947607576,-37.87584523359822,-37.87584523359822,-37.87584523359822,0.0,0.0,0.0,820.1729476584846
2024-09-14,884.3877633227544,591.1607580909586,1092.9439553603054,884.3877633227544,884.3877633227544,-41.13048417589316,-41.13048417589316,-41.13048417589316,5.516960428083232,5.516960428083232,5.516960428083232,-46.64744460397639,-46.64744460397639,-46.64744460397639,0.0,0.0,0.0,843.2572791468613
2024-09-15,884.3777868058182,599.0297455314005,1085.8157624039702,884.3777868058182,884.3777868058182,-44.9801616635305,-44.9801616635305,-44.9801616635305,9.757778783366346,9.757778783366346,9.757778783366346,-54.73794044689685,-54.73794044689685,-54.73794044689685,0.0,0.0,0.0,839.3976251422878
2024-09-16,884.3678102888821,586.6389700770541,1077.2702013399448,884.3678102888821,884.3678102888821,-46.69890355694038,-46.69890355694038,-46.69890355694038,15.325618498853327,15.325618498853327,15.325618498853327,-62.0245220557937,-62.0245220557937,-62.0245220557937,0.0,0.0,0.0,837.6689067319417
2024-09-17,884.3578337719459,551.1926280490574,1030.9969143485166,884.3578337719459,884.3578337719459,-85.9877262030494,-85.9877262030494,-85.9877262030494,-17.592997133776667,-17.592997133776667,-17.592997133776667,-68.39472906927273,-68.39472906927273,-68.39472906927273,0.0,0.0,0.0,798.3701075688965
2024-09-18,884.3478572550099,592.4397061252474,1073.9502038908395,884.3478572550099,884.3478572550099,-55.5617557444434,-55.5617557444434,-55.5617557444434,18.187768371021374,18.187768371021374,18.187768371021374,-73.74952411546477,-73.74952411546477,-73.74952411546477,0.0,0.0,0.0,828.7861015105665
2024-09-19,884.3378807380737,553.727304935927,1054.097434606396,884.3378807380737,884.3378807380737,-82.85234747433796,-82.85234747433796,-82.85234747433796,-4.846181999936429,-4.846181999936429,-4.846181999936429,-78.00616547440153,-78.00616547440153,-78.00616547440153,0.0,0.0,0.0,801.4855332637358
2024-09-20,884.3279042211377,518.4579247271209,1037.8390378596587,884.3279042211377,884.3279042211377,-107.4497516272386,-107.4497516272386,-107.4497516272386,-26.348946947629855,-26.348946947629855,-26.348946947629855,-81.10080467960874,-81.10080467960874,-81.10080467960874,0.0,0.0,0.0,776.8781525938991
2024-09-21,884.3179277042016,549.3094820590268,1059.7042868542626,884.3179277042016,884.3179277042016,-77.47377787943367,-77.47377787943367,-77.47377787943367,5.516960428126441,5.516960428126441,5.516960428126441,-82.99073830756012,-82.99073830756012,-82.99073830756012,0.0,0.0,0.0,806.8441498247679
2024-09-22,884.3079511872655,575.3133025831424,1050.513467511169,884.3079511872655,884.3079511872655,-73.89847064191153,-73.89847064191153,-73.89847064191153,9.757778783398573,9.757778783398573,9.757778783398573,-83.65624942531011,-83.65624942531011,-83.65624942531011,0.0,0.0,0.0,810.409480545354
2024-09-23,884.2979746703294,571.324781830924,1070.5389129027892,884.2979746703294,884.2979746703294,-67.77636368140274,-67.77636368140274,-67.77636368140274,15.32561849893678,15.32561849893678,15.32561849893678,-83.10198218033953,-83.10198218033953,-83.10198218033953,0.0,0.0,0.0,816.5216109889267
2024-09-24,884.2879981533933,537.5632817015096,1033.8412089915537,884.2879981533933,884.2879981533933,-98.95079980357491,-98.95079980357491,-98.95079980357491,-17.592997133798246,-17.592997133798246,-17.592997133798246,-81.35780266977665,-81.35780266977665,-81.35780266977665,0.0,0.0,0.0,785.3371983498184
2024-09-25,884.2780216364571,566.5914999421994,1082.8966762542466,884.2780216364571,884.2780216364571,-60.291341951597204,-60.291341951597204,-60.291341951597204,18.18776837101193,18.18776837101193,18.18776837101193,-78.47911032260913,-78.47911032260913,-78.47911032260913,0.0,0.0,0.0,823.9866796848598
2024-09-26,884.268045119521,566.556918359336,1028.0914227931653,884.268045119521,884.268045119521,-79.39275832449003,-79.39275832449003,-79.39275832449003,-4.846181999848456,-4.846181999848456,-4.846181999848456,-74.54657632464158,-74.54657632464158,-74.54657632464158,0.0,0.0,0.0,804.875286795031
2024-09-27,884.2580686025849,530.2477757176887,1042.4464169347427,884.2580686025849,884.2580686025849,-96.01424578189946,-96.01424578189946,-96.01424578189946,-26.348946947652134,-26.348946947652134,-26.348946947652134,-69.66529883424731,-69.66529883424731,-69.66529883424731,0.0,0.0,0.0,788.2438228206854
2024-10-01,884.2181625348405,545.0677756540313,1065.9444397632385,884.2181625348405,884.2181625348405,-61.10742393610358,-61.10742393610358,-61.10742393610358,-17.59299713378156,-17.59299713378156,-17.59299713378156,-43.51442680232202,-43.51442680232202,-43.51442680232202,0.0,0.0,0.0,823.1107385987369
2024-10-02,884.2081860179045,628.9425128031561,1114.5169478582372,884.2081860179045,884.2081860179045,-18.002898165332176,-18.002898165332176,-18.002898165332176,18.187768371002484,18.187768371002484,18.187768371002484,-36.19066653633466,-36.19066653633466,-36.19066653633466,0.0,0.0,0.0,866.2052878525723
2024-10-03,884.1982095009683,602.578505623064,1095.8554862778008,884.1982095009683,884.1982095009683,-33.790947561276035,-33.790947561276035,-33.790947561276035,-4.846181999938516,-4.846181999938516,-4.846181999938516,-28.944765561337523,-28.944765561337523,-28.944765561337523,0.0,0.0,0.0,850.4072619396923
2024-10-04,884.1882329840322,590.7170907071229,1105.552865164822,884.1882329840322,884.1882329840322,-48.33336318333041,-48.33336318333041,-48.33336318333041,-26.348946947664245,-26.348946947664245,-26.348946947664245,-21.984416235666178,-21.984416235666178,-21.984416235666178,0.0,0.0,0.0,835.8548698007017
2024-10-05,884.178256467096,632.1254210100923,1149.4542454170842,884.178256467096,884.178256467096,-10.000323448256948,-10.000323448256948,-10.000323448256948,5.516960428067391,5.516960428067391,5.516960428067391,-15.517283876324338,-15.517283876324338,-15.517283876324338,0.0,0.0,0.0,874.1779330188391
2024-10-06,884.16827995016,626.1753423156299,1121.3097481289528,884.16827995016,884.16827995016,0.011115006883048034,0.011115006883048034,0.011115006883048034,9.757778783421712,9.757778783421712,9.757778783421712,-9.746663776538663,-9.746663776538663,-9.746663776538663,0.0,0.0,0.0,884.1793949570431
2024-10-07,884.1583034332239,660.1561839459285,1163.3741303920501,884.1583034332239,884.1583034332239,10.45847377494851,10.45847377494851,10.45847377494851,15.325618498900688,15.325618498900688,15.325618498900688,-4.867144723952176,-4.867144723952176,-4.867144723952176,0.0,0.0,0.0,894.6167772081724
2024-10-08,884.1483269162878,616.9946803968049,1117.0357763899437,884.1483269162878,884.1483269162878,-18.65337760445717,-18.65337760445717,-18.65337760445717,-17.592997133764875,-17.592997133764875,-17.592997133764875,-1.0603804706922944,-1.0603804706922944,-1.0603804706922944,0.0,0.0,0.0,865.4949493118306
2024-10-09,884.1383503993517,669.6344768983504,1144.979411305044,884.1383503993517,884.1383503993517,19.696698250936038,19.696698250936038,19.696698250936038,18.187768370956505,18.187768370956505,18.187768370956505,1.5089298799795337,1.5089298799795337,1.5089298799795337,0.0,0.0,0.0,903.8350486502877
2024-10-10,884.1283738824156,641.1621736051792,1136.683406990566,884.1283738824156,884.1283738824156,-2.14942741323132,-2.14942741323132,-2.14942741323132,-4.8461819999395574,-4.8461819999395574,-4.8461819999395574,2.6967545867082374,2.6967545867082374,2.6967545867082374,0.0,0.0,0.0,881.9789464691843
2024-10-11,884.1183973654795,611.8221106077349,1098.3969526214184,884.1183973654795,884.1183973654795,-23.965904396018896,-23.965904396018896,-23.965904396018896,-26.348946947596758,-26.348946947596758,-26.348946947596758,2.3830425515778635,2.3830425515778635,2.3830425515778635,0.0,0.0,0.0,860.1524929694606
2024-10-12,884.1084208485433,655.0797762794633,1139.9708703023257,884.1084208485433,884.1084208485433,5.991512902152155,5.991512902152155,5.991512902152155,5.516960428036549,5.516960428036549,5.516960428036549,0.47455247411560475,0.47455247411560475,0.47455247411560475,0.0,0.0,0.0,890.0999337506955
2024-10-13,884.0984443316072,645.1607521370358,1126.3233391236727,884.0984443316072,884.0984443316072,6.664902033262087,6.664902033262087,6.664902033262087,9.757778783412633,9.757778783412633,9.757778783412633,-3.0928767501505448,-3.0928767501505448,-3.0928767501505448,0.0,0.0,0.0,890.7633463648693
2024-10-14,884.088467814671,639.4269104362074,1128.9037767744037,884.088467814671,884.088467814671,6.972941576144785,6.972941576144785,6.972941576144785,15.325618498880958,15.325618498880958,15.325618498880958,-8.352676922736173,-8.352676922736173,-8.352676922736173,0.0,0.0,0.0,891.0614093908158
2024-10-15,884.078491297735,609.194368344837,1102.951003423059,884.078491297735,884.078491297735,-32.89956854710024,-32.89956854710024,-32.89956854710024,-17.59299713379211,-17.59299713379211,-17.59299713379211,-15.306571413308124,-15.306571413308124,-15.306571413308124,0.0,0.0,0.0,851.1789227506348
2024-10-16,884.0685147807989,629.4938426584179,1119.901908824826,884.0685147807989,884.0685147807989,-5.73653103161378,-5.73653103161378,-5.73653103161378,18.18776837094706,18.18776837094706,18.18776837094706,-23.92429940256084,-23.92429940256084,-23.92429940256084,0.0,0.0,0.0,878.331983749185
2024-10-17,884.0585382638628,578.0183952469331,1098.116833702664,884.0585382638628,884.0585382638628,-38.99024251138026,-38.99024251138026,-38.99024251138026,-4.846182000029617,-4.846182000029617,-4.846182000029617,-34.14406051135065,-34.14406051135065,-34.14406051135065,0.0,0.0,0.0,845.0682957524825
2024-10-18,884.0485617469267,573.1873198413833,1050.0872701588835,884.0485617469267,884.0485617469267,-72.22262670294953,-72.22262670294953,-72.22262670294953,-26.34894694770881,-26.34894694770881,-26.34894694770881,-45.87367975524072,-45.87367975524072,-45.87367975524072,0.0,0.0,0.0,811.8259350439771
2024-10-19,884.0385852299906,566.2968636202554,1067.6752776559797,884.0385852299906,884.0385852299906,-53.475514981149395,-53.475514981149395,-53.475514981149395,5.516960428152497,5.516960428152497,5.516960428152497,-58.992475409301896,-58.992475409301896,-58.992475409301896,0.0,0.0,0.0,830.5630702488412
2024-10-20,884.0286087130545,561.0989679357201,1055.0378013064212,884.0286087130545,884.0286087130545,-63.596016376717124,-63.596016376717124,-63.596016376717124,9.75777878340178,9.75777878340178,9.75777878340178,-73.3537951601189,-73.3537951601189,-73.3537951601189,0.0,0.0,0.0,820.4325923363374
2024-10-21,884.0186321961185,561.1297115082839,1055.0199222058777,884.0186321961185,884.0186321961185,-73.46255079746614,-73.46255079746614,-73.46255079746614,15.325618498862914,15.325618498862914,15.325618498862914,-88.78816929632904,-88.78816929632904,-88.78816929632904,0.0,0.0,0.0,810.5560813986523
2024-10-22,884.0086556791822,520.661507845521,1031.9465952328621,884.0086556791822,884.0086556791822,-122.70001120138161,-122.70001120138161,-122.70001120138161,-17.592997133775423,-17.592997133775423,-17.592997133775423,-105.10701406760619,-105.10701406760619,-105.10701406760619,0.0,0.0,0.0,761.3086444778006
2024-10-23,883.9986791622462,538.581541865732,1036.9368688532936,883.9986791622462,883.9986791622462,-103.91903575934913,-103.91903575934913,-103.91903575934913,18.187768371008247,18.187768371008247,18.187768371008247,-122.10680413035738,-122.10680413035738,-122.10680413035738,0.0,0.0,0.0,780.0796434028971
2024-10-24,883.98870264531,501.4604489451335,969.6381979881761,883.98870264531,883.98870264531,-144.4198025724591,-144.4198025724591,-144.4198025724591,-4.846182000030661,-4.846182000030661,-4.846182000030661,-139.57362057242844,-139.57362057242844,-139.57362057242844,0.0,0.0,0.0,739.568900072851
2024-10-25,883.978726128374,437.86773357312103,946.359201679344,883.978726128374,883.978726128374,-183.6369176529265,-183.6369176529265,-183.6369176529265,-26.348946947641323,-26.348946947641323,-26.348946947641323,-157.2879707052852,-157.2879707052852,-157.2879707052852,0.0,0.0,0.0,700.3418084754475
2024-10-26,883.9687496114378,467.19875631556647,966.9717205869108,883.9687496114378,883.9687496114378,-169.51280748748235,-169.51280748748235,-169.51280748748235,5.516960428122969,5.516960428122969,5.516960428122969,-175.0297679156053,-175.0297679156053,-175.0297679156053,0.0,0.0,0.0,714.4559421239555
2024-10-27,883.9587730945018,469.81939326797027,952.0771734607788,883.9587730945018,883.9587730945018,-182.8255758267009,-182.8255758267009,-182.8255758267009,9.757778783392702,9.757778783392702,9.757778783392702,-192.5833546100936,-192.5833546100936,-192.5833546100936,0.0,0.0,0.0,701.1331972678008
2024-11-01,883.9088905098212,361.7132510006273,831.1001060890991,883.9088905098212,883.9088905098212,-297.2418598090361,-297.2418598090361,-297.2418598090361,-26.348946947663602,-26.348946947663602,-26.348946947663602,-270.8929128613725,-270.8929128613725,-270.8929128613725,0.0,0.0,0.0,586.6670307007851
2024-11-02,883.8989139928851,379.1565578475902,866.9116925788508,883.8989139928851,883.8989139928851,-278.1086984746146,-278.1086984746146,-278.1086984746146,5.516960428093443,5.516960428093443,5.516960428093443,-283.62565890270804,-283.62565890270804,-283.62565890270804,0.0,0.0,0.0,605.7902155182705
2024-11-03,883.888937475949,349.2867207779129,821.1118549049785,883.888937475949,883.888937475949,-285.4037920921633,-285.4037920921633,-285.4037920921633,9.757778783424918,9.757778783424918,9.757778783424918,-295.16157087558827,-295.16157087558827,-295.16157087558827,0.0,0.0,0.0,598.4851453837857
2024-11-04,883.8789609590129,346.2098767216853,856.8863846330737,883.8789609590129,883.8789609590129,-290.1429260441076,-290.1429260441076,-290.1429260441076,15.325618498825134,15.325618498825134,15.325618498825134,-305.4685445429327,-305.4685445429327,-305.4685445429327,0.0,0.0,0.0,593.7360349149053
2024-11-05,883.8689844420768,319.7120978215706,819.3558784925875,883.8689844420768,883.8689844420768,-332.14079827630053,-332.14079827630053,-332.14079827630053,-17.59299713382424,-17.59299713382424,-17.59299713382424,-314.5478011424763,-314.5478011424763,-314.5478011424763,0.0,0.0,0.0,551.7281861657763
2024-11-06,883.8590079251408,331.7860315122697,826.8144264909242,883.8590079251408,883.8590079251408,-304.2459900863568,-304.2459900863568,-304.2459900863568,18.187768370989353,18.187768370989353,18.187768370989353,-322.4337584573461,-322.4337584573461,-322.4337584573461,0.0,0.0,0.0,579.6130178387839
2024-11-07,883.8490314082046,285.7522186338105,797.0895374000921,883.8490314082046,883.8490314082046,-334.03927307051396,-334.03927307051396,-334.03927307051396,-4.846181999915402,-4.846181999915402,-4.846181999915402,-329.1930910705986,-329.1930910705986,-329.1930910705986,0.0,0.0,0.0,549.8097583376907
2024-11-08,883.8390548912686,259.0512454966857,744.7201315973829,883.8390548912686,883.8390548912686,-361.271943049085,-361.271943049085,-361.271943049085,-26.348946947675717,-26.348946947675717,-26.348946947675717,-334.92299610140924,-334.92299610140924,-334.92299610140924,0.0,0.0,0.0,522.5671118421835
2024-11-09,883.8290783743323,324.4208652573547,804.6568004900776,883.8290783743323,883.8290783743323,-334.2317397583485,-334.2317397583485,-334.2317397583485,5.516960428136654,5.516960428136654,5.516960428136654,-339.74870018648517,-339.74870018648517,-339.74870018648517,0.0,0.0,0.0,549.5973386159837
2024-11-10,883.8191018573963,318.72129672834114,798.9411466023654,883.8191018573963,883.8191018573963,-334.062483445757,-334.062483445757,-334.062483445757,9.75777878337454,9.75777878337454,9.75777878337454,-343.8202622291316,-343.8202622291316,-343.8202622291316,0.0,0.0,0.0,549.7566184116392
2024-11-11,883.8091253404601,290.73000387426464,801.7891387979516,883.8091253404601,883.8091253404601,-331.98312551913665,-331.98312551913665,-331.98312551913665,15.32561849890859,15.32561849890859,15.32561849890859,-347.3087440180452,-347.3087440180452,-347.3087440180452,0.0,0.0,0.0,551.8259998213234
2024-11-12,883.7991488235241,275.1761683632136,750.2044690518258,883.7991488235241,883.7991488235241,-367.99483390534306,-367.99483390534306,-367.99483390534306,-17.592997133769288,-17.592997133769288,-17.592997133769288,-350.40183677157376,-350.40183677157376,-350.40183677157376,0.0,0.0,0.0,515.804314918181
2024-11-13,883.789172306588,286.05905616174675,814.3533578083769,883.789172306588,883.789172306588,-335.11127720969034,-335.11127720969034,-335.11127720969034,18.187768371050545,18.187768371050545,18.187768371050545,-353.2990455807409,-353.2990455807409,-353.2990455807409,0.0,0.0,0.0,548.6778950968976
2024-11-14,883.7791957896519,283.21047152257165,778.4513323145685,883.7791957896519,883.7791957896519,-361.0527272450038,-361.0527272450038,-361.0527272450038,-4.846182000005461,-4.846182000005461,-4.846182000005461,-356.2065452449983,-356.2065452449983,-356.2065452449983,0.0,0.0,0.0,522.7264685446481
2024-11-15,883.7692192727158,253.74826105836217,740.1633318353065,883.7692192727158,883.7692192727158,-385.68077676316466,-385.68077676316466,-385.68077676316466,-26.348946947697993,-26.348946947697993,-26.348946947697993,-359.3318298154666,-359.3318298154666,-359.3318298154666,0.0,0.0,0.0,498.0884425095511
2024-11-16,883.7592427557797,267.4372730838993,783.9605409216565,883.7592427557797,883.7592427557797,-357.361323612116,-357.361323612116,-357.361323612116,5.516960427960342,5.516960427960342,5.516960427960342,-362.8782840400763,-362.8782840400763,-362.8782840400763,0.0,0.0,0.0,526.3979191436638
2024-11-17,883.7492662388436,279.79956658811795,771.1028284400645,883.7492662388436,883.7492662388436,-357.2820288984746,-357.2820288984746,-357.2820288984746,9.757778783406762,9.757778783406762,9.757778783406762,-367.03980768188137,-367.03980768188137,-367.03980768188137,0.0,0.0,0.0,526.4672373403689
2024-11-18,883.7392897219074,289.5015286838302,782.1267377169074,883.7392897219074,883.7392897219074,-356.6700047628201,-356.6700047628201,-356.6700047628201,15.325618498890542,15.325618498890542,15.325618498890542,-371.99562326171065,-371.99562326171065,-371.99562326171065,0.0,0.0,0.0,527.0692849590873
2024-11-19,883.7293132049713,248.4089974946976,740.2021017957776,883.7293132049713,883.7293132049713,-395.4983912881181,-395.4983912881181,-395.4983912881181,-17.592997133790867,-17.592997133790867,-17.592997133790867,-377.9053941543272,-377.9053941543272,-377.9053941543272,0.0,0.0,0.0,488.23092191685316
2024-11-20,883.7193366880352,254.7828338282712,762.2288250979237,883.7193366880352,883.7193366880352,-366.7170048396462,-366.7170048396462,-366.7170048396462,18.187768371041095,18.187768371041095,18.187768371041095,-384.9047732106873,-384.9047732106873,-384.9047732106873,0.0,0.0,0.0,517.0023318483891
2024-11-21,883.7093601710991,222.95695875961636,742.0120107302097,883.7093601710991,883.7093601710991,-397.94767433893315,-397.94767433893315,-397.94767433893315,-4.846181999917487,-4.846181999917487,-4.846181999917487,-393.10149233901564,-393.10149233901564,-393.10149233901564,0.0,0.0,0.0,485.76168583216594
2024-11-22,883.699383654163,230.7252030381251,713.2629734042233,883.699383654163,883.699383654163,-428.9210379286772,-428.9210379286772,-428.9210379286772,-26.348946947720275,-26.348946947720275,-26.348946947720275,-402.5720909809569,-402.5720909809569,-402.5720909809569,0.0,0.0,0.0,454.77834572548574
2024-11-23,883.6894071372269,242.39880864944493,719.4929041213189,883.6894071372269,883.6894071372269,-407.84240602963155,-407.84240602963155,-407.84240602963155,5.5169604280762865,5.5169604280762865,5.5169604280762865,-413.3593664577078,-413.3593664577078,-413.3593664577078,0.0,0.0,0.0,475.84700110759536
2024-11-24,883.6794306202908,227.25326959009945,707.9279908486953,883.6794306202908,883.6794306202908,-415.71283331622453,-415.71283331622453,-415.71283331622453,9.757778783438985,9.757778783438985,9.757778783438985,-425.4706120996635,-425.4706120996635,-425.4706120996635,0.0,0.0,0.0,467.9665973040662
2024-11-25,883.6694541033547,210.10779191947844,713.4757772476373,883.6694541033547,883.6694541033547,-423.55107182051876,-423.55107182051876,-423.55107182051876,15.325618498872496,15.325618498872496,15.325618498872496,-438.8766903193912,-438.8766903193912,-438.8766903193912,0.0,0.0,0.0,460.11838228283597
2024-11-26,883.6594775864185,185.17717882431876,647.3753755283019,883.6594775864185,883.6594775864185,-471.104964936321,-471.104964936321,-471.104964936321,-17.592997133774183,-17.592997133774183,-17.592997133774183,-453.51196780254685,-453.51196780254685,-453.51196780254685,0.0,0.0,0.0,412.5545126500975
2024-11-27,883.6495010694824,207.04587727960504,676.9585327032706,883.6495010694824,883.6495010694824,-451.0873508920829,-451.0873508920829,-451.0873508920829,18.187768371065754,18.187768371065754,18.187768371065754,-469.2751192631487,-469.2751192631487,-469.2751192631487,0.0,0.0,0.0,432.56215017739953
2024-12-01,883.6095950017381,94.27047291471375,607.9309412552172,883.6095950017381,883.6095950017381,-530.6882676610182,-530.6882676610182,-530.6882676610182,9.757778783429906,9.757778783429906,9.757778783429906,-540.4460464444481,-540.4460464444481,-540.4460464444481,0.0,0.0,0.0,352.9213273407198
2024-12-02,883.5996184848019,104.37725238425345,589.4068579683686,883.5996184848019,883.5996184848019,-543.91406517247,-543.91406517247,-543.91406517247,15.325618498955947,15.325618498955947,15.325618498955947,-559.239683671426,-559.239683671426,-559.239683671426,0.0,0.0,0.0,339.6855533123319
2024-12-03,883.5896419678659,26.667966537091676,523.2210310400682,883.5896419678659,883.5896419678659,-595.5432771048397,-595.5432771048397,-595.5432771048397,-17.592997133757496,-17.592997133757496,-17.592997133757496,-577.9502799710822,-577.9502799710822,-577.9502799710822,0.0,0.0,0.0,288.04636486302616
2024-12-04,883.5796654509297,69.27372019230872,548.7187498216935,883.5796654509297,883.5796654509297,-578.1263301379308,-578.1263301379308,-578.1263301379308,18.187768370985673,18.187768370985673,18.187768370985673,-596.3140985089166,-596.3140985089166,-596.3140985089166,0.0,0.0,0.0,305.4533353129989
2024-12-05,883.5696889339936,-0.9111645630714952,508.0197332745079,883.5696889339936,883.5696889339936,-618.9098082419745,-618.9098082419745,-618.9098082419745,-4.846181999802228,-4.846181999802228,-4.846181999802228,-614.0636262421723,-614.0636262421723,-614.0636262421723,0.0,0.0,0.0,264.6598806920191
2024-12-06,883.5597124170574,-31.13813251415048,466.27761316390297,883.5597124170574,883.5597124170574,-657.2822918305166,-657.2822918305166,-657.2822918305166,-26.348946947675078,-26.348946947675078,-26.348946947675078,-630.9333448828415,-630.9333448828415,-630.9333448828415,0.0,0.0,0.0,226.27742058654087
2024-12-07,883.5497359001214,-23.780073250683223,480.58891547408217,883.5497359001214,883.5497359001214,-641.1485237995661,-641.1485237995661,-641.1485237995661,5.516960428089972,5.516960428089972,5.516960428089972,-646.6654842276561,-646.6654842276561,-646.6654842276561,0.0,0.0,0.0,242.4012121005553
2024-12-08,883.5397593831852,-19.311465492148965,497.8363994292623,883.5397593831852,883.5397593831852,-651.2578437244968,-651.2578437244968,-651.2578437244968,9.757778783460346,9.757778783460346,9.757778783460346,-661.015622507957,-661.015622507957,-661.015622507957,0.0,0.0,0.0,232.2819156586885
2024-12-09,883.5297828662492,-23.223905296791543,456.6395356324132,883.5297828662492,883.5297828662492,-658.4323835484232,-658.4323835484232,-658.4323835484232,15.32561849893622,15.32561849893622,15.32561849893622,-673.7580020473595,-673.7580020473595,-673.7580020473595,0.0,0.0,0.0,225.097399317826
2024-12-10,883.5198063493131,-69.47679650157278,422.31850996205907,883.5198063493131,883.5198063493131,-702.2834324927295,-702.2834324927295,-702.2834324927295,-17.59299713374081,-17.59299713374081,-17.59299713374081,-684.6904353589888,-684.6904353589888,-684.6904353589888,0.0,0.0,0.0,181.23637385658355
2024-12-11,883.509829832377,-34.000478193532494,457.08303778076316,883.509829832377,883.509829832377,-675.4509183223454,-675.4509183223454,-675.4509183223454,18.187768371046865,18.187768371046865,18.187768371046865,-693.6386866933923,-693.6386866933923,-693.6386866933923,0.0,0.0,0.0,208.05891151003163
2024-12-12,883.4998533154409,-73.27722313951078,445.96295369184,883.4998533154409,883.4998533154409,-705.3064087193601,-705.3064087193601,-705.3064087193601,-4.846181999892287,-4.846181999892287,-4.846181999892287,-700.4602267194679,-700.4602267194679,-700.4602267194679,0.0,0.0,0.0,178.19344459608078
2024-12-13,883.4898767985048,-102.55805341401582,417.94164020034555,883.4898767985048,883.4898767985048,-731.3962201126764,-731.3962201126764,-731.3962201126764,-26.348946947687182,-26.348946947687182,-26.348946947687182,-705.0472731649892,-705.0472731649892,-705.0472731649892,0.0,0.0,0.0,152.09365668582848
2024-12-14,883.4799002815686,-53.972074731408696,426.84340722267314,883.4799002815686,883.4799002815686,-701.8120870574595,-701.8120870574595,-701.8120870574595,5.516960428133181,5.516960428133181,5.516960428133181,-707.3290474855927,-707.3290474855927,-707.3290474855927,0.0,0.0,0.0,181.66781322410907
2024-12-15,883.4699237646325,-59.761578724854154,439.92849807769943,883.4699237646325,883.4699237646325,-697.5154177582438,-697.5154177582438,-697.5154177582438,9.757778783409968,9.757778783409968,9.757778783409968,-707.2731965416536,-707.2731965416536,-707.2731965416536,0.0,0.0,0.0,185.95450600638878
2024-12-16,883.4599472476964,-42.8696851967848,424.1132049912647,883.4599472476964,883.4599472476964,-689.5607298713923,-689.5607298713923,-689.5607298713923,15.325618498919857,15.325618498919857,15.325618498919857,-704.8863483703121,-704.8863483703121,-704.8863483703121,0.0,0.0,0.0,193.89921737630414
2024-12-17,883.4499707307604,-86.98580800595772,386.51509795536936,883.4499707307604,883.4499707307604,-717.8067890806878,-717.8067890806878,-717.8067890806878,-17.592997133762392,-17.592997133762392,-17.592997133762392,-700.2137919469254,-700.2137919469254,-700.2137919469254,0.0,0.0,0.0,165.6431816500725
2024-12-18,883.4399942138242,-21.2072500745701,454.1745652213992,883.4399942138242,883.4399942138242,-675.1505234496908,-675.1505234496908,-675.1505234496908,18.187768371037414,18.187768371037414,18.187768371037414,-693.3382918207283,-693.3382918207283,-693.3382918207283,0.0,0.0,0.0,208.2894707641334
2024-12-19,883.4300176968882,-59.090681967111976,436.9862823684398,883.4300176968882,883.4300176968882,-689.2242511647152,-689.2242511647152,-689.2242511647152,-4.846181999982347,-4.846181999982347,-4.846181999982347,-684.3780691647328,-684.3780691647328,-684.3780691647328,0.0,0.0,0.0,194.20576653217302
2024-12-20,883.420041179952,-71.2395773091125,430.00981253133716,883.420041179952,883.420041179952,-699.8329475391329,-699.8329475391329,-699.8329475391329,-26.348946947619705,-26.348946947619705,-26.348946947619705,-673.4840005915133,-673.4840005915133,-673.4840005915133,0.0,0.0,0.0,183.58709364081915
2024-12-21,883.410064663016,-27.347341105464842,476.4693812076351,883.410064663016,883.410064663016,-655.3191441406724,-655.3191441406724,-655.3191441406724,5.516960428176391,5.516960428176391,5.516960428176391,-660.8361045688488,-660.8361045688488,-660.8361045688488,0.0,0.0,0.0,228.0909205223436
2024-12-22,883.4000881460798,2.8613390055179657,501.7369982435064,883.4000881460798,883.4000881460798,-636.8816231871189,-636.8816231871189,-636.8816231871189,9.757778783400893,9.757778783400893,9.757778783400893,-646.6394019705198,-646.6394019705198,-646.6394019705198,0.0,0.0,0.0,246.51846495896098
2024-12-23,883.3901116291437,31.486017876496156,521.7522340874494,883.3901116291437,883.3901116291437,-615.7936333150985,-615.7936333150985,-615.7936333150985,15.325618498900129,15.325618498900129,15.325618498900129,-631.1192518139986,-631.1192518139986,-631.1192518139986,0.0,0.0,0.0,267.59647831404516
2024-12-24,883.3801351122075,-22.955225853631255,506.10199682169554,883.3801351122075,883.3801351122075,-632.1092723546965,-632.1092723546965,-632.1092723546965,-17.592997133789627,-17.592997133789627,-17.592997133789627,-614.5162752209069,-614.5162752209069,-614.5162752209069,0.0,0.0,0.0,251.27086275751105
2024-12-25,883.3701585952715,31.76039690485932,564.1222336954789,883.3701585952715,883.3701585952715,-578.8932214303892,-578.8932214303892,-578.8932214303892,18.187768371027968,18.187768371027968,18.187768371027968,-597.0809898014171,-597.0809898014171,-597.0809898014171,0.0,0.0,0.0,304.4769371648823
2024-12-26,883.3601820783354,68.39692311783435,564.0345810844558,883.3601820783354,883.3601820783354,-583.9144648023581,-583.9144648023581,-583.9144648023581,-4.846181999894374,-4.846181999894374,-4.846181999894374,-579.0682828024637,-579.0682828024637,-579.0682828024637,0.0,0.0,0.0,299.44571727597724
2024-12-27,883.3502055613993,31.688317744189675,565.9299510449548,883.3502055613993,883.3502055613993,-587.0808012828717,-587.0808012828717,-587.0808012828717,-26.348946947731744,-26.348946947731744,-26.348946947731744,-560.7318543351399,-560.7318543351399,-560.7318543351399,0.0,0.0,0.0,296.26940427852765
2024-12-28,883.3402290444632,93.14746311965138,581.9576954947012,883.3402290444632,883.3402290444632,-536.8018013246931,-536.8018013246931,-536.8018013246931,5.5169604281468665,5.5169604281468665,5.5169604281468665,-542.3187617528399,-542.3187617528399,-542.3187617528399,0.0,0.0,0.0,346.5384277197701
2024-12-29,883.3302525275271,118.61141540023131,611.2779012756519,883.3302525275271,883.3302525275271,-514.3064140330684,-514.3064140330684,-514.3064140330684,9.757778783390036,9.757778783390036,9.757778783390036,-524.0641928164584,-524.0641928164584,-524.0641928164584,0.0,0.0,0.0,369.0238384944587
2024-12-30,883.320276010591,145.70245498334057,641.7097986829285,883.320276010591,883.320276010591,-490.86097026209507,-490.86097026209507,-490.86097026209507,15.325618498880399,15.325618498880399,15.325618498880399,-506.18658876097544,-506.18658876097544,-506.18658876097544,0.0,0.0,0.0,392.4593057484959
2024-12-31,883.310299493655,128.15716473455245,638.5455470334686,883.310299493655,883.310299493655,-506.4762260854185,-506.4762260854185,-506.4762260854185,-17.59299713381121,-17.59299713381121,-17.59299713381121,-488.88322895160735,-488.88322895160735,-488.88322895160735,0.0,0.0,0.0,376.83407340823646
2025-01-01,883.3003229767187,178.9817593427463,679.9132868439827,883.3003229767187,883.3003229767187,-454.1386083668578,-454.1386083668578,-454.1386083668578,18.187768371018525,18.187768371018525,18.187768371018525,-472.32637673787633,-472.32637673787633,-472.32637673787633,0.0,0.0,0.0,429.1617146098609
2025-01-02,883.2903464597827,181.1704183191222,673.2120645558999,883.2903464597827,883.2903464597827,-461.5062537044917,-461.5062537044917,-461.5062537044917,-4.846181999984432,-4.846181999984432,-4.846181999984432,-456.6600717045073,-456.6600717045073,-456.6600717045073,0.0,0.0,0.0,421.78409275529094
2025-01-03,883.2803699428465,171.01251890706573,639.4268578240215,883.2803699428465,883.2803699428465,-468.3465840955242,-468.3465840955242,-468.3465840955242,-26.348946947664263,-26.348946947664263,-26.348946947664263,-441.9976371478599,-441.9976371478599,-441.9976371478599,0.0,0.0,0.0,414.9337858473223
2025-01-04,883.2703934259104,215.59585372274051,710.0538307268381,883.2703934259104,883.2703934259104,-422.9029932695691,-422.9029932695691,-422.9029932695691,5.51696042804329,5.51696042804329,5.51696042804329,-428.41995369761236,-428.41995369761236,-428.41995369761236,0.0,0.0,0.0,460.36740015634126
2025-01-05,883.2604169089743,228.42226305914147,725.5367260389119,883.2604169089743,883.2604169089743,-406.21675222970924,-406.21675222970924,-406.21675222970924,9.757778783422257,9.757778783422257,9.757778783422257,-415.97453101313147,-415.97453101313147,-415.97453101313147,0.0,0.0,0.0,477.0436646792651
2025-01-06,883.2504403920382,226.80043687102503,733.6303325693414,883.2504403920382,883.2504403920382,-389.34977138960556,-389.34977138960556,-389.34977138960556,15.325618498864031,15.325618498864031,15.325618498864031,-404.6753898884695,-404.6753898884695,-404.6753898884695,0.0,0.0,0.0,493.9006690024326
2025-01-07,883.2404638751021,229.42028441853367,699.748970349601,883.2404638751021,883.2404638751021,-412.0967445266325,-412.0967445266325,-412.0967445266325,-17.592997133756256,-17.592997133756256,-17.592997133756256,-394.5037473928763,-394.5037473928763,-394.5037473928763,0.0,0.0,0.0,471.14371934846963
2025-01-08,883.230487358166,273.13199218651056,761.7842608955351,883.230487358166,883.230487358166,-367.2217099680321,-367.2217099680321,-367.2217099680321,18.18776837097254,18.18776837097254,18.18776837097254,-385.4094783390046,-385.4094783390046,-385.4094783390046,0.0,0.0,0.0,516.0087773901339
2025-01-09,883.22051084123,271.46833195028967,752.5885515967419,883.22051084123,883.22051084123,-382.15948988899703,-382.15948988899703,-382.15948988899703,-4.846181999868132,-4.846181999868132,-4.846181999868132,-377.3133078891289,-377.3133078891289,-377.3133078891289,0.0,0.0,0.0,501.0610209522329
2025-01-10,883.2105343242937,210.24243294937307,744.377104634095,883.2105343242937,883.2105351975789,-396.45861987284076,-396.45861987284076,-396.45861987284076,-26.348946947596776,-26.348946947596776,-26.348946947596776,-370.10967292524396,-370.10967292524396,-370.10967292524396,0.0,0.0,0.0,486.75191445145293
2025-01-11,883.2005578073577,263.5501426634867,783.3511122771404,883.2005578073577,883.2005652138608,-358.15321390851466,-358.15321390851466,-358.15321390851466,5.516960428013764,5.516960428013764,5.516960428013764,-363.6701743365284,-363.6701743365284,-363.6701743365284,0.0,0.0,0.0,525.047343898843
2025-01-12,883.1905812904215,311.88630410472973,769.9738704373528,883.1905812533108,883.1906035064712,-348.0897501985473,-348.0897501985473,-348.0897501985473,9.757778783413178,9.757778783413178,9.757778783413178,-357.8475289819604,-357.8475289819604,-357.8475289819604,0.0,0.0,0.0,535.1008310918742
2025-01-13,883.1806047734855,298.05707637635004,795.1903495709123,883.1806010100222,883.1806357342607,-337.15430057629226,-337.15430057629226,-337.15430057629226,15.325618498844303,15.325618498844303,15.325618498844303,-352.4799190751366,-352.4799190751366,-352.4799190751366,0.0,0.0,0.0,546.0263041971932
2025-01-14,883.1706282565493,256.06075746898125,774.9963235880963,883.1706169661597,883.1706645882463,-364.988625495969,-364.988625495969,-364.988625495969,-17.592997133777835,-17.592997133777835,-17.592997133777835,-347.39562836219113,-347.39562836219113,-347.39562836219113,0.0,0.0,0.0,518.1820027605803
2025-01-15,883.1606517396133,305.20141280091553,814.835413083958,883.1606313396331,883.1607016588785,-324.2300805233172,-324.2300805233172,-324.2300805233172,18.187768370963095,18.187768370963095,18.187768370963095,-342.41784889428027,-342.41784889428027,-342.41784889428027,0.0,0.0,0.0,558.9305712162961
2025-01-16,883.1506752226771,293.779587296131,788.626904232021,883.1506479566528,883.1507374085973,-342.21572154376076,-342.21572154376076,-342.21572154376076,-4.846181999958191,-4.846181999958191,-4.846181999958191,-337.36953954380255,-337.36953954380255,-337.36953954380255,0.0,0.0,0.0,540.9349536789164
2025-01-17,883.1406987057411,270.24298597982295,767.2168450487763,883.1406650808384,883.140773113391,-358.42716465338765,-358.42716465338765,-358.42716465338765,-26.348946947708825,-26.348946947708825,-26.348946947708825,-332.07821770567887,-332.07821770567887,-332.07821770567887,0.0,0.0,0.0,524.7135340523535
2025-01-18,883.130722188805,312.6375039708367,790.1690639678424,883.1306827509375,883.1308028459415,-320.863608390736,-320.863608390736,-320.863608390736,5.516960428202446,5.516960428202446,5.516960428202446,-326.3805688189384,-326.3805688189384,-326.3805688189384,0.0,0.0,0.0,562.267113798069
2025-01-19,883.1207456718688,323.8678556444197,812.7008890780296,883.1206977177776,883.1208350605812,-310.36898553974265,-310.36898553974265,-310.36898553974265,9.757778783404099,9.757778783404099,9.757778783404099,-320.12676432314674,-320.12676432314674,-320.12676432314674,0.0,0.0,0.0,572.7517601321262
2025-01-20,883.1107691549327,317.9996781117001,827.963162916057,883.1107158679857,883.1108745612812,-297.85876874658527,-297.85876874658527,-297.85876874658527,15.325618498927758,15.325618498927758,15.325618498927758,-313.184387245513,-313.184387245513,-313.184387245513,0.0,0.0,0.0,585.2520004083474
2025-01-21,883.1007926379966,308.39406094411294,823.9913097667314,883.1007355692813,883.1009060154288,-323.0348726813565,-323.0348726813565,-323.0348726813565,-17.592997133799418,-17.592997133799418,-17.592997133799418,-305.4418755475571,-305.4418755475571,-305.4418755475571,0.0,0.0,0.0,560.0659199566401
2025-01-22,883.0908161210605,383.9492911657172,834.9669416198749,883.0907452694684,883.0909376888761,-278.62363797401485,-278.62363797401485,-278.62363797401485,18.187768371024287,18.187768371024287,18.187768371024287,-296.81140634503913,-296.81140634503913,-296.81140634503913,0.0,0.0,0.0,604.4671781470456
2025-01-23,883.0808396041244,328.53230131493285,838.2388163816959,883.08076093776,883.0809759183219,-292.0773407969288,-292.0773407969288,-292.0773407969288,-4.846181999959235,-4.846181999959235,-4.846181999959235,-287.23115879696957,-287.23115879696957,-287.23115879696957,0.0,0.0,0.0,591.0034988071957
2025-01-24,883.0708630871883,337.5882969500024,852.3394221815114,883.0707749616929,883.0710317722535,-303.0158564002972,-303.0158564002972,-303.0158564002972,-26.348946947641338,-26.348946947641338,-26.348946947641338,-276.66690945265583,-276.66690945265583,-276.66690945265583,0.0,0.0,0.0,580.0550066868911
2025-01-25,883.0608865702523,384.5447600999128,866.5044930139152,883.0607839815713,883.0610755973571,-259.595970303721,-259.595970303721,-259.595970303721,5.516960428026134,5.516960428026134,5.516960428026134,-265.1129307317471,-265.1129307317471,-265.1129307317471,0.0,0.0,0.0,623.4649162665312
2025-01-26,883.0509100533161,398.1437212106351,892.9612857870633,883.050788680461,883.0511236280413,-242.8344017761791,-242.8344017761791,-242.8344017761791,9.757778783395018,9.757778783395018,9.757778783395018,-252.59218055957413,-252.59218055957413,-252.59218055957413,0.0,0.0,0.0,640.216508277137
2025-01-27,883.0409335363801,411.18506480916363,908.715388022821,883.0408001140291,883.0411749937067,-223.8301700513144,-223.8301700513144,-223.8301700513144,15.325618498908026,15.325618498908026,15.325618498908026,-239.15578855022244,-239.15578855022244,-239.15578855022244,0.0,0.0,0.0,659.2107634850656
2025-01-28,883.0309570194438,384.0008429110625,894.32450758215,883.0308058918266,883.0312104291331,-242.47485822290403,-242.47485822290403,-242.47485822290403,-17.592997133744465,-17.592997133744465,-17.592997133744465,-224.8818610891596,-224.8818610891596,-224.8818610891596,0.0,0.0,0.0,640.5560987965398
2025-01-29,883.0209805025078,445.95070303091563,936.4201815752596,883.0208065201803,883.0212483128473,-191.68587543448632,-191.68587543448632,-191.68587543448632,18.187768370944205,18.187768370944205,18.187768370944205,-209.8736438054305,-209.8736438054305,-209.8736438054305,0.0,0.0,0.0,691.3351050680214
2025-01-30,883.0110039855716,427.2676218066952,939.7021246395482,883.0108118832447,883.0112876853901,-199.1032768458159,-199.1032768458159,-199.1032768458159,-4.846181999960278,-4.846181999960278,-4.846181999960278,-194.25709484585562,-194.25709484585562,-194.25709484585562,0.0,0.0,0.0,683.9077271397557
2025-01-31,883.0010274686356,445.7814825827268,939.1809649629466,883.0008186143015,883.0013313597653,-204.5268826749483,-204.5268826749483,-204.5268826749483,-26.34894694765345,-26.34894694765345,-26.34894694765345,-178.17793572729485,-178.17793572729485,-178.17793572729485,0.0,0.0,0.0,678.4741447936873
2025-02-01,882.9910509516994,469.8278701308454,985.5234750231771,882.9908272852156,882.9913757279734,-156.28129760765157,-156.28129760765157,-156.28129760765157,5.516960428069344,5.516960428069344,5.516960428069344,-161.7982580357209,-161.7982580357209,-161.7982580357209,0.0,0.0,0.0,726.7097533440478
2025-02-02,882.9810744347634,503.9899080177802,1009.4604568321565,882.9808421442822,882.9814162671545,-135.53499482972072,-135.53499482972072,-135.53499482972072,9.757778783427241,9.757778783427241,9.757778783427241,-145.29277361314794,-145.29277361314794,-145.29277361314794,0.0,0.0,0.0,747.4460796050427
2025-02-03,882.9710979178273,504.37391488982286,1008.7712441287578,882.9708418271192,882.9714553477568,-113.51918443164253,-113.51918443164253,-113.51918443164253,15.325618498889984,15.325618498889984,15.325618498889984,-128.84480293053252,-128.84480293053252,-128.84480293053252,0.0,0.0,0.0,769.4519134861847
2025-02-04,882.9611214008912,497.51313690242137,1002.4910950530073,882.9608475616297,882.9614959949255,-130.23509808261187,-130.23509808261187,-130.23509808261187,-17.592997133809966,-17.592997133809966,-17.592997133809966,-112.64210094880193,-112.64210094880193,-112.64210094880193,0.0,0.0,0.0,752.7260233182793
2025-02-05,882.9511448839551,553.9383649303328,1056.4026862417493,882.9508479777896,882.9515403074932,-78.68485348862171,-78.68485348862171,-78.68485348862171,18.187768370968865,18.187768370968865,18.187768370968865,-96.8726218595906,-96.8726218595906,-96.8726218595906,0.0,0.0,0.0,804.2662913953334
2025-02-06,882.9411683670189,555.2730169986977,1029.607810354897,882.940857892005,882.9415970094265,-86.56650566046335,-86.56650566046335,-86.56650566046335,-4.84618199996132,-4.84618199996132,-4.84618199996132,-81.72032366050203,-81.72032366050203,-81.72032366050203,0.0,0.0,0.0,796.3746627065556
2025-02-07,882.9311918500828,553.5337506278663,1047.5858571405956,882.9308636698025,882.9316351367179,-93.71005757006995,-93.71005757006995,-93.71005757006995,-26.348946947585965,-26.348946947585965,-26.348946947585965,-67.36111062248399,-67.36111062248399,-67.36111062248399,0.0,0.0,0.0,789.2211342800128
2025-02-08,882.9212153331467,583.5859787253215,1067.414379026177,882.9208684558141,882.9216921088014,-48.442046040148846,-48.442046040148846,-48.442046040148846,5.516960428039817,5.516960428039817,5.516960428039817,-53.95900646818867,-53.95900646818867,-53.95900646818867,0.0,0.0,0.0,834.4791692929979
2025-02-09,882.9112388162106,615.670656692974,1091.7472865560799,882.9108735496668,882.9117350199739,-31.904864893480088,-31.904864893480088,-31.904864893480088,9.757778783376862,9.757778783376862,9.757778783376862,-41.66264367685695,-41.66264367685695,-41.66264367685695,0.0,0.0,0.0,851.0063739227305
2025-02-10,882.9012622992745,621.0595883080066,1119.407265052417,882.9008771557994,882.9017735789962,-15.276526498452366,-15.276526498452366,-15.276526498452366,15.325618498871934,15.325618498871934,15.325618498871934,-30.6021449973243,-30.6021449973243,-30.6021449973243,0.0,0.0,0.0,867.6247358008222
2025-02-11,882.8912857823384,602.7881388997515,1097.328307785429,882.8908814333785,882.8918356553976,-38.47945938709703,-38.47945938709703,-38.47945938709703,-17.592997133755013,-17.592997133755013,-17.592997133755013,-20.88646225334201,-20.88646225334201,-20.88646225334201,0.0,0.0,0.0,844.4118263952414
2025-02-12,882.8813092654024,627.0191077392501,1154.0264832553858,882.8808833538814,882.8818824881747,5.586543188658835,5.586543188658835,5.586543188658835,18.187768370959418,18.187768370959418,18.187768370959418,-12.601225182300583,-12.601225182300583,-12.601225182300583,0.0,0.0,0.0,888.4678524540612
2025-02-13,882.8713327484662,619.964779717639,1119.5395350533395,882.8708791231397,882.8719244929165,-10.653321692046452,-10.653321692046452,-10.653321692046452,-4.846182000051379,-4.846182000051379,-4.846182000051379,-5.807139691995072,-5.807139691995072,-5.807139691995072,0.0,0.0,0.0,872.2180110564198
2025-02-14,882.8613562315302,611.4612381037572,1114.9707946525082,882.8608795826539,882.8619664976585,-26.887907857227592,-26.887907857227592,-26.887907857227592,-26.34894694760824,-26.34894694760824,-26.34894694760824,-0.5389609096193495,-0.5389609096193495,-0.5389609096193495,0.0,0.0,0.0,855.9734483743026
2025-02-15,882.8513797145939,648.9228374202651,1144.0701969012819,882.8508826613792,882.8520199235967,8.711908330430616,8.711908330430616,8.711908330430616,5.516960428010293,5.516960428010293,5.516960428010293,3.1949479024203224,3.1949479024203224,3.1949479024203224,0.0,0.0,0.0,891.5632880450245
2025-02-16,882.8414031976578,637.9715351127645,1127.8431351944182,882.8408797380263,882.8420602356913,15.170252497622268,15.170252497622268,15.170252497622268,9.757778783407305,9.757778783407305,9.757778783407305,5.412473714214962,5.412473714214962,5.412473714214962,0.0,0.0,0.0,898.0116556952801
2025-02-17,882.8314266807217,665.0127311739934,1159.0365623849946,882.8308740681316,882.8321078523929,21.482664823548394,21.482664823548394,21.482664823548394,15.325618498853888,15.325618498853888,15.325618498853888,6.157046324694507,6.157046324694507,6.157046324694507,0.0,0.0,0.0,904.3140915042701
2025-02-18,882.8214501637856,626.3228646292459,1111.9807008406628,882.8208821490823,882.8221567162606,-12.096601970534408,-12.096601970534408,-12.096601970534408,-17.592997133776596,-17.592997133776596,-17.592997133776596,5.4963951632421875,5.4963951632421875,5.4963951632421875,0.0,0.0,0.0,870.7248481932512
2025-02-19,882.8114736468495,664.7819026710233,1166.8953235463155,882.8108889107474,882.8122065354404,21.708580602634036,21.708580602634036,21.708580602634036,18.187768371020606,18.187768371020606,18.187768371020606,3.520812231613426,3.520812231613426,3.520812231613426,0.0,0.0,0.0,904.5200542494836
2025-02-20,882.8014971299134,633.2856758305663,1114.997118268907,882.8008884330978,882.8022718844015,-4.505208264397689,-4.505208264397689,-4.505208264397689,-4.846181999963406,-4.846181999963406,-4.846181999963406,0.3409737355657169,0.3409737355657169,0.3409737355657169,0.0,0.0,0.0,878.2962888655157
2025-02-21,882.7915206129774,622.113584906179,1103.086877880636,882.7908772448039,882.7923320008036,-30.263564953139912,-30.263564953139912,-30.263564953139912,-26.34894694771012,-26.34894694771012,-26.34894694771012,-3.914618005429791,-3.914618005429791,-3.914618005429791,0.0,0.0,0.0,852.5279556598374
2025-02-22,882.7815440960412,627.7662471623667,1128.4390071171497,882.7808685272261,882.7823839896388,-3.585543077852171,-3.585543077852171,-3.585543077852171,5.5169604281262385,5.5169604281262385,5.5169604281262385,-9.10250350597841,-9.10250350597841,-9.10250350597841,0.0,0.0,0.0,879.196001018189
2025-02-23,882.7715675791052,650.2835685684526,1115.3652577458683,882.7708598096485,882.7724254530866,-5.3095928909709285,-5.3095928909709285,-5.3095928909709285,9.757778783398226,9.757778783398226,9.757778783398226,-15.067371674369156,-15.067371674369156,-15.067371674369156,0.0,0.0,0.0,877.4619746881342
2025-02-24,882.7615910621689,645.7906452458337,1129.869216339392,882.7608737040235,882.7624743274331,-6.319705839252916,-6.319705839252916,-6.319705839252916,15.325618498834157,15.325618498834157,15.325618498834157,-21.64532433808707,-21.64532433808707,-21.64532433808707,0.0,0.0,0.0,876.441885222916
2025-02-25,882.7516145452329,580.8146073385942,1089.208784567729,882.7508724424712,882.7525316094421,-46.26021783210315,-46.26021783210315,-46.26021783210315,-17.59299713375991,-17.59299713375991,-17.59299713375991,-28.667220698343247,-28.667220698343247,-28.667220698343247,0.0,0.0,0.0,836.4913967131297
