ds,trend,yhat_lower,yhat_upper,trend_lower,trend_upper,additive_terms,additive_terms_lower,additive_terms_upper,weekly,weekly_lower,weekly_upper,yearly,yearly_lower,yearly_upper,multiplicative_terms,multiplicative_terms_lower,multiplicative_terms_upper,yhat
2020-01-01,24.04457,5.225650970252685,17.51489150233469,24.04457,24.04457,-12.531092563935463,-12.531092563935463,-12.531092563935463,0.36678124822281,0.36678124822281,0.36678124822281,-12.897873812158272,-12.897873812158272,-12.897873812158272,0.0,0.0,0.0,11.513477436064537
2020-01-02,24.044216825740943,4.882204773214809,17.81137162381657,24.044216825740943,24.044216825740943,-12.496018551490549,-12.496018551490549,-12.496018551490549,-0.06047854999956889,-0.06047854999956889,-0.06047854999956889,-12.43554000149098,-12.43554000149098,-12.43554000149098,0.0,0.0,0.0,11.548198274250394
2020-01-03,24.04386365148189,5.017396584346913,17.864077845271822,24.04386365148189,24.04386365148189,-12.460094483188007,-12.460094483188007,-12.460094483188007,-0.4601149520229646,-0.4601149520229646,-0.4601149520229646,-11.999979531165044,-11.999979531165044,-11.999979531165044,0.0,0.0,0.0,11.583769168293882
2020-01-04,24.04351047722283,6.16324478246277,19.10389780492187,24.04351047722283,24.04351047722283,-11.533111257930479,-11.533111257930479,-11.533111257930479,0.06142651573398831,0.06142651573398831,0.06142651573398831,-11.594537773664468,-11.594537773664468,-11.594537773664468,0.0,0.0,0.0,12.510399219292353
2020-01-05,24.043157302963778,6.691365657868189,19.155667162925536,24.043157302963778,24.043157302963778,-10.94405152309665,-10.94405152309665,-10.94405152309665,0.277565918499201,0.277565918499201,0.277565918499201,-11.221617441595852,-11.221617441595852,-11.221617441595852,0.0,0.0,0.0,13.099105779867127
2020-01-06,24.04280412870472,7.25659510370164,19.512191565583578,24.04280412870472,24.04280412870472,-10.515897868024176,-10.515897868024176,-10.515897868024176,0.3667490234008618,0.3667490234008618,0.3667490234008618,-10.882646891425036,-10.882646891425036,-10.882646891425036,0.0,0.0,0.0,13.526906260680544
2020-01-07,24.042450954445666,6.760483082290813,19.48431010544646,24.042450954445666,24.042450954445666,-11.130001425804696,-11.130001425804696,-11.130001425804696,-0.5519292038358069,-0.5519292038358069,-0.5519292038358069,-10.578072221968888,-10.578072221968888,-10.578072221968888,0.0,0.0,0.0,12.91244952864097
2020-01-08,24.04209778018661,7.519435876127928,20.03672871264805,24.04209778018661,24.04209778018661,-9.940591875764236,-9.940591875764236,-9.940591875764236,0.36678124822413477,0.36678124822413477,0.36678124822413477,-10.307373123988372,-10.307373123988372,-10.307373123988372,0.0,0.0,0.0,14.101505904422373
2020-01-09,24.04174460592755,7.318191974143238,20.382197059469203,24.04174460592755,24.04174460592755,-10.129580407958416,-10.129580407958416,-10.129580407958416,-0.060478549999525934,-0.060478549999525934,-0.060478549999525934,-10.069101857958891,-10.069101857958891,-10.069101857958891,0.0,0.0,0.0,13.912164197969135
2020-01-10,24.041391431668497,7.9520693224057455,20.047097974569244,24.041391431668497,24.041391431668497,-10.321059129351553,-10.321059129351553,-10.321059129351553,-0.4601149520207219,-0.4601149520207219,-0.4601149520207219,-9.860944177330833,-9.860944177330833,-9.860944177330833,0.0,0.0,0.0,13.720332302316944
2020-01-11,24.04103825740944,8.020214792190755,20.795866351813203,24.04103825740944,24.04103825740944,-9.618373972526951,-9.618373972526951,-9.618373972526951,0.06142651573311261,0.06142651573311261,0.06142651573311261,-9.679800488260065,-9.679800488260065,-9.679800488260065,0.0,0.0,0.0,14.422664284882488
2020-01-12,24.040685083150386,9.0734915792036,21.37858438521781,24.040685083150386,24.040685083150386,-9.24431913823354,-9.24431913823354,-9.24431913823354,0.2775659184989717,0.2775659184989717,0.2775659184989717,-9.521885056732511,-9.521885056732511,-9.521885056732511,0.0,0.0,0.0,14.796365944916847
2020-01-13,24.04033190889133,9.321588927119526,21.52440750044462,24.04033190889133,24.04033190889133,-9.016091628604922,-9.016091628604922,-9.016091628604922,0.3667490234000195,0.3667490234000195,0.3667490234000195,-9.38284065200494,-9.38284065200494,-9.38284065200494,0.0,0.0,0.0,15.024240280286406
2020-01-14,24.039978734632275,7.94466514020131,20.313491722671614,24.039978734632275,24.039978734632275,-9.809794865185191,-9.809794865185191,-9.809794865185191,-0.5519292038360946,-0.5519292038360946,-0.5519292038360946,-9.257865661349097,-9.257865661349097,-9.257865661349097,0.0,0.0,0.0,14.230183869447083
2020-01-15,24.039625560373217,9.14185399566145,21.400314706976776,24.039625560373217,24.039625560373217,-8.775069185430473,-8.775069185430473,-8.775069185430473,0.36678124822255326,0.36678124822255326,0.36678124822255326,-9.141850433653024,-9.141850433653024,-9.141850433653024,0.0,0.0,0.0,15.264556374942744
2020-01-16,24.03927238611416,8.801786494768445,21.623482995903846,24.03927238611416,24.03927238611416,-9.089997964745473,-9.089997964745473,-9.089997964745473,-0.06047854999948295,-0.06047854999948295,-0.06047854999948295,-9.029519414745991,-9.029519414745991,-9.029519414745991,0.0,0.0,0.0,14.949274421368687
2020-01-17,24.038919211855106,8.441815929685488,20.841148294484523,24.038919211855106,24.038919211855106,-9.375690481633535,-9.375690481633535,-9.375690481633535,-0.46011495202557234,-0.46011495202557234,-0.46011495202557234,-8.915575529607963,-8.915575529607963,-8.915575529607963,0.0,0.0,0.0,14.66322873022157
2020-01-18,24.03856603759605,9.11633085830821,21.58104835446061,24.03856603759605,24.03856603759605,-8.73341673206444,-8.73341673206444,-8.73341673206444,0.06142651573601894,0.06142651573601894,0.06142651573601894,-8.79484324780046,-8.79484324780046,-8.79484324780046,0.0,0.0,0.0,15.305149305531609
2020-01-19,24.038212863336994,9.31577297840571,22.277404175551926,24.038212863336994,24.038212863336994,-8.384840919705548,-8.384840919705548,-8.384840919705548,0.27756591850003287,0.27756591850003287,0.27756591850003287,-8.66240683820558,-8.66240683820558,-8.66240683820558,0.0,0.0,0.0,15.653371943631447
2020-01-20,24.037859689077937,9.36588300236793,21.705016073460655,24.037859689077937,24.037859689077937,-8.14699145147793,-8.14699145147793,-8.14699145147793,0.36674902339961174,0.36674902339961174,0.36674902339961174,-8.513740474877542,-8.513740474877542,-8.513740474877542,0.0,0.0,0.0,15.890868237600007
2020-01-21,24.03750651481888,8.788840420989759,21.38201981225353,24.03750651481888,24.03750651481888,-8.896756296623797,-8.896756296623797,-8.896756296623797,-0.5519292038363821,-0.5519292038363821,-0.5519292038363821,-8.344827092787414,-8.344827092787414,-8.344827092787414,0.0,0.0,0.0,15.140750218195082
2020-01-22,24.037153340559826,10.008855639436533,22.42641753217559,24.037153340559826,24.037153340559826,-7.78548195545342,-7.78548195545342,-7.78548195545342,0.36678124822387803,0.36678124822387803,0.36678124822387803,-8.152263203677297,-8.152263203677297,-8.152263203677297,0.0,0.0,0.0,16.251671385106405
2020-01-23,24.036800166300768,10.129801013023027,22.718608084418694,24.036800166300768,24.036800166300768,-7.993825809564028,-7.993825809564028,-7.993825809564028,-0.060478549999439996,-0.060478549999439996,-0.060478549999439996,-7.933347259564589,-7.933347259564589,-7.933347259564589,0.0,0.0,0.0,16.04297435673674
2020-01-24,24.036446992041714,9.312628395762944,22.272129686169315,24.036446992041714,24.036446992041714,-8.146264536469374,-8.146264536469374,-8.146264536469374,-0.4601149520240722,-0.4601149520240722,-0.4601149520240722,-7.686149584445302,-7.686149584445302,-7.686149584445302,0.0,0.0,0.0,15.89018245557234
2020-01-25,24.036093817782657,10.481759446388601,22.699070636404656,24.036093817782657,24.036093817782657,-7.348135856233872,-7.348135856233872,-7.348135856233872,0.06142651573514327,0.06142651573514327,0.06142651573514327,-7.409562371969017,-7.409562371969017,-7.409562371969017,0.0,0.0,0.0,16.687957961548783
2020-01-26,24.035740643523603,10.942789647529004,23.194261064511238,24.035740643523603,24.035740643523603,-6.8257628372469625,-6.8257628372469625,-6.8257628372469625,0.27756591849944856,0.27756591849944856,0.27756591849944856,-7.103328755746411,-7.103328755746411,-7.103328755746411,0.0,0.0,0.0,17.20997780627664
2020-01-27,24.035387469264546,11.55999315756203,23.680314296905813,24.035387469264546,24.035387469264546,-6.401301462951913,-6.401301462951913,-6.401301462951913,0.36674902339920395,0.36674902339920395,0.36674902339920395,-6.768050486351117,-6.768050486351117,-6.768050486351117,0.0,0.0,0.0,17.634086006312632
2020-02-01,24.033621597969265,12.740431577623118,25.49742933175923,24.033621597969265,24.033621597969265,-4.672309054289908,-4.672309054289908,-4.672309054289908,0.0614265157342676,0.0614265157342676,0.0614265157342676,-4.733735570024175,-4.733735570024175,-4.733735570024175,0.0,0.0,0.0,19.361312543679357
2020-02-02,24.03326842371021,13.683779610045795,25.90738228121708,24.03326842371021,24.03326842371021,-4.0031183407638204,-4.0031183407638204,-4.0031183407638204,0.2775659185005098,0.2775659185005098,0.2775659185005098,-4.280684259264331,-4.280684259264331,-4.280684259264331,0.0,0.0,0.0,20.030150082946392
2020-02-03,24.032915249451154,14.67305228743822,26.70121049676397,24.032915249451154,24.032915249451154,-3.4565087328509914,-3.4565087328509914,-3.4565087328509914,0.36674902340158677,0.36674902340158677,0.36674902340158677,-3.8232577562525782,-3.8232577562525782,-3.8232577562525782,0.0,0.0,0.0,20.576406516600162
2020-02-04,24.032562075192097,13.93398030404775,26.583720110794545,24.032562075192097,24.032562075192097,-3.9188152399628877,-3.9188152399628877,-3.9188152399628877,-0.5519292038359424,-0.5519292038359424,-0.5519292038359424,-3.3668860361269455,-3.3668860361269455,-3.3668860361269455,0.0,0.0,0.0,20.113746835229207
2020-02-05,24.032208900933043,15.864733460839647,27.947914075826443,24.032208900933043,24.032208900933043,-2.5503513854115476,-2.5503513854115476,-2.5503513854115476,0.36678124822382924,0.36678124822382924,0.36678124822382924,-2.9171326336353767,-2.9171326336353767,-2.9171326336353767,0.0,0.0,0.0,21.481857515521494
2020-02-06,24.031855726673985,15.008912060234715,28.034185222320335,24.031855726673985,24.031855726673985,-2.5400447512011883,-2.5400447512011883,-2.5400447512011883,-0.06047854999910272,-0.06047854999910272,-0.06047854999910272,-2.479566201202086,-2.479566201202086,-2.479566201202086,0.0,0.0,0.0,21.491810975472795
2020-02-07,24.03150255241493,14.89392152896423,27.568332977464333,24.03150255241493,24.03150255241493,-2.5197481107805313,-2.5197481107805313,-2.5197481107805313,-0.46011495202244623,-0.46011495202244623,-0.46011495202244623,-2.059633158758085,-2.059633158758085,-2.059633158758085,0.0,0.0,0.0,21.5117544416344
2020-02-08,24.031149378155874,16.00365501366174,28.428507530303676,24.031149378155874,24.031149378155874,-1.6011079657586251,-1.6011079657586251,-1.6011079657586251,0.0614265157371739,0.0614265157371739,0.0614265157371739,-1.6625344814957992,-1.6625344814957992,-1.6625344814957992,0.0,0.0,0.0,22.430041412397248
2020-02-09,24.03079620389682,16.540796201924707,29.605804238340994,24.03079620389682,24.03079620389682,-1.0155436002781348,-1.0155436002781348,-1.0155436002781348,0.27756591849899,0.27756591849899,0.27756591849899,-1.2931095187771247,-1.2931095187771247,-1.2931095187771247,0.0,0.0,0.0,23.015252603618684
2020-02-10,24.030443029637762,17.26019884553628,30.22818666430731,24.030443029637762,24.030443029637762,-0.5889804914037701,-0.5889804914037701,-0.5889804914037701,0.366749023401179,0.366749023401179,0.366749023401179,-0.9557295148049492,-0.9557295148049492,-0.9557295148049492,0.0,0.0,0.0,23.441462538233992
2020-02-11,24.030089855378705,16.31000160062601,28.87251959257419,24.030089855378705,24.030089855378705,-1.206132420190335,-1.206132420190335,-1.206132420190335,-0.5519292038362972,-0.5519292038362972,-0.5519292038362972,-0.6542032163540377,-0.6542032163540377,-0.6542032163540377,0.0,0.0,0.0,22.82395743518837
2020-02-12,24.02973668111965,17.523827760988393,30.424641653254806,24.02973668111965,24.02973668111965,-0.024915364785777758,-0.024915364785777758,-0.024915364785777758,0.366781248225154,0.366781248225154,0.366781248225154,-0.3916966130109317,-0.3916966130109317,-0.3916966130109317,0.0,0.0,0.0,24.004821316333874
2020-02-13,24.029383506860594,17.777506549832932,30.54040908304512,24.029383506860594,24.029383506860594,-0.2311470207470753,-0.2311470207470753,-0.2311470207470753,-0.06047855000098322,-0.06047855000098322,-0.06047855000098322,-0.17066847074609207,-0.17066847074609207,-0.17066847074609207,0.0,0.0,0.0,23.798236486113517
2020-02-14,24.02903033260154,17.34190686282019,29.906179185034084,24.02903033260154,24.02903033260154,-0.452937852781454,-0.452937852781454,-0.452937852781454,-0.46011495202306296,-0.46011495202306296,-0.46011495202306296,0.007177099241608958,0.007177099241608958,0.007177099241608958,0.0,0.0,0.0,23.576092479820087
2020-02-15,24.028677158342482,17.680009428748857,30.53718235522157,24.028677158342482,24.028677158342482,0.20234675198811441,0.20234675198811441,0.20234675198811441,0.061426515736298204,0.061426515736298204,0.061426515736298204,0.1409202362518162,0.1409202362518162,0.1409202362518162,0.0,0.0,0.0,24.231023910330595
2020-02-16,24.028323984083425,18.385377948669717,30.9396520326556,24.028323984083425,24.028323984083425,0.5080026617004297,0.5080026617004297,0.5080026617004297,0.2775659185000512,0.2775659185000512,0.2775659185000512,0.23043674320037857,0.23043674320037857,0.23043674320037857,0.0,0.0,0.0,24.536326645783856
2020-02-17,24.02797080982437,18.84115761521174,31.17767961163581,24.02797080982437,24.02797080982437,0.6431404457603862,0.6431404457603862,0.6431404457603862,0.3667490234007712,0.3667490234007712,0.3667490234007712,0.27639142235961506,0.27639142235961506,0.27639142235961506,0.0,0.0,0.0,24.67111125558476
2020-02-18,24.027617635565313,17.69688447802018,29.91828254486092,24.027617635565313,24.027617635565313,-0.2717153246828834,-0.2717153246828834,-0.2717153246828834,-0.551929203836585,-0.551929203836585,-0.551929203836585,0.28021387915370155,0.28021387915370155,0.28021387915370155,0.0,0.0,0.0,23.75590231088243
2020-02-19,24.02726446130626,17.987370452423804,31.111716158489862,24.02726446130626,24.02726446130626,0.610839004725092,0.610839004725092,0.610839004725092,0.36678124822378044,0.36678124822378044,0.36678124822378044,0.2440577565013116,0.2440577565013116,0.2440577565013116,0.0,0.0,0.0,24.638103466031353
2020-02-20,24.026911287047202,17.312770571396022,30.663889500458165,24.026911287047202,24.026911287047202,0.11026619578172285,0.11026619578172285,0.11026619578172285,-0.06047854999709329,-0.06047854999709329,-0.06047854999709329,0.17074474577881613,0.17074474577881613,0.17074474577881613,0.0,0.0,0.0,24.137177482828925
2020-02-21,24.02655811278815,17.279489543885717,30.10832735152273,24.02655811278815,24.02655811278815,-0.396419890477662,-0.396419890477662,-0.396419890477662,-0.4601149520236796,-0.4601149520236796,-0.4601149520236796,0.06369506154601759,0.06369506154601759,0.06369506154601759,0.0,0.0,0.0,23.630138222310485
2020-02-22,24.02620493852909,17.672254488568008,30.333756697049214,24.02620493852909,24.02620493852909,-0.011727126527470313,-0.011727126527470313,-0.011727126527470313,0.061426515734092524,0.061426515734092524,0.061426515734092524,-0.07315364226156282,-0.07315364226156282,-0.07315364226156282,0.0,0.0,0.0,24.01447781200162
2020-02-23,24.025851764270033,17.32467437172923,30.25588267674227,24.025851764270033,24.025851764270033,0.04212921532505182,0.04212921532505182,0.04212921532505182,0.2775659185011124,0.2775659185011124,0.2775659185011124,-0.2354367031760606,-0.2354367031760606,-0.2354367031760606,0.0,0.0,0.0,24.067980979595085
2020-02-24,24.02549859001098,17.912899644711693,30.289049496221825,24.02549859001098,24.02549859001098,-0.05171082102339456,-0.05171082102339456,-0.05171082102339456,0.3667490233999289,0.3667490233999289,0.3667490233999289,-0.41845984442332346,-0.41845984442332346,-0.41845984442332346,0.0,0.0,0.0,23.973787768987584
2020-02-25,24.025145415751922,16.32380636752918,29.158745549870392,24.025145415751922,24.025145415751922,-1.1692302451764767,-1.1692302451764767,-1.1692302451764767,-0.551929203836365,-0.551929203836365,-0.551929203836365,-0.6173010413401115,-0.6173010413401115,-0.6173010413401115,0.0,0.0,0.0,22.855915170575447
2020-02-26,24.024792241492868,17.264498070054387,30.090974326893352,24.024792241492868,24.024792241492868,-0.46013307896664846,-0.46013307896664846,-0.46013307896664846,0.36678124822510516,0.36678124822510516,0.36678124822510516,-0.8269143271917536,-0.8269143271917536,-0.8269143271917536,0.0,0.0,0.0,23.56465916252622
2020-02-27,24.024439067464343,16.7243762354744,29.34277575344992,24.024439067464343,24.024439067464343,-1.102711579464853,-1.102711579464853,-1.102711579464853,-0.060478549996798955,-0.060478549996798955,-0.060478549996798955,-1.0422330294680542,-1.0422330294680542,-1.0422330294680542,0.0,0.0,0.0,22.92172748799949
2020-03-01,24.023379545378766,16.131031121050704,28.42732347808156,24.023379545378766,24.023379545378766,-1.3959446079205229,-1.3959446079205229,-1.3959446079205229,0.27756591849923756,0.27756591849923756,0.27756591849923756,-1.6735105264197605,-1.6735105264197605,-1.6735105264197605,0.0,0.0,0.0,22.627434937458244
2020-03-02,24.02302637135024,16.321078147021648,29.034124919016925,24.02302637135024,24.02302637135024,-1.4972047311890202,-1.4972047311890202,-1.4972047311890202,0.3667490233999557,0.3667490233999557,0.3667490233999557,-1.8639537545889757,-1.8639537545889757,-1.8639537545889757,0.0,0.0,0.0,22.525821640161222
2020-03-03,24.022673197321716,15.295605065917945,27.408497282258473,24.022673197321716,24.022673197321716,-2.5896701064836414,-2.5896701064836414,-2.5896701064836414,-0.5519292038361451,-0.5519292038361451,-0.5519292038361451,-2.0377409026474966,-2.0377409026474966,-2.0377409026474966,0.0,0.0,0.0,21.433003090838074
2020-03-04,24.022320023293194,16.20461934767536,28.930418204585937,24.022320023293194,24.022320023293194,-1.824753498209956,-1.824753498209956,-1.824753498209956,0.3667812482235237,0.3667812482235237,0.3667812482235237,-2.1915347464334793,-2.1915347464334793,-2.1915347464334793,0.0,0.0,0.0,22.19756652508324
2020-03-05,24.021966849264665,15.368807469523789,28.121749372461583,24.021966849264665,24.021966849264665,-2.382983870521301,-2.382983870521301,-2.382983870521301,-0.060478549996756,-0.060478549996756,-0.060478549996756,-2.3225053205245447,-2.3225053205245447,-2.3225053205245447,0.0,0.0,0.0,21.638982978743364
2020-03-06,24.02161367523614,14.954251232699761,27.359824251927712,24.02161367523614,24.02161367523614,-2.888474574235491,-2.888474574235491,-2.888474574235491,-0.4601149520227962,-0.4601149520227962,-0.4601149520227962,-2.4283596222126946,-2.4283596222126946,-2.4283596222126946,0.0,0.0,0.0,21.133139101000648
2020-03-07,24.021260501207614,15.568550978787734,27.856689721142814,24.021260501207614,24.021260501207614,-2.445931300626495,-2.445931300626495,-2.445931300626495,0.06142651573423217,0.06142651573423217,0.06142651573423217,-2.507357816360727,-2.507357816360727,-2.507357816360727,0.0,0.0,0.0,21.57532920058112
2020-03-08,24.020907327179092,15.183918887775338,28.238064799840455,24.020907327179092,24.020907327179092,-2.280750201874015,-2.280750201874015,-2.280750201874015,0.2775659185002987,0.2775659185002987,0.2775659185002987,-2.558316120374314,-2.558316120374314,-2.558316120374314,0.0,0.0,0.0,21.74015712530508
2020-03-09,24.020554153150567,15.534136779060244,28.206660259031946,24.020554153150567,24.020554153150567,-2.2138478578295078,-2.2138478578295078,-2.2138478578295078,0.3667490234019039,0.3667490234019039,0.3667490234019039,-2.5805968812314117,-2.5805968812314117,-2.5805968812314117,0.0,0.0,0.0,21.80670629532106
2020-03-10,24.020200979122038,14.885989516900253,27.211127026514546,24.020200979122038,24.020200979122038,-3.1260158685784134,-3.1260158685784134,-3.1260158685784134,-0.5519292038359251,-0.5519292038359251,-0.5519292038359251,-2.5740866647424885,-2.5740866647424885,-2.5740866647424885,0.0,0.0,0.0,20.894185110543624
2020-03-11,24.019847805093516,15.23687140607113,28.142476109323045,24.019847805093516,24.019847805093516,-2.1723822051219517,-2.1723822051219517,-2.1723822051219517,0.3667812482248485,0.3667812482248485,0.3667812482248485,-2.5391634533468004,-2.5391634533468004,-2.5391634533468004,0.0,0.0,0.0,21.847465599971564
2020-03-12,24.01949463106499,15.184448647235117,28.207090596754526,24.01949463106499,24.01949463106499,-2.5371328363570873,-2.5371328363570873,-2.5371328363570873,-0.0604785499986365,-0.0604785499986365,-0.0604785499986365,-2.476654286358451,-2.476654286358451,-2.476654286358451,0.0,0.0,0.0,21.482361794707902
2020-03-13,24.019141457036465,14.938750133229044,27.595555259209203,24.019141457036465,24.019141457036465,-2.8478998223580376,-2.8478998223580376,-2.8478998223580376,-0.4601149520255297,-0.4601149520255297,-0.4601149520255297,-2.3877848703325077,-2.3877848703325077,-2.3877848703325077,0.0,0.0,0.0,21.171241634678427
2020-03-14,24.01878828300794,15.875438013713886,27.688652835447083,24.01878828300794,24.01878828300794,-2.2126963175546788,-2.2126963175546788,-2.2126963175546788,0.061426515735247496,0.061426515735247496,0.061426515735247496,-2.274122833289926,-2.274122833289926,-2.274122833289926,0.0,0.0,0.0,21.806091965453263
2020-03-15,24.018435108979418,15.732283791379166,28.14398548698694,24.018435108979418,24.018435108979418,-1.8599504738253845,-1.8599504738253845,-1.8599504738253845,0.2775659184987788,0.2775659184987788,0.2775659184987788,-2.137516392324163,-2.137516392324163,-2.137516392324163,0.0,0.0,0.0,22.158484635154032
2020-03-16,24.01808193495089,16.0646883907026,28.867833627338573,24.01808193495089,24.01808193495089,-1.6132812252751858,-1.6132812252751858,-1.6132812252751858,0.3667490234014961,0.3667490234014961,0.3667490234014961,-1.9800302486766819,-1.9800302486766819,-1.9800302486766819,0.0,0.0,0.0,22.404800709675705
2020-03-17,24.017728760922363,15.183070961772083,27.857127377026075,24.017728760922363,24.017728760922363,-2.355809721823688,-2.355809721823688,-2.355809721823688,-0.5519292038362128,-0.5519292038362128,-0.5519292038362128,-1.8038805179874755,-1.8038805179874755,-1.8038805179874755,0.0,0.0,0.0,21.661919039098674
2020-03-18,24.017375586893838,16.502860707598593,29.358885484189326,24.017375586893838,24.017375586893838,-1.244589199809415,-1.244589199809415,-1.244589199809415,0.3667812482234749,0.3667812482234749,0.3667812482234749,-1.6113704480328899,-1.6113704480328899,-1.6113704480328899,0.0,0.0,0.0,22.772786387084423
2020-03-19,24.017022412865316,16.171167566575786,28.3095800211296,24.017022412865316,24.017022412865316,-1.4653071248819898,-1.4653071248819898,-1.4653071248819898,-0.06047855000051702,-0.06047855000051702,-0.06047855000051702,-1.4048285748814728,-1.4048285748814728,-1.4048285748814728,0.0,0.0,0.0,22.551715287983328
2020-03-20,24.01666923883679,16.043100991036543,29.241471422794994,24.01666923883679,24.01666923883679,-1.6466657774301523,-1.6466657774301523,-1.6466657774301523,-0.46011495202328706,-0.46011495202328706,-0.46011495202328706,-1.1865508254068653,-1.1865508254068653,-1.1865508254068653,0.0,0.0,0.0,22.37000346140664
2020-03-21,24.01631606480826,16.99775545112188,29.126999925112653,24.01631606480826,24.01631606480826,-0.8973213790852548,-0.8973213790852548,-0.8973213790852548,0.061426515736262774,0.061426515736262774,0.061426515736262774,-0.9587478948215176,-0.9587478948215176,-0.9587478948215176,0.0,0.0,0.0,23.118994685723006
2020-03-22,24.01596289077974,17.479315051396405,30.03974183680356,24.01596289077974,24.01596289077974,-0.44593310012873244,-0.44593310012873244,-0.44593310012873244,0.2775659184998401,0.2775659184998401,0.2775659184998401,-0.7234990186285725,-0.7234990186285725,-0.7234990186285725,0.0,0.0,0.0,23.570029790651006
2020-03-23,24.015609716751214,17.387661842281926,30.03289435938646,24.015609716751214,24.015609716751214,-0.11596400257697674,-0.11596400257697674,-0.11596400257697674,0.36674902340065385,0.36674902340065385,0.36674902340065385,-0.4827130259776306,-0.4827130259776306,-0.4827130259776306,0.0,0.0,0.0,23.899645714174238
2020-03-24,24.01525654272269,17.438508119042915,29.851374111483228,24.01525654272269,24.01525654272269,-0.7900265170996694,-0.7900265170996694,-0.7900265170996694,-0.5519292038354853,-0.5519292038354853,-0.5519292038354853,-0.2380973132641841,-0.2380973132641841,-0.2380973132641841,0.0,0.0,0.0,23.22523002562302
2020-03-25,24.014903368694164,18.147155086753724,30.544543162567475,24.014903368694164,24.014903368694164,0.37564612769115896,0.37564612769115896,0.37564612769115896,0.3667812482218935,0.3667812482218935,0.3667812482218935,0.008864879469265476,0.008864879469265476,0.008864879469265476,0.0,0.0,0.0,24.390549496385322
2020-03-26,24.01455019466564,17.871148414525823,30.25179424237121,24.01455019466564,24.01455019466564,0.1964502136021695,0.1964502136021695,0.1964502136021695,-0.06047854999855056,-0.06047854999855056,-0.06047854999855056,0.2569287636007201,0.2569287636007201,0.2569287636007201,0.0,0.0,0.0,24.21100040826781
2020-03-27,24.014197020637113,17.570383063844268,30.04077443512498,24.014197020637113,24.014197020637113,0.04497904060433434,0.04497904060433434,0.04497904060433434,-0.46011495202390373,-0.46011495202390373,-0.46011495202390373,0.5050939926282381,0.5050939926282381,0.5050939926282381,0.0,0.0,0.0,24.05917606124145
2020-04-01,24.012431150494486,20.11235162922492,32.21819014528556,24.012431150494486,24.012431150494486,2.0954842903118456,2.0954842903118456,2.0954842903118456,0.3667812482218691,0.3667812482218691,0.3667812482218691,1.728703042089977,1.728703042089977,1.728703042089977,0.0,0.0,0.0,26.10791544080633
2020-04-02,24.012077976465964,19.682516530963856,32.55498322254938,24.012077976465964,24.012077976465964,1.9085745015342468,1.9085745015342468,1.9085745015342468,-0.060478550000431085,-0.060478550000431085,-0.060478550000431085,1.9690530515346776,1.9690530515346776,1.9690530515346776,0.0,0.0,0.0,25.92065247800021
2020-04-03,24.01172480243744,19.21719503883435,31.676769734636473,24.01172480243744,24.01172480243744,1.7482475439527276,1.7482475439527276,1.7482475439527276,-0.4601149520224036,-0.4601149520224036,-0.4601149520224036,2.208362495975131,2.208362495975131,2.208362495975131,0.0,0.0,0.0,25.759972346390168
2020-04-04,24.011371628408913,20.040015661587592,32.940221572705724,24.011371628408913,24.011371628408913,2.508437429306093,2.508437429306093,2.508437429306093,0.061426515735072414,0.061426515735072414,0.061426515735072414,2.4470109135710207,2.4470109135710207,2.4470109135710207,0.0,0.0,0.0,26.519809057715005
2020-04-05,24.011018454380388,20.77698113959559,33.19329456785602,24.011018454380388,24.011018454380388,2.962985270959437,2.962985270959437,2.962985270959437,0.2775659184990265,0.2775659184990265,0.2775659184990265,2.6854193524604106,2.6854193524604106,2.6854193524604106,0.0,0.0,0.0,26.974003725339823
2020-04-06,24.010665280351866,21.214049579008034,33.666802030349665,24.010665280351866,24.010665280351866,3.2907675313530014,3.2907675313530014,3.2907675313530014,0.36674902339983834,0.36674902339983834,0.36674902339983834,2.9240185079531633,2.9240185079531633,2.9240185079531633,0.0,0.0,0.0,27.301432811704867
2020-04-07,24.010312106323337,20.360577338870538,32.97102373662602,24.010312106323337,24.010312106323337,2.6112898589561806,2.6112898589561806,2.6112898589561806,-0.551929203836128,-0.551929203836128,-0.551929203836128,3.1632190627923085,3.1632190627923085,3.1632190627923085,0.0,0.0,0.0,26.621601965279517
2020-04-08,24.00995893229481,21.88658359202039,34.19713647501533,24.00995893229481,24.00995893229481,3.7701663748432948,3.7701663748432948,3.7701663748432948,0.3667812482231938,0.3667812482231938,0.3667812482231938,3.4033851266201007,3.4033851266201007,3.4033851266201007,0.0,0.0,0.0,27.780125307138107
2020-04-09,24.00960575826629,21.61549864138208,33.89194685340601,24.00960575826629,24.00960575826629,3.584332974725943,3.584332974725943,3.584332974725943,-0.060478550000388105,-0.060478550000388105,-0.060478550000388105,3.6448115247263315,3.6448115247263315,3.6448115247263315,0.0,0.0,0.0,27.593938732992232
2020-04-10,24.009252584237764,21.032833588020676,33.68962471143471,24.009252584237764,24.009252584237764,3.4275905695681748,3.4275905695681748,3.4275905695681748,-0.46011495202090347,-0.46011495202090347,-0.46011495202090347,3.8877055215890786,3.8877055215890786,3.8877055215890786,0.0,0.0,0.0,27.43684315380594
2020-04-11,24.00889941020924,21.996005097077457,34.608176800620704,24.00889941020924,24.00889941020924,4.193599903179641,4.193599903179641,4.193599903179641,0.06142651573419672,0.06142651573419672,0.06142651573419672,4.132173387445444,4.132173387445444,4.132173387445444,0.0,0.0,0.0,28.20249931338888
2020-04-12,24.00854623618071,22.100493885649186,34.96217040639462,24.00854623618071,24.00854623618071,4.65577795051677,4.65577795051677,4.65577795051677,0.2775659184987972,0.2775659184987972,0.2775659184987972,4.378212032017973,4.378212032017973,4.378212032017973,0.0,0.0,0.0,28.664324186697478
2020-04-13,24.008193062152188,23.05680561997737,35.21528054817449,24.008193062152188,24.008193062152188,4.992454768015473,4.992454768015473,4.992454768015473,0.366749023398996,0.366749023398996,0.366749023398996,4.625705744616477,4.625705744616477,4.625705744616477,0.0,0.0,0.0,29.00064783016766
2020-04-14,24.007839888123662,21.870066210167995,34.81851863833766,24.007839888123662,24.007839888123662,4.322498696289919,4.322498696289919,4.322498696289919,-0.5519292038359079,-0.5519292038359079,-0.5519292038359079,4.874427900125826,4.874427900125826,4.874427900125826,0.0,0.0,0.0,28.33033858441358
2020-04-15,24.007486714095137,23.78748655213781,35.87641093512912,24.007486714095137,24.007486714095137,5.490828569502616,5.490828569502616,5.490828569502616,0.3667812482231694,0.3667812482231694,0.3667812482231694,5.124047321279446,5.124047321279446,5.124047321279446,0.0,0.0,0.0,29.498315283597755
2020-04-16,24.00713354006661,23.295593188154758,35.54052964992843,24.00713354006661,24.00713354006661,5.31366028439779,5.31366028439779,5.31366028439779,-0.0604785499981703,-0.0604785499981703,-0.0604785499981703,5.374138834395961,5.374138834395961,5.374138834395961,0.0,0.0,0.0,29.320793824464403
2020-04-17,24.00678036603809,23.567778167322082,35.00914459134451,24.00678036603809,24.00678036603809,5.1640824708436455,5.1640824708436455,5.1640824708436455,-0.46011495202363706,-0.46011495202363706,-0.46011495202363706,5.624197422867282,5.624197422867282,5.624197422867282,0.0,0.0,0.0,29.170862836881735
2020-04-18,24.00642719200956,23.93673686622226,36.7789312780022,24.00642719200956,24.00642719200956,5.935081789610092,5.935081789610092,5.935081789610092,0.061426515737103025,0.061426515737103025,0.061426515737103025,5.8736552738729895,5.8736552738729895,5.8736552738729895,0.0,0.0,0.0,29.941508981619652
2020-04-19,24.006074017981035,24.430786208536198,36.59266792349391,24.006074017981035,24.006074017981035,6.399466850552434,6.399466850552434,6.399466850552434,0.27756591849985834,0.27756591849985834,0.27756591849985834,6.121900932052577,6.121900932052577,6.121900932052577,0.0,0.0,0.0,30.40554086853347
2020-04-20,24.005720843952513,24.056288810820313,37.24168032897989,24.005720843952513,24.005720843952513,6.735048744545575,6.735048744545575,6.735048744545575,0.3667490233985882,0.3667490233985882,0.3667490233985882,6.368299721146988,6.368299721146988,6.368299721146988,0.0,0.0,0.0,30.74076958849809
2020-04-21,24.005367669923988,23.988136942573938,36.276364997889324,24.005367669923988,24.005367669923988,6.060285368232682,6.060285368232682,6.060285368232682,-0.5519292038362629,-0.5519292038362629,-0.5519292038362629,6.612214572068945,6.612214572068945,6.612214572068945,0.0,0.0,0.0,30.06565303815667
2020-04-22,24.005014495895463,24.937222685112125,37.87541280667665,24.005014495895463,24.005014495895463,7.219807651689075,7.219807651689075,7.219807651689075,0.36678124822449415,0.36678124822449415,0.36678124822449415,6.853026403464581,6.853026403464581,6.853026403464581,0.0,0.0,0.0,31.224822147584536
2020-04-23,24.004661321866934,24.518609116135014,37.947413645106785,24.004661321866934,24.004661321866934,7.0296746877927,7.0296746877927,7.0296746877927,-0.060478549998127344,-0.060478549998127344,-0.060478549998127344,7.090153237790829,7.090153237790829,7.090153237790829,0.0,0.0,0.0,31.034336009659633
2020-04-24,24.00430814783841,24.51947237666001,36.92795972736069,24.00430814783841,24.00430814783841,6.862952348467235,6.862952348467235,6.862952348467235,-0.4601149520221369,-0.4601149520221369,-0.4601149520221369,7.323067300489372,7.323067300489372,7.323067300489372,0.0,0.0,0.0,30.867260496305647
2020-04-25,24.004080904490454,24.99078911939726,37.74806717000089,24.004080904490454,24.004080904490454,7.612735954990647,7.612735954990647,7.612735954990647,0.06142651573622735,0.06142651573622735,0.06142651573622735,7.551309439254419,7.551309439254419,7.551309439254419,0.0,0.0,0.0,31.6168168594811
2020-04-26,24.0038536611425,26.34832883013155,38.62302883306508,24.0038536611425,24.0038536611425,8.052066229950388,8.052066229950388,8.052066229950388,0.27756591849962897,0.27756591849962897,0.27756591849962897,7.774500311450759,7.774500311450759,7.774500311450759,0.0,0.0,0.0,32.055919891092884
2020-04-27,24.00362641779455,26.22491071388804,38.62542416823115,24.00362641779455,24.00362641779455,8.359096939682766,8.359096939682766,8.359096939682766,0.36674902340097104,0.36674902340097104,0.36674902340097104,7.992347916281794,7.992347916281794,7.992347916281794,0.0,0.0,0.0,32.362723357477314
2020-05-01,24.00271744440273,25.757681054127556,38.81220597278204,24.00271744440273,24.00271744440273,8.347495381606384,8.347495381606384,8.347495381606384,-0.46011495202412794,-0.46011495202412794,-0.46011495202412794,8.807610333630514,8.807610333630514,8.807610333630514,0.0,0.0,0.0,32.35021282600911
2020-05-02,24.002490201054776,26.535297885966273,38.94855902682974,24.002490201054776,24.002490201054776,9.058870671163415,9.058870671163415,9.058870671163415,0.06142651573402164,0.06142651573402164,0.06142651573402164,8.997444155429395,8.997444155429395,8.997444155429395,0.0,0.0,0.0,33.06136087221819
2020-05-03,24.002262957706822,27.454576266126093,39.91059461940101,24.002262957706822,24.002262957706822,9.459504667838559,9.459504667838559,9.459504667838559,0.2775659185006903,0.2775659185006903,0.2775659185006903,9.181938749337869,9.181938749337869,9.181938749337869,0.0,0.0,0.0,33.46176762554538
2020-05-04,24.00203571435887,27.55150826586797,39.85878677506275,24.00203571435887,24.00203571435887,9.728045052238162,9.728045052238162,9.728045052238162,0.36674902340056326,0.36674902340056326,0.36674902340056326,9.3612960288376,9.3612960288376,9.3612960288376,0.0,0.0,0.0,33.73008076659703
2020-05-05,24.00180847101091,26.78282211260628,39.24173810335727,24.00180847101091,24.00180847101091,8.983802127870373,8.983802127870373,8.983802127870373,-0.551929203835823,-0.551929203835823,-0.551929203835823,9.535731331706197,9.535731331706197,9.535731331706197,0.0,0.0,0.0,32.98561059888128
2020-05-06,24.00158122766296,27.208609799578124,39.8492179298377,24.00158122766296,24.00158122766296,10.072234036317022,10.072234036317022,10.072234036317022,0.36678124822444536,0.36678124822444536,0.36678124822444536,9.705452788092577,9.705452788092577,9.705452788092577,0.0,0.0,0.0,34.07381526397998
2020-05-07,24.001353984315006,27.54698133998521,39.62107716524288,24.001353984315006,24.001353984315006,9.810161784442295,9.810161784442295,9.810161784442295,-0.06047854999996487,-0.06047854999996487,-0.06047854999996487,9.87064033444226,9.87064033444226,9.87064033444226,0.0,0.0,0.0,33.8115157687573
2020-05-08,24.00112674096705,27.465483604470162,39.94612804302642,24.00112674096705,24.00112674096705,9.571310232609642,9.571310232609642,9.571310232609642,-0.4601149520226277,-0.4601149520226277,-0.4601149520226277,10.03142518463227,10.03142518463227,10.03142518463227,0.0,0.0,0.0,33.57243697357669
2020-05-09,24.0008994976191,27.920927686031355,40.205914020048404,24.0008994976191,24.0008994976191,10.249297081669193,10.249297081669193,10.249297081669193,0.06142651573503697,0.06142651573503697,0.06142651573503697,10.187870565934157,10.187870565934157,10.187870565934157,0.0,0.0,0.0,34.25019657928829
2020-05-10,24.00067225427114,28.62550426677927,40.701911083458825,24.00067225427114,24.00067225427114,10.617520415147167,10.617520415147167,10.617520415147167,0.2775659184991704,0.2775659184991704,0.2775659184991704,10.339954496647998,10.339954496647998,10.339954496647998,0.0,0.0,0.0,34.618192669418306
2020-05-11,24.000445010923187,28.58595587040158,40.891651140861875,24.000445010923187,24.000445010923187,10.854304349009343,10.854304349009343,10.854304349009343,0.36674902339972093,0.36674902339972093,0.36674902339972093,10.487555325609623,10.487555325609623,10.487555325609623,0.0,0.0,0.0,34.854749359932526
2020-05-12,24.000217767575233,27.839168497197683,40.59246730986687,24.000217767575233,24.000217767575233,10.078511469085255,10.078511469085255,10.078511469085255,-0.5519292038361108,-0.5519292038361108,-0.5519292038361108,10.630440672921367,10.630440672921367,10.630440672921367,0.0,0.0,0.0,34.078729236660486
2020-05-13,23.99999052422728,29.10479100970885,40.793716512867825,23.99999052422728,23.99999052422728,11.135041557099523,11.135041557099523,11.135041557099523,0.36678124822286384,0.36678124822286384,0.36678124822286384,10.768260308876659,10.768260308876659,10.768260308876659,0.0,0.0,0.0,35.1350320813268
2020-05-14,23.999763280879325,28.287698745476515,41.561286914880625,23.999763280879325,23.999763280879325,10.840064837228715,10.840064837228715,10.840064837228715,-0.06047855000184539,-0.06047855000184539,-0.06047855000184539,10.900543387230561,10.900543387230561,10.900543387230561,0.0,0.0,0.0,34.83982811810804
2020-05-15,23.99953603753137,28.37916238012215,40.609468938010416,23.99953603753137,23.99953603753137,10.566585361617305,10.566585361617305,10.566585361617305,-0.46011495202324443,-0.46011495202324443,-0.46011495202324443,11.02670031364055,11.02670031364055,11.02670031364055,0.0,0.0,0.0,34.56612139914868
2020-05-16,23.999308794183417,29.117070833703103,41.16551538716734,23.999308794183417,23.999308794183417,11.207455899970387,11.207455899970387,11.207455899970387,0.061426515736052276,0.061426515736052276,0.061426515736052276,11.146029384234335,11.146029384234335,11.146029384234335,0.0,0.0,0.0,35.206764694153804
2020-05-17,23.99908155083546,29.76297979680446,41.81222620743174,23.99908155083546,23.99908155083546,11.535294096067627,11.535294096067627,11.535294096067627,0.2775659185002316,0.2775659185002316,0.2775659185002316,11.257728177567396,11.257728177567396,11.257728177567396,0.0,0.0,0.0,35.53437564690309
2020-05-18,23.998854307487505,29.428601479520754,42.29171419802089,23.998854307487505,23.998854307487505,11.727658553626764,11.727658553626764,11.727658553626764,0.36674902340253823,0.36674902340253823,0.36674902340253823,11.360909530224227,11.360909530224227,11.360909530224227,0.0,0.0,0.0,35.72651286111427
2020-05-19,23.998627064139555,28.276047689095975,41.046556721668026,23.998627064139555,23.998627064139555,10.902692572917454,10.902692572917454,10.902692572917454,-0.5519292038363983,-0.5519292038363983,-0.5519292038363983,11.454621776753852,11.454621776753852,11.454621776753852,0.0,0.0,0.0,34.90131963705701
2020-05-20,23.998399820791597,29.787590162617963,42.40215107796643,23.998399820791597,23.998399820791597,11.904654041222894,11.904654041222894,11.904654041222894,0.3667812482228395,0.3667812482228395,0.3667812482228395,11.537872793000055,11.537872793000055,11.537872793000055,0.0,0.0,0.0,35.90305386201449
2020-05-21,23.998172577443643,29.412363704132876,41.89743280932811,23.998172577443643,23.998172577443643,11.549178702616052,11.549178702616052,11.549178702616052,-0.06047854999987892,-0.06047854999987892,-0.06047854999987892,11.60965725261593,11.60965725261593,11.60965725261593,0.0,0.0,0.0,35.547351280059694
2020-05-22,23.99794533409569,28.554974251447984,41.14322233520461,23.99794533409569,23.99794533409569,11.208871441376656,11.208871441376656,11.208871441376656,-0.46011495202386127,-0.46011495202386127,-0.46011495202386127,11.668986393400518,11.668986393400518,11.668986393400518,0.0,0.0,0.0,35.20681677547235
2020-05-23,23.997718090747735,29.828080343265654,42.22698669669141,23.997718090747735,23.997718090747735,11.776346012397847,11.776346012397847,11.776346012397847,0.06142651573517663,0.06142651573517663,0.06142651573517663,11.714919496662668,11.714919496662668,11.714919496662668,0.0,0.0,0.0,35.774064103145584
2020-05-24,23.99749084739978,29.659576568285097,42.3922446797185,23.99749084739978,23.99749084739978,12.02416213029335,12.02416213029335,12.02416213029335,0.2775659184996473,0.2775659184996473,0.2775659184996473,11.746596211793703,11.746596211793703,11.746596211793703,0.0,0.0,0.0,36.02165297769313
2020-05-25,23.997263604051827,29.720522323590828,42.131086965616376,23.997263604051827,23.997263604051827,12.130017835286361,12.130017835286361,12.130017835286361,0.36674902340169596,0.36674902340169596,0.36674902340169596,11.763268811884666,11.763268811884666,11.763268811884666,0.0,0.0,0.0,36.12728143933819
2020-05-26,23.997036360703873,29.499474924676992,41.337072448831776,23.997036360703873,23.997036360703873,11.212404242069027,11.212404242069027,11.212404242069027,-0.5519292038361785,-0.5519292038361785,-0.5519292038361785,11.764333445905207,11.764333445905207,11.764333445905207,0.0,0.0,0.0,35.2094406027729
2020-05-27,23.996809117355916,29.357404946269614,42.1287510651176,23.996809117355916,23.996809117355916,12.11614070762071,12.11614070762071,12.11614070762071,0.3667812482228151,0.3667812482228151,0.3667812482228151,11.749359459397896,11.749359459397896,11.749359459397896,0.0,0.0,0.0,36.112949824976624
2020-06-01,23.995672900616146,29.69505227388841,41.974925752519326,23.995672900616146,23.995672900616146,11.800714522614737,11.800714522614737,11.800714522614737,0.3667490234017227,0.3667490234017227,0.3667490234017227,11.433965499213013,11.433965499213013,11.433965499213013,0.0,0.0,0.0,35.79638742323088
2020-06-02,23.995445657268192,28.58507825739899,40.746811331592205,23.995445657268192,23.995445657268192,10.774303244282716,10.774303244282716,10.774303244282716,-0.5519292038359586,-0.5519292038359586,-0.5519292038359586,11.326232448118674,11.326232448118674,11.326232448118674,0.0,0.0,0.0,34.76974890155091
2020-06-03,23.99521841392024,29.186399310555828,41.93626972634777,23.99521841392024,23.99521841392024,11.572755443225333,11.572755443225333,11.572755443225333,0.3667812482241399,0.3667812482241399,0.3667812482241399,11.205974195001193,11.205974195001193,11.205974195001193,0.0,0.0,0.0,35.567973857145574
2020-06-04,23.994991170572284,28.70088429355161,41.11997177265959,23.994991170572284,23.994991170572284,11.014232923380808,11.014232923380808,11.014232923380808,-0.06047854999761814,-0.06047854999761814,-0.06047854999761814,11.074711473378425,11.074711473378425,11.074711473378425,0.0,0.0,0.0,35.009224093953094
2020-06-05,23.99476392722433,28.255757566971862,40.70183612727621,23.99476392722433,23.99476392722433,10.474081810365503,10.474081810365503,10.474081810365503,-0.4601149520222352,-0.4601149520222352,-0.4601149520222352,10.934196762387739,10.934196762387739,10.934196762387739,0.0,0.0,0.0,34.46884573758983
2020-06-06,23.994536683876376,28.59586914967567,41.22625500223977,23.994536683876376,23.994536683876376,10.847817905271643,10.847817905271643,10.847817905271643,0.06142651573531628,0.06142651573531628,0.06142651573531628,10.786391389536327,10.786391389536327,10.786391389536327,0.0,0.0,0.0,34.842354589148016
2020-06-07,23.994309440528422,28.63693270243565,40.71865340814867,23.994309440528422,23.994309440528422,10.911002981687044,10.911002981687044,10.911002981687044,0.27756591849918866,0.27756591849918866,0.27756591849918866,10.633437063187856,10.633437063187856,10.633437063187856,0.0,0.0,0.0,34.90531242221547
2020-06-08,23.994082197180468,28.53862015843563,41.005429777185206,23.994082197180468,23.994082197180468,10.844371398626784,10.844371398626784,10.844371398626784,0.36674902340088034,0.36674902340088034,0.36674902340088034,10.477622375225902,10.477622375225902,10.477622375225902,0.0,0.0,0.0,34.83845359580725
2020-06-09,23.993854953832514,27.3251274557383,39.77773447570367,23.993854953832514,23.993854953832514,9.769415741183451,9.769415741183451,9.769415741183451,-0.5519292038363135,-0.5519292038363135,-0.5519292038363135,10.321344945019764,10.321344945019764,10.321344945019764,0.0,0.0,0.0,33.76327069501596
2020-06-10,23.99362771048456,28.611604055212652,40.8792582252754,23.99362771048456,23.99362771048456,10.533851237778018,10.533851237778018,10.533851237778018,0.3667812482254646,0.3667812482254646,0.3667812482254646,10.167069989552555,10.167069989552555,10.167069989552555,0.0,0.0,0.0,34.527478948262576
2020-06-11,23.993400467136603,27.68332214028668,40.28416360081127,23.993400467136603,23.993400467136603,9.956807648493909,9.956807648493909,9.956807648493909,-0.06047854999949867,-0.06047854999949867,-0.06047854999949867,10.017286198493407,10.017286198493407,10.017286198493407,0.0,0.0,0.0,33.95020811563051
2020-06-12,23.993173223788652,27.056880289605033,39.609166814524855,23.993173223788652,23.993173223788652,9.414344912724497,9.414344912724497,9.414344912724497,-0.46011495202496877,-0.46011495202496877,-0.46011495202496877,9.874459864749465,9.874459864749465,9.874459864749465,0.0,0.0,0.0,33.40751813651315
2020-06-13,23.992945980440698,28.072496694884624,40.03650414086342,23.992945980440698,23.992945980440698,9.802414784719048,9.802414784719048,9.802414784719048,0.06142651573633159,0.06142651573633159,0.06142651573633159,9.740988268982715,9.740988268982715,9.740988268982715,0.0,0.0,0.0,33.79536076515974
2020-06-14,23.99271873709274,27.522852688091334,39.82268483557086,23.99271873709274,23.99271873709274,9.896719258138896,9.896719258138896,9.896719258138896,0.27756591849860435,0.27756591849860435,0.27756591849860435,9.619153339640294,9.619153339640294,9.619153339640294,0.0,0.0,0.0,33.88943799523164
2020-06-15,23.992491493744787,27.41321320543744,40.15128420770632,23.992491493744787,23.992491493744787,9.8778256313554,9.8778256313554,9.8778256313554,0.3667490234004726,0.3667490234004726,0.3667490234004726,9.511076607954926,9.511076607954926,9.511076607954926,0.0,0.0,0.0,33.870317125100186
2020-06-16,23.992264250396833,26.857393068846182,39.08260714857187,23.992264250396833,23.992264250396833,8.866747246589643,8.866747246589643,8.866747246589643,-0.5519292038366012,-0.5519292038366012,-0.5519292038366012,9.418676450426243,9.418676450426243,9.418676450426243,0.0,0.0,0.0,32.859011496986476
2020-06-17,23.99203700704888,27.860785859109722,40.41302469026195,23.99203700704888,23.99203700704888,9.710409808713802,9.710409808713802,9.710409808713802,0.36678124822544017,0.36678124822544017,0.36678124822544017,9.34362856048836,9.34362856048836,9.34362856048836,0.0,0.0,0.0,33.702446815762684
2020-06-18,23.991809763700925,26.739577192168102,39.211914020748274,23.991809763700925,23.991809763700925,9.22685196807517,9.22685196807517,9.22685196807517,-0.06047854999945571,-0.06047854999945571,-0.06047854999945571,9.287330518074626,9.287330518074626,9.287330518074626,0.0,0.0,0.0,33.218661731776095
2020-06-19,23.99158252035297,26.607488021547464,38.961912340819985,23.99158252035297,23.99158252035297,8.790756280677439,8.790756280677439,8.790756280677439,-0.4601149520234685,-0.4601149520234685,-0.4601149520234685,9.250871232700907,9.250871232700907,9.250871232700907,0.0,0.0,0.0,32.782338801030406
2020-06-20,23.991355277005017,27.1833129426089,39.60129486949109,23.991355277005017,23.991355277005017,9.29643244096426,9.29643244096426,9.29643244096426,0.06142651573412588,0.06142651573412588,0.06142651573412588,9.235005925230134,9.235005925230134,9.235005925230134,0.0,0.0,0.0,33.28778771796928
2020-06-21,23.991128033657063,27.314250866879508,39.893753583790684,23.991128033657063,23.991128033657063,9.517703107158814,9.517703107158814,9.517703107158814,0.27756591849837503,0.27756591849837503,0.27756591849837503,9.240137188660439,9.240137188660439,9.240137188660439,0.0,0.0,0.0,33.50883114081588
2020-06-22,23.990900790855136,27.27290090791172,39.69381714359793,23.990900790855136,23.990900790855136,9.633051555876065,9.633051555876065,9.633051555876065,0.36674902339963034,0.36674902339963034,0.36674902339963034,9.266302532476434,9.266302532476434,9.266302532476434,0.0,0.0,0.0,33.6239523467312
2020-06-23,23.990673548053213,26.465991490230238,39.132120796343315,23.990673548053213,23.990673548053213,8.761239468054242,8.761239468054242,8.761239468054242,-0.5519292038358736,-0.5519292038358736,-0.5519292038358736,9.313168671890116,9.313168671890116,9.313168671890116,0.0,0.0,0.0,32.75191301610745
2020-06-24,23.99044630525129,27.774576234743122,39.74463955762175,23.99044630525129,23.99044630525129,9.746813924519412,9.746813924519412,9.746813924519412,0.3667812482254158,0.3667812482254158,0.3667812482254158,9.380032676293995,9.380032676293995,9.380032676293995,0.0,0.0,0.0,33.7372602297707
2020-06-25,23.990219062449366,27.047660892764238,39.617511209316895,23.990219062449366,23.990219062449366,9.405351394187818,9.405351394187818,9.405351394187818,-0.06047854999723789,-0.06047854999723789,-0.06047854999723789,9.465829944185055,9.465829944185055,9.465829944185055,0.0,0.0,0.0,33.39557045663719
2020-06-26,23.989991819647443,26.599922055383264,39.38461232918641,23.989991819647443,23.989991819647443,9.109033876143553,9.109033876143553,9.109033876143553,-0.46011495202408537,-0.46011495202408537,-0.46011495202408537,9.569148828167638,9.569148828167638,9.569148828167638,0.0,0.0,0.0,33.099025695791
2020-06-27,23.98976457684552,27.218784261561733,39.55171073428065,23.98976457684552,23.98976457684552,9.749678112563322,9.749678112563322,9.749678112563322,0.06142651573325023,0.06142651573325023,0.06142651573325023,9.68825159683007,9.68825159683007,9.68825159683007,0.0,0.0,0.0,33.73944268940884
2020-07-01,23.988855605637823,28.19327110778966,40.625753738970005,23.988855605637823,23.988855605637823,10.644763548692357,10.644763548692357,10.644763548692357,0.3667812482224852,0.3667812482224852,0.3667812482224852,10.277982300469871,10.277982300469871,10.277982300469871,0.0,0.0,0.0,34.63361915433018
2020-07-02,23.9886283628359,27.986725747198342,41.0271068719756,23.9886283628359,23.9886283628359,10.380207345733838,10.380207345733838,10.380207345733838,-0.06047854999719493,-0.06047854999719493,-0.06047854999719493,10.440685895731033,10.440685895731033,10.440685895731033,0.0,0.0,0.0,34.36883570856974
2020-07-03,23.988401120033974,27.99698723870114,40.5696638208947,23.988401120033974,23.988401120033974,10.143623519519242,10.143623519519242,10.143623519519242,-0.46011495202258507,-0.46011495202258507,-0.46011495202258507,10.603738471541828,10.603738471541828,10.603738471541828,0.0,0.0,0.0,34.132024639553215
2020-07-04,23.98817387723205,28.464174669494458,41.212115405938555,23.98817387723205,23.98817387723205,10.825547535343803,10.825547535343803,10.825547535343803,0.06142651573615653,0.06142651573615653,0.06142651573615653,10.764121019607646,10.764121019607646,10.764121019607646,0.0,0.0,0.0,34.81372141257585
2020-07-05,23.987946634430127,29.222419361281233,40.867031674287304,23.987946634430127,23.987946634430127,11.196377437357828,11.196377437357828,11.196377437357828,0.2775659184979164,0.2775659184979164,0.2775659184979164,10.918811518859911,10.918811518859911,10.918811518859911,0.0,0.0,0.0,35.184324071787955
2020-07-06,23.987719391628204,29.224285770612706,41.52314091588125,23.987719391628204,23.987719391628204,11.431581908432381,11.431581908432381,11.431581908432381,0.3667490234016053,0.3667490234016053,0.3667490234016053,11.064832885030777,11.064832885030777,11.064832885030777,0.0,0.0,0.0,35.41930130006058
2020-07-07,23.98749214882628,28.29374478627554,40.859496597728516,23.98749214882628,23.98749214882628,10.647370551093712,10.647370551093712,10.647370551093712,-0.5519292038359414,-0.5519292038359414,-0.5519292038359414,11.199299754929653,11.199299754929653,11.199299754929653,0.0,0.0,0.0,34.63486269991999
2020-07-08,23.987264906024354,29.525413409913252,41.96840646356208,23.987264906024354,23.987264906024354,11.686244554583338,11.686244554583338,11.686244554583338,0.3667812482238099,0.3667812482238099,0.3667812482238099,11.319463306359527,11.319463306359527,11.319463306359527,0.0,0.0,0.0,35.67350946060769
2020-07-09,23.987037663222434,29.4246556146039,41.652614285399814,23.987037663222434,23.987037663222434,11.362274822339327,11.362274822339327,11.362274822339327,-0.06047854999907543,-0.06047854999907543,-0.06047854999907543,11.422753372338404,11.422753372338404,11.422753372338404,0.0,0.0,0.0,35.34931248556176
2020-07-10,23.986810420420507,28.876459296159226,40.94106874915434,23.986810420420507,23.986810420420507,11.046702225964388,11.046702225964388,11.046702225964388,-0.46011495202320185,-0.46011495202320185,-0.46011495202320185,11.50681717798759,11.50681717798759,11.50681717798759,0.0,0.0,0.0,35.03351264638489
2020-07-11,23.986583177618584,29.669634569282287,41.91539434782978,23.986583177618584,23.986583177618584,11.630980623755526,11.630980623755526,11.630980623755526,0.06142651573528084,0.06142651573528084,0.06142651573528084,11.569554108020245,11.569554108020245,11.569554108020245,0.0,0.0,0.0,35.61756380137411
2020-07-12,23.98635593481666,29.466719617646024,41.93350982453157,23.98635593481666,23.98635593481666,11.886711918346116,11.886711918346116,11.886711918346116,0.2775659184989776,0.2775659184989776,0.2775659184989776,11.60914599984714,11.60914599984714,11.60914599984714,0.0,0.0,0.0,35.87306785316278
2020-07-13,23.986128692014738,29.693479412126724,42.793411490704074,23.986128692014738,23.986128692014738,11.990831573102765,11.990831573102765,11.990831573102765,0.3667490234011975,0.3667490234011975,0.3667490234011975,11.624082549701567,11.624082549701567,11.624082549701567,0.0,0.0,0.0,35.976960265117505
2020-07-14,23.985901449212815,28.930630537321417,41.238515891034446,23.985901449212815,23.985901449212815,11.061252310721075,11.061252310721075,11.061252310721075,-0.5519292038362289,-0.5519292038362289,-0.5519292038362289,11.613181514557304,11.613181514557304,11.613181514557304,0.0,0.0,0.0,35.04715375993389
2020-07-15,23.985674206410888,29.622868535334693,42.8071209820759,23.985674206410888,23.985674206410888,11.94238473710795,11.94238473710795,11.94238473710795,0.36678124822378555,0.36678124822378555,0.36678124822378555,11.575603488884166,11.575603488884166,11.575603488884166,0.0,0.0,0.0,35.928058943518835
2020-07-16,23.985446963608965,29.284269838540965,41.848171454872585,23.985446963608965,23.985446963608965,11.450382580464492,11.450382580464492,11.450382580464492,-0.060478549997108985,-0.060478549997108985,-0.060478549997108985,11.5108611304616,11.5108611304616,11.5108611304616,0.0,0.0,0.0,35.43582954407346
2020-07-17,23.98521972080704,28.156154705161626,41.02723921092981,23.98521972080704,23.98521972080704,10.95870784975309,10.95870784975309,10.95870784975309,-0.460114952023076,-0.460114952023076,-0.460114952023076,11.418822801776166,11.418822801776166,11.418822801776166,0.0,0.0,0.0,34.943927570560135
2020-07-18,23.98499247800512,29.34919836572397,41.71353421642411,23.98499247800512,23.98499247800512,11.361137197219119,11.361137197219119,11.361137197219119,0.06142651573496615,0.06142651573496615,0.06142651573496615,11.299710681484152,11.299710681484152,11.299710681484152,0.0,0.0,0.0,35.34612967522423
2020-07-19,23.984765235203195,29.05813514036001,41.247975187835834,23.984765235203195,23.984765235203195,11.431659401241808,11.431659401241808,11.431659401241808,0.2775659185000388,0.2775659185000388,0.2775659185000388,11.154093482741768,11.154093482741768,11.154093482741768,0.0,0.0,0.0,35.416424636445
2020-07-20,23.98453799240127,29.166566858274397,41.99094054705582,23.98453799240127,23.98453799240127,11.34962301434951,11.34962301434951,11.34962301434951,0.3667490234003552,0.3667490234003552,0.3667490234003552,10.982873990949154,10.982873990949154,10.982873990949154,0.0,0.0,0.0,35.334161006750776
2020-07-21,23.98431074959935,28.03178095148141,40.975145627242014,23.98431074959935,23.98431074959935,10.23534249810368,10.23534249810368,10.23534249810368,-0.5519292038360091,-0.5519292038360091,-0.5519292038360091,10.787271701939687,10.787271701939687,10.787271701939687,0.0,0.0,0.0,34.21965324770303
2020-07-22,23.984083506797422,28.77148158641091,40.972044118982495,23.984083506797422,23.984083506797422,10.935582150678858,10.935582150678858,10.935582150678858,0.3667812482235532,0.3667812482235532,0.3667812482235532,10.568800902455305,10.568800902455305,10.568800902455305,0.0,0.0,0.0,34.91966565747628
2020-07-23,23.9838562639955,27.848188907915187,39.96717050351917,23.9838562639955,23.9838562639955,10.268766037713712,10.268766037713712,10.268766037713712,-0.06047854999898949,-0.06047854999898949,-0.06047854999898949,10.329244587712703,10.329244587712703,10.329244587712703,0.0,0.0,0.0,34.25262230170921
2020-07-24,23.983629021193575,27.344809864999625,39.53369600781162,23.983629021193575,23.983629021193575,9.610509704075636,9.610509704075636,9.610509704075636,-0.4601149520236927,-0.4601149520236927,-0.4601149520236927,10.07062465609933,10.07062465609933,10.07062465609933,0.0,0.0,0.0,33.59413872526921
2020-07-25,23.98340177839165,27.791297646522686,39.7444895850243,23.98340177839165,23.98340177839165,9.856595374438815,9.856595374438815,9.856595374438815,0.06142651573409042,0.06142651573409042,0.06142651573409042,9.795168858704724,9.795168858704724,9.795168858704724,0.0,0.0,0.0,33.83999715283046
2020-07-26,23.98317453558973,27.22022643182859,39.61457143105554,23.98317453558973,23.98317453558973,9.782840930478205,9.782840930478205,9.782840930478205,0.27756591849980955,0.27756591849980955,0.27756591849980955,9.505275011978394,9.505275011978394,9.505275011978394,0.0,0.0,0.0,33.766015466067934
2020-07-27,23.982947292787802,27.214007603524436,39.63946952978176,23.982947292787802,23.982947292787802,9.57022202914134,9.57022202914134,9.57022202914134,0.366749023400382,0.366749023400382,0.366749023400382,9.203473005740957,9.203473005740957,9.203473005740957,0.0,0.0,0.0,33.55316932192914
2020-08-01,23.981811078778183,25.36952068273968,38.28299148353049,23.981811078778183,23.981811078778183,7.669991686866994,7.669991686866994,7.669991686866994,0.061426515735105776,0.061426515735105776,0.061426515735105776,7.608565171131889,7.608565171131889,7.608565171131889,0.0,0.0,0.0,31.651802765645176
2020-08-02,23.981583835976263,25.485504960261263,37.33224592704001,23.981583835976263,23.981583835976263,7.568318736571739,7.568318736571739,7.568318736571739,0.2775659185005157,0.2775659185005157,0.2775659185005157,7.2907528180712236,7.2907528180712236,7.2907528180712236,0.0,0.0,0.0,31.549902572548003
2020-08-03,23.981356593174336,25.308869372121087,37.88525705324501,23.981356593174336,23.981356593174336,7.345792520792857,7.345792520792857,7.345792520792857,0.3667490233995397,0.3667490233995397,0.3667490233995397,6.9790434973933175,6.9790434973933175,6.9790434973933175,0.0,0.0,0.0,31.327149113967195
2020-08-04,23.981129350372413,24.044698417320223,35.832482243842556,23.981129350372413,23.981129350372413,6.123647210363887,6.123647210363887,6.123647210363887,-0.5519292038356364,-0.5519292038356364,-0.5519292038356364,6.675576414199523,6.675576414199523,6.675576414199523,0.0,0.0,0.0,30.1047765607363
2020-08-05,23.98090210757049,23.964293686537758,36.98719485840687,23.98090210757049,23.98090210757049,6.749055609918716,6.749055609918716,6.749055609918716,0.3667812482235044,0.3667812482235044,0.3667812482235044,6.382274361695211,6.382274361695211,6.382274361695211,0.0,0.0,0.0,30.729957717489206
2020-08-06,23.980674864768563,24.11366229602651,36.47330878924503,23.980674864768563,23.980674864768563,6.040335896947513,6.040335896947513,6.040335896947513,-0.06047855000082704,-0.06047855000082704,-0.06047855000082704,6.100814446948341,6.100814446948341,6.100814446948341,0.0,0.0,0.0,30.021010761716077
2020-08-07,23.980447621966643,23.147595885150995,36.13608509766963,23.980447621966643,23.980447621966643,5.372487641527461,5.372487641527461,5.372487641527461,-0.46011495202492614,-0.46011495202492614,-0.46011495202492614,5.832602593552387,5.832602593552387,5.832602593552387,0.0,0.0,0.0,29.352935263494103
2020-08-08,23.980220379164717,23.49382404714751,36.15491920693281,23.980220379164717,23.980220379164717,5.640178775009551,5.640178775009551,5.640178775009551,0.061426515736121054,0.061426515736121054,0.061426515736121054,5.57875225927343,5.57875225927343,5.57875225927343,0.0,0.0,0.0,29.62039915417427
2020-08-09,23.979993136362797,23.831717244572587,36.28794889856159,23.979993136362797,23.979993136362797,5.617633685075542,5.617633685075542,5.617633685075542,0.27756591849899587,0.27756591849899587,0.27756591849899587,5.340067766576547,5.340067766576547,5.340067766576547,0.0,0.0,0.0,29.59762682143834
2020-08-10,23.97976589356087,23.488615636602376,35.69762146308586,23.97976589356087,23.97976589356087,5.483781620343502,5.483781620343502,5.483781620343502,0.3667490233986974,0.3667490233986974,0.3667490233986974,5.117032596944805,5.117032596944805,5.117032596944805,0.0,0.0,0.0,29.463547513904373
2020-08-11,23.979538650758943,22.223418193503758,34.71542532491273,23.979538650758943,23.979538650758943,4.357873741812612,4.357873741812612,4.357873741812612,-0.5519292038359241,-0.5519292038359241,-0.5519292038359241,4.9098029456485355,4.9098029456485355,4.9098029456485355,0.0,0.0,0.0,28.337412392571554
2020-08-12,23.979311407957024,22.564997679579523,34.4067606186848,23.979311407957024,23.979311407957024,5.084988019972701,5.084988019972701,5.084988019972701,0.36678124822348007,0.36678124822348007,0.36678124822348007,4.71820677174922,4.71820677174922,4.71820677174922,0.0,0.0,0.0,29.064299427929726
2020-08-13,23.979084165155097,21.973287551649054,34.985313682772464,23.979084165155097,23.979084165155097,4.4812699584927485,4.4812699584927485,4.4812699584927485,-0.06047855000053272,-0.06047855000053272,-0.06047855000053272,4.541748508493281,4.541748508493281,4.541748508493281,0.0,0.0,0.0,28.460354123647846
2020-08-14,23.978856922353177,21.717295598216793,33.576019614058566,23.978856922353177,23.978856922353177,3.919504569840195,3.919504569840195,3.919504569840195,-0.4601149520226833,-0.4601149520226833,-0.4601149520226833,4.379619521862878,4.379619521862878,4.379619521862878,0.0,0.0,0.0,27.898361492193374
2020-08-15,23.97862967955125,21.883617173139235,34.526044443604555,23.97862967955125,23.97862967955125,4.292140836071686,4.292140836071686,4.292140836071686,0.06142651573713638,0.06142651573713638,0.06142651573713638,4.230714320334551,4.230714320334551,4.230714320334551,0.0,0.0,0.0,28.270770515622935
2020-08-16,23.978402436749327,22.274112876202096,34.21638628934629,23.978402436749327,23.978402436749327,4.371218345846749,4.371218345846749,4.371218345846749,0.27756591850005713,0.27756591850005713,0.27756591850005713,4.093652427346692,4.093652427346692,4.093652427346692,0.0,0.0,0.0,28.349620782596077
2020-08-17,23.978175193947404,22.103415362267796,34.78019561515699,23.978175193947404,23.978175193947404,4.333554754027959,4.333554754027959,4.333554754027959,0.36674902339828963,0.36674902339828963,0.36674902339828963,3.9668057306296696,3.9668057306296696,3.9668057306296696,0.0,0.0,0.0,28.311729947975362
2020-08-18,23.977947951145477,20.90807264011466,33.115433152979826,23.977947951145477,23.977947951145477,3.296401816799854,3.296401816799854,3.296401816799854,-0.5519292038362791,-0.5519292038362791,-0.5519292038362791,3.8483310206361327,3.8483310206361327,3.8483310206361327,0.0,0.0,0.0,27.27434976794533
2020-08-19,23.977720708343558,22.36055080266003,33.94954372702949,23.977720708343558,23.977720708343558,4.102988573647935,4.102988573647935,4.102988573647935,0.36678124822345565,0.36678124822345565,0.36678124822345565,3.7362073254244796,3.7362073254244796,3.7362073254244796,0.0,0.0,0.0,28.080709281991492
2020-08-20,23.97749346630826,21.388685904573343,33.86583078371368,23.97749346630826,23.97749346630826,3.5677989934614707,3.5677989934614707,3.5677989934614707,-0.06047854999856625,-0.06047854999856625,-0.06047854999856625,3.6282775434600367,3.6282775434600367,3.6282775434600367,0.0,0.0,0.0,27.54529245976973
2020-08-21,23.977266224272963,21.12444823203062,33.18955058174472,23.977266224272963,23.977266224272963,3.062178819029784,3.062178819029784,3.062178819029784,-0.460114952025417,-0.460114952025417,-0.460114952025417,3.522293771055201,3.522293771055201,3.522293771055201,0.0,0.0,0.0,27.03944504330275
2020-08-22,23.97703898223767,21.62964302570348,33.525081378248316,23.97703898223767,23.97703898223767,3.4773921358574382,3.4773921358574382,3.4773921358574382,0.061426515736260734,0.061426515736260734,0.061426515736260734,3.415965620121177,3.415965620121177,3.415965620121177,0.0,0.0,0.0,27.45443111809511
2020-08-23,23.976811740202375,21.013248076241794,33.43378485567655,23.976811740202375,23.976811740202375,3.5845766456090944,3.5845766456090944,3.5845766456090944,0.2775659184998277,0.2775659184998277,0.2775659184998277,3.3070107271092675,3.3070107271092675,3.3070107271092675,0.0,0.0,0.0,27.56138838581147
2020-08-24,23.976584498167078,21.48773427580359,33.611035315719306,23.976584498167078,23.976584498167078,3.559955591758667,3.559955591758667,3.559955591758667,0.36674902340023785,0.36674902340023785,0.36674902340023785,3.193206568358429,3.193206568358429,3.193206568358429,0.0,0.0,0.0,27.536540089925744
2020-08-25,23.976357256131784,20.15569082941827,33.019407783776515,23.976357256131784,23.976357256131784,2.520513419460061,2.520513419460061,2.520513419460061,-0.5519292038365666,-0.5519292038365666,-0.5519292038365666,3.0724426232966278,3.0724426232966278,3.0724426232966278,0.0,0.0,0.0,26.496870675591847
2020-08-26,23.976130014096487,21.328327765334752,34.02582874991974,23.976130014096487,23.976130014096487,3.309553116121363,3.309553116121363,3.309553116121363,0.3667812482234312,0.3667812482234312,0.3667812482234312,2.9427718678979313,2.9427718678979313,2.9427718678979313,0.0,0.0,0.0,27.28568313021785
2020-08-27,23.975902772061193,20.058371512933423,32.81378983171369,23.975902772061193,23.975902772061193,2.74198198914647,2.74198198914647,2.74198198914647,-0.06047855000044678,-0.06047855000044678,-0.06047855000044678,2.8024605391469164,2.8024605391469164,2.8024605391469164,0.0,0.0,0.0,26.717884761207664
2020-09-01,23.974766561884714,19.02397008509504,31.611073825375307,23.974766561884714,23.974766561884714,1.3491644588086835,1.3491644588086835,1.3491644588086835,-0.5519292038358392,-0.5519292038358392,-0.5519292038358392,1.9010936626445227,1.9010936626445227,1.9010936626445227,0.0,0.0,0.0,25.323931020693397
2020-09-02,23.97453931984942,19.55716921026277,32.306829549552305,23.97453931984942,23.97453931984942,2.044592882784208,2.044592882784208,2.044592882784208,0.366781248224756,0.366781248224756,0.366781248224756,1.6778116345594518,1.6778116345594518,1.6778116345594518,0.0,0.0,0.0,26.019132202633628
2020-09-03,23.974312077814123,19.492157167504384,31.631711061887074,23.974312077814123,23.974312077814123,1.3805711339985665,1.3805711339985665,1.3805711339985665,-0.0604785500004038,-0.0604785500004038,-0.0604785500004038,1.4410496839989704,1.4410496839989704,1.4410496839989704,0.0,0.0,0.0,25.354883211812687
2020-09-04,23.974084835778825,18.563196403781216,31.2462971984187,23.974084835778825,23.974084835778825,0.7319037459462686,0.7319037459462686,0.7319037459462686,-0.46011495202241665,-0.46011495202241665,-0.46011495202241665,1.1920186979686853,1.1920186979686853,1.1920186979686853,0.0,0.0,0.0,24.705988581725094
2020-09-05,23.973857593743528,18.636409360320098,31.03779262640855,23.973857593743528,23.973857593743528,0.9937723632227005,0.9937723632227005,0.9937723632227005,0.06142651573317935,0.06142651573317935,0.06142651573317935,0.9323458474895211,0.9323458474895211,0.9323458474895211,0.0,0.0,0.0,24.967629956966228
2020-09-06,23.973630351708234,18.501825463283385,31.69894226929637,23.973630351708234,23.973630351708234,0.9416216245034477,0.9416216245034477,0.9416216245034477,0.27756591849936907,0.27756591849936907,0.27756591849936907,0.6640557060040786,0.6640557060040786,0.6640557060040786,0.0,0.0,0.0,24.91525197621168
2020-09-07,23.97340310967294,18.015475626350163,31.351839813436484,23.97340310967294,23.97340310967294,0.7562907931989523,0.7562907931989523,0.7562907931989523,0.3667490233998568,0.3667490233998568,0.3667490233998568,0.3895417697990955,0.3895417697990955,0.3895417697990955,0.0,0.0,0.0,24.729693902871894
2020-09-08,23.973175867637643,17.258252949021436,29.794460489850312,23.973175867637643,23.973175867637643,-0.4404006111865858,-0.4404006111865858,-0.4404006111865858,-0.5519292038361269,-0.5519292038361269,-0.5519292038361269,0.11152859264954113,0.11152859264954113,0.11152859264954113,0.0,0.0,0.0,23.532775256451057
2020-09-09,23.97294862560235,18.111852720746903,30.06659603443669,23.97294862560235,23.97294862560235,0.19980621551711036,0.19980621551711036,0.19980621551711036,0.3667812482231745,0.3667812482231745,0.3667812482231745,-0.16697503270606415,-0.16697503270606415,-0.16697503270606415,0.0,0.0,0.0,24.17275484111946
2020-09-10,23.972721383567052,16.955281636868122,29.94984085723138,23.972721383567052,23.972721383567052,-0.5032097420302512,-0.5032097420302512,-0.5032097420302512,-0.06047854999818602,-0.06047854999818602,-0.06047854999818602,-0.44273119203206507,-0.44273119203206507,-0.44273119203206507,0.0,0.0,0.0,23.4695116415368
2020-09-11,23.972494141531758,16.47068964872373,29.01237618707514,23.972494141531758,23.972494141531758,-1.1724503462563387,-1.1724503462563387,-1.1724503462563387,-0.46011495202515035,-0.46011495202515035,-0.46011495202515035,-0.7123353942311883,-0.7123353942311883,-0.7123353942311883,0.0,0.0,0.0,22.80004379527542
2020-09-12,23.97226689949646,17.319829105534353,29.414567768719493,23.97226689949646,23.97226689949646,-0.9108589478755248,-0.9108589478755248,-0.9108589478755248,0.06142651573608563,0.06142651573608563,0.06142651573608563,-0.9722854636116104,-0.9722854636116104,-0.9722854636116104,0.0,0.0,0.0,23.061407951620936
2020-09-13,23.972039657461163,16.704213097511502,29.519242302765164,23.972039657461163,23.972039657461163,-0.9414895893550821,-0.9414895893550821,-0.9414895893550821,0.27756591850043033,0.27756591850043033,0.27756591850043033,-1.2190555078555125,-1.2190555078555125,-1.2190555078555125,0.0,0.0,0.0,23.03055006810608
2020-09-14,23.97181241542587,16.77359462727775,28.918220316355143,23.97181241542587,23.97181241542587,-1.0824244949071928,-1.0824244949071928,-1.0824244949071928,0.36674902340223964,0.36674902340223964,0.36674902340223964,-1.4491735183094325,-1.4491735183094325,-1.4491735183094325,0.0,0.0,0.0,22.889387920518676
2020-09-15,23.971585173390572,15.766732773736004,27.953881975784235,23.971585173390572,23.971585173390572,-2.211230217826713,-2.211230217826713,-2.211230217826713,-0.5519292038364145,-0.5519292038364145,-0.5519292038364145,-1.6593010139902986,-1.6593010139902986,-1.6593010139902986,0.0,0.0,0.0,21.76035495556386
2020-09-16,23.97135793135528,16.104352483091507,29.230966270902208,23.97135793135528,23.97135793135528,-1.4795317783511406,-1.4795317783511406,-1.4795317783511406,0.3667812482244992,0.3667812482244992,0.3667812482244992,-1.8463130265756398,-1.8463130265756398,-1.8463130265756398,0.0,0.0,0.0,22.491826153004137
2020-09-17,23.971130689319985,15.448634339476737,28.203818423353916,23.971130689319985,23.971130689319985,-2.067855194934514,-2.067855194934514,-2.067855194934514,-0.06047854999814304,-0.06047854999814304,-0.06047854999814304,-2.007376644936371,-2.007376644936371,-2.007376644936371,0.0,0.0,0.0,21.903275494385472
2020-09-18,23.970903447284687,14.762800440010684,27.23950964534892,23.970903447284687,23.970903447284687,-2.6001412500755623,-2.6001412500755623,-2.6001412500755623,-0.4601149520236502,-0.4601149520236502,-0.4601149520236502,-2.1400262980519127,-2.1400262980519127,-2.1400262980519127,0.0,0.0,0.0,21.370762197209125
2020-09-19,23.970676205249394,15.638663640314633,27.78168637142253,23.970676205249394,23.970676205249394,-2.1808074414233505,-2.1808074414233505,-2.1808074414233505,0.061426515735209984,0.061426515735209984,0.061426515735209984,-2.242233957158561,-2.242233957158561,-2.242233957158561,0.0,0.0,0.0,21.789868763826043
2020-09-20,23.970448963214093,15.764196288672819,28.1228606735998,23.970448963214093,23.970448963214093,-2.0349065650609037,-2.0349065650609037,-2.0349065650609037,0.277565918499846,0.277565918499846,0.277565918499846,-2.3124724835607493,-2.3124724835607493,-2.3124724835607493,0.0,0.0,0.0,21.93554239815319
2020-09-21,23.9702217211788,16.15296216547891,28.020983820655967,23.9702217211788,23.9702217211788,-1.9830214149455683,-1.9830214149455683,-1.9830214149455683,0.3667490234013973,0.3667490234013973,0.3667490234013973,-2.3497704383469658,-2.3497704383469658,-2.3497704383469658,0.0,0.0,0.0,21.98720030623323
2020-09-22,23.969994479143505,14.617022271210978,27.24509252993464,23.969994479143505,23.969994479143505,-2.905686007865439,-2.905686007865439,-2.905686007865439,-0.551929203835687,-0.551929203835687,-0.551929203835687,-2.3537568040297523,-2.3537568040297523,-2.3537568040297523,0.0,0.0,0.0,21.064308471278068
2020-09-23,23.969767237108208,15.501393790036788,28.227770166861376,23.969767237108208,23.969767237108208,-1.957912996022177,-1.957912996022177,-1.957912996022177,0.3667812482231257,0.3667812482231257,0.3667812482231257,-2.3246942442453027,-2.3246942442453027,-2.3246942442453027,0.0,0.0,0.0,22.01185424108603
2020-09-24,23.969539995072914,15.395106599487937,27.58952873597901,23.969539995072914,23.969539995072914,-2.323978293550244,-2.323978293550244,-2.323978293550244,-0.06047854999810008,-0.06047854999810008,-0.06047854999810008,-2.263499743552144,-2.263499743552144,-2.263499743552144,0.0,0.0,0.0,21.64556170152267
2020-09-25,23.969312753037617,15.106603237213713,27.318113067932938,23.969312753037617,23.969312753037617,-2.6318666731501357,-2.6318666731501357,-2.6318666731501357,-0.46011495202352426,-0.46011495202352426,-0.46011495202352426,-2.1717517211266113,-2.1717517211266113,-2.1717517211266113,0.0,0.0,0.0,21.33744607988748
2020-09-26,23.969085511002323,15.934959591289145,27.90579740010383,23.969085511002323,23.969085511002323,-1.9902564793026996,-1.9902564793026996,-1.9902564793026996,0.06142651573433432,0.06142651573433432,0.06142651573433432,-2.051682995037034,-2.051682995037034,-2.051682995037034,0.0,0.0,0.0,21.97882903169962
2020-09-27,23.968858268967026,16.202091189976947,28.627715464377573,23.968858268967026,23.968858268967026,-1.6285933632876552,-1.6285933632876552,-1.6285933632876552,0.27756591849961676,0.27756591849961676,0.27756591849961676,-1.906159281787272,-1.906159281787272,-1.906159281787272,0.0,0.0,0.0,22.34026490567937
2020-10-01,23.967949300825843,16.341401573602592,28.508064707212583,23.967949300825843,23.967949300825843,-1.2070563736388527,-1.2070563736388527,-1.2070563736388527,-0.0604785499980571,-0.0604785499980571,-0.0604785499980571,-1.1465778236407955,-1.1465778236407955,-1.1465778236407955,0.0,0.0,0.0,22.76089292718699
2020-10-02,23.96772205879055,16.00409707378907,28.886420332867203,23.96772205879055,23.96772205879055,-1.3957466375481442,-1.3957466375481442,-1.3957466375481442,-0.4601149520220241,-0.4601149520220241,-0.4601149520220241,-0.9356316855261201,-0.9356316855261201,-0.9356316855261201,0.0,0.0,0.0,22.571975421242406
2020-10-03,23.967494816755252,17.419169551939323,29.678883188063676,23.967494816755252,23.967494816755252,-0.665336315020506,-0.665336315020506,-0.665336315020506,0.06142651573724062,0.06142651573724062,0.06142651573724062,-0.7267628307577466,-0.7267628307577466,-0.7267628307577466,0.0,0.0,0.0,23.302158501734745
2020-10-04,23.96726757471996,17.801652121048576,29.825308339515896,23.96726757471996,23.96726757471996,-0.24797132942524255,-0.24797132942524255,-0.24797132942524255,0.2775659184980968,0.2775659184980968,0.2775659184980968,-0.5255372479233393,-0.5255372479233393,-0.5255372479233393,0.0,0.0,0.0,23.719296245294714
2020-10-05,23.96704033268466,18.23842606360295,29.81824338211115,23.96704033268466,23.96704033268466,0.029216712349821886,0.029216712349821886,0.029216712349821886,0.36674902340058174,0.36674902340058174,0.36674902340058174,-0.33753231105075987,-0.33753231105075987,-0.33753231105075987,0.0,0.0,0.0,23.996257045034483
2020-10-06,23.966813090649364,17.207406408390664,29.453246979102776,23.966813090649364,23.966813090649364,-0.7201538303004748,-0.7201538303004748,-0.7201538303004748,-0.5519292038363297,-0.5519292038363297,-0.5519292038363297,-0.16822462646414504,-0.16822462646414504,-0.16822462646414504,0.0,0.0,0.0,23.24665926034889
2020-10-07,23.96658584861407,17.690459875561885,30.300034391197133,23.96658584861407,23.96658584861407,0.34390391647696683,0.34390391647696683,0.34390391647696683,0.36678124822577524,0.36678124822577524,0.36678124822577524,-0.022877331748808377,-0.022877331748808377,-0.022877331748808377,0.0,0.0,0.0,24.310489765091038
2020-10-08,23.966358606578773,17.753239069863167,30.202159911727446,23.966358606578773,23.966358606578773,0.03309205934699641,0.03309205934699641,0.03309205934699641,-0.060478549999937625,-0.060478549999937625,-0.060478549999937625,0.09357060934693404,0.09357060934693404,0.09357060934693404,0.0,0.0,0.0,23.999450665925767
2020-10-09,23.96613136454348,18.091140106642086,30.08121304688827,23.96613136454348,23.96613136454348,-0.28350439955608536,-0.28350439955608536,-0.28350439955608536,-0.4601149520226408,-0.4601149520226408,-0.4601149520226408,0.17661055246655544,0.17661055246655544,0.17661055246655544,0.0,0.0,0.0,23.682626964987392
2020-10-10,23.965904122508185,18.089363980916495,30.41190140665292,23.965904122508185,23.965904122508185,0.28368975244655203,0.28368975244655203,0.28368975244655203,0.06142651573636492,0.06142651573636492,0.06142651573636492,0.2222632367101871,0.2222632367101871,0.2222632367101871,0.0,0.0,0.0,24.249593874954737
2020-10-11,23.965676880472888,18.210478601768,30.34831531562163,23.965676880472888,23.965676880472888,0.5047342675464352,0.5047342675464352,0.5047342675464352,0.2775659184988031,0.2775659184988031,0.2775659184988031,0.2271683490476322,0.2271683490476322,0.2271683490476322,0.0,0.0,0.0,24.470411148019323
2020-10-12,23.96544963843759,18.22669175606157,31.145803655067777,23.96544963843759,23.96544963843759,0.5554113592683092,0.5554113592683092,0.5554113592683092,0.366749023400174,0.366749023400174,0.366749023400174,0.18866233586813527,0.18866233586813527,0.18866233586813527,0.0,0.0,0.0,24.5208609977059
2020-10-13,23.965222396402293,17.139329187144124,29.722111988865105,23.965222396402293,23.965222396402293,-0.44708677169743255,-0.44708677169743255,-0.44708677169743255,-0.5519292038366174,-0.5519292038366174,-0.5519292038366174,0.10484243213918476,0.10484243213918476,0.10484243213918476,0.0,0.0,0.0,23.51813562470486
2020-10-14,23.964995154367,17.915915817899187,30.554664512835608,23.964995154367,23.964995154367,0.3413964051955807,0.3413964051955807,0.3413964051955807,0.3667812482228446,0.3667812482228446,0.3667812482228446,-0.025384843027263914,-0.025384843027263914,-0.025384843027263914,0.0,0.0,0.0,24.30639155956258
2020-10-15,23.964767912331705,17.46453481506058,30.118062127920076,23.964767912331705,23.964767912331705,-0.26275069814586927,-0.26275069814586927,-0.26275069814586927,-0.06047854999797116,-0.06047854999797116,-0.06047854999797116,-0.2022721481478981,-0.2022721481478981,-0.2022721481478981,0.0,0.0,0.0,23.702017214185837
2020-10-16,23.964540670296408,16.73078067483165,29.253424167886184,23.964540670296408,23.964540670296408,-0.8853327445869563,-0.8853327445869563,-0.8853327445869563,-0.46011495202325753,-0.46011495202325753,-0.46011495202325753,-0.4252177925636988,-0.4252177925636988,-0.4252177925636988,0.0,0.0,0.0,23.07920792570945
2020-10-17,23.964313428261114,17.096567702536607,29.750898047772807,23.964313428261114,23.964313428261114,-0.631344355716801,-0.631344355716801,-0.631344355716801,0.06142651573415926,0.06142651573415926,0.06142651573415926,-0.6927708714509603,-0.6927708714509603,-0.6927708714509603,0.0,0.0,0.0,23.332969072544312
2020-10-18,23.964086187894154,16.85456444882776,29.54513623667575,23.964086187894154,23.964086187894154,-0.7250893660199714,-0.7250893660199714,-0.7250893660199714,0.2775659184985738,0.2775659184985738,0.2775659184985738,-1.0026552845185452,-1.0026552845185452,-1.0026552845185452,0.0,0.0,0.0,23.23899682187418
2020-10-19,23.963858947527193,16.76370792514423,28.93618108450978,23.963858947527193,23.963858947527193,-0.9850633936125048,-0.9850633936125048,-0.9850633936125048,0.3667490233993317,0.3667490233993317,0.3667490233993317,-1.3518124170118364,-1.3518124170118364,-1.3518124170118364,0.0,0.0,0.0,22.978795553914686
2020-10-20,23.963631707160232,15.239773757748697,27.958803226612382,23.963631707160232,23.963631707160232,-2.2883910180969775,-2.2883910180969775,-2.2883910180969775,-0.5519292038363974,-0.5519292038363974,-0.5519292038363974,-1.73646181426058,-1.73646181426058,-1.73646181426058,0.0,0.0,0.0,21.675240689063255
2020-10-21,23.96340446679327,15.755888793096927,28.653358863643927,23.96340446679327,23.96340446679327,-1.7853974924140035,-1.7853974924140035,-1.7853974924140035,0.36678124822416935,0.36678124822416935,0.36678124822416935,-2.1521787406381727,-2.1521787406381727,-2.1521787406381727,0.0,0.0,0.0,22.17800697437927
2020-10-22,23.96317722642631,14.905284347616519,27.695881184944284,23.96317722642631,23.96317722642631,-2.654465641342403,-2.654465641342403,-2.654465641342403,-0.06047854999767684,-0.06047854999767684,-0.06047854999767684,-2.593987091344726,-2.593987091344726,-2.593987091344726,0.0,0.0,0.0,21.30871158508391
2020-10-23,23.96294998605935,14.416611447218475,26.990151526292152,23.96294998605935,23.96294998605935,-3.516580683928977,-3.516580683928977,-3.516580683928977,-0.4601149520238743,-0.4601149520238743,-0.4601149520238743,-3.0564657319051025,-3.0564657319051025,-3.0564657319051025,0.0,0.0,0.0,20.44636930213037
2020-10-24,23.962722745692393,14.08915919624065,26.289008171171027,23.962722745692393,23.962722745692393,-3.472439470217301,-3.472439470217301,-3.472439470217301,0.06142651573517454,0.06142651573517454,0.06142651573517454,-3.5338659859524753,-3.5338659859524753,-3.5338659859524753,0.0,0.0,0.0,20.490283275475093
2020-10-25,23.962495505325432,13.521882991061192,26.54307340906828,23.962495505325432,23.962495505325432,-3.742671767825501,-3.742671767825501,-3.742671767825501,0.27756591849963497,0.27756591849963497,0.27756591849963497,-4.020237686325136,-4.020237686325136,-4.020237686325136,0.0,0.0,0.0,20.21982373749993
2020-10-26,23.96226826495847,13.489421844221678,26.05578197757945,23.96226826495847,23.96226826495847,-4.142811932898346,-4.142811932898346,-4.142811932898346,0.36674902339935844,0.36674902339935844,0.36674902339935844,-4.509560956297705,-4.509560956297705,-4.509560956297705,0.0,0.0,0.0,19.819456332060124
2020-10-27,23.96204102459151,11.229183483940846,24.882199265586625,23.96204102459151,23.96204102459151,-5.54780990800507,-5.54780990800507,-5.54780990800507,-0.5519292038361774,-0.5519292038361774,-0.5519292038361774,-4.995880704168892,-4.995880704168892,-4.995880704168892,0.0,0.0,0.0,18.41423111658644
2020-11-01,23.960904822756707,10.633300082210758,23.305018958209157,23.960904822756707,23.960904822756707,-6.917448416424165,-6.917448416424165,-6.917448416424165,0.27756591850069623,0.27756591850069623,0.27756591850069623,-7.195014334924861,-7.195014334924861,-7.195014334924861,0.0,0.0,0.0,17.04345640633254
2020-11-02,23.96067758238975,10.656559097674537,23.17120741795865,23.96067758238975,23.96067758238975,-7.191318741340046,-7.191318741340046,-7.191318741340046,0.3667490234013067,0.3667490234013067,0.3667490234013067,-7.558067764741352,-7.558067764741352,-7.558067764741352,0.0,0.0,0.0,16.7693588410497
2020-11-03,23.96045034202279,9.259756470215057,21.643381946013683,23.96045034202279,23.96045034202279,-8.440603734861282,-8.440603734861282,-8.440603734861282,-0.5519292038359574,-0.5519292038359574,-0.5519292038359574,-7.888674531025325,-7.888674531025325,-7.888674531025325,0.0,0.0,0.0,15.519846607161506
2020-11-04,23.960223101655828,9.873234370669628,22.348535364478188,23.960223101655828,23.960223101655828,-7.818768300471124,-7.818768300471124,-7.818768300471124,0.36678124822412056,0.36678124822412056,0.36678124822412056,-8.185549548695246,-8.185549548695246,-8.185549548695246,0.0,0.0,0.0,16.141454801184704
2020-11-05,23.959995861288867,9.078356074942242,21.7190958640017,23.959995861288867,23.959995861288867,-8.508789277313683,-8.508789277313683,-8.508789277313683,-0.06047854999951439,-0.06047854999951439,-0.06047854999951439,-8.448310727314169,-8.448310727314169,-8.448310727314169,0.0,0.0,0.0,15.451206583975184
2020-11-06,23.959768620921906,8.712588581844402,20.93022495208378,23.959768620921906,23.959768620921906,-9.137601569847973,-9.137601569847973,-9.137601569847973,-0.4601149520251077,-0.4601149520251077,-0.4601149520251077,-8.677486617822865,-8.677486617822865,-8.677486617822865,0.0,0.0,0.0,14.822167051073933
2020-11-07,23.959541380554946,9.489275347186002,21.307372570621286,23.959541380554946,23.959541380554946,-8.813075586967049,-8.813075586967049,-8.813075586967049,0.06142651573398419,0.06142651573398419,0.06142651573398419,-8.874502102701033,-8.874502102701033,-8.874502102701033,0.0,0.0,0.0,15.146465793587897
2020-11-08,23.959314140187985,8.861149797238959,21.42566431620397,23.959314140187985,23.959314140187985,-8.764076319030256,-8.764076319030256,-8.764076319030256,0.27756591849917633,0.27756591849917633,0.27756591849917633,-9.041642237529432,-9.041642237529432,-9.041642237529432,0.0,0.0,0.0,15.195237821157729
2020-11-09,23.959086899821024,9.196293620832442,21.949387741570707,23.959086899821024,23.959086899821024,-8.815245858849037,-8.815245858849037,-8.815245858849037,0.36674902340089893,0.36674902340089893,0.36674902340089893,-9.181994882249935,-9.181994882249935,-9.181994882249935,0.0,0.0,0.0,15.143841040971987
2020-11-10,23.958859659454063,7.680139138894066,20.438079065476504,23.958859659454063,23.958859659454063,-9.851302485602796,-9.851302485602796,-9.851302485602796,-0.5519292038363125,-0.5519292038363125,-0.5519292038363125,-9.299373281766483,-9.299373281766483,-9.299373281766483,0.0,0.0,0.0,14.107557173851268
2020-11-11,23.958632419087106,8.418611793115549,20.80082747791985,23.958632419087106,23.958632419087106,-9.031439006635924,-9.031439006635924,-9.031439006635924,0.3667812482240962,0.3667812482240962,0.3667812482240962,-9.39822025486002,-9.39822025486002,-9.39822025486002,0.0,0.0,0.0,14.927193412451182
2020-11-12,23.958405178720145,7.580308780334372,20.827442309926433,23.958405178720145,23.958405178720145,-9.54397466506395,-9.54397466506395,-9.54397466506395,-0.06047855000139489,-0.06047855000139489,-0.06047855000139489,-9.483496115062554,-9.483496115062554,-9.483496115062554,0.0,0.0,0.0,14.414430513656196
2020-11-13,23.958177938353185,7.473795392059912,19.843739362777256,23.958177938353185,23.958177938353185,-10.020667817152178,-10.020667817152178,-10.020667817152178,-0.460114952022865,-0.460114952022865,-0.460114952022865,-9.560552865129312,-9.560552865129312,-9.560552865129312,0.0,0.0,0.0,13.937510121201006
2020-11-14,23.957950697986224,8.40961480769989,21.29872309866469,23.957950697986224,23.957950697986224,-9.573571051439119,-9.573571051439119,-9.573571051439119,0.061426515734999465,0.061426515734999465,0.061426515734999465,-9.634997567174118,-9.634997567174118,-9.634997567174118,0.0,0.0,0.0,14.384379646547105
2020-11-15,23.957723457619263,8.278858197005416,20.234772933259322,23.957723457619263,23.957723457619263,-9.434982165226861,-9.434982165226861,-9.434982165226861,0.27756591850023754,0.27756591850023754,0.27756591850023754,-9.7125480837271,-9.7125480837271,-9.7125480837271,0.0,0.0,0.0,14.522741292392402
2020-11-16,23.957496217252302,8.173863383855043,20.901666443791807,23.957496217252302,23.957496217252302,-9.432135579558793,-9.432135579558793,-9.432135579558793,0.3667490234000566,0.3667490234000566,0.3667490234000566,-9.79888460295885,-9.79888460295885,-9.79888460295885,0.0,0.0,0.0,14.52536063769351
2020-11-17,23.95726897688534,7.222818464804476,19.794732767551725,23.95726897688534,23.95726897688534,-10.451429701668188,-10.451429701668188,-10.451429701668188,-0.5519292038360926,-0.5519292038360926,-0.5519292038360926,-9.899500497832095,-9.899500497832095,-9.899500497832095,0.0,0.0,0.0,13.505839275217154
2020-11-18,23.95704173651838,8.30403260747624,20.727946330098046,23.95704173651838,23.95704173651838,-9.652774871508939,-9.652774871508939,-9.652774871508939,0.3667812482225146,0.3667812482225146,0.3667812482225146,-10.019556119731453,-10.019556119731453,-10.019556119731453,0.0,0.0,0.0,14.304266865009442
2020-11-19,23.95681449615142,7.613244331372705,19.755521877830333,23.95681449615142,23.95681449615142,-10.224217640126218,-10.224217640126218,-10.224217640126218,-0.06047854999942845,-0.06047854999942845,-0.06047854999942845,-10.16373909012679,-10.16373909012679,-10.16373909012679,0.0,0.0,0.0,13.732596856025202
2020-11-20,23.956587255784463,7.013915907284589,20.058394951460333,23.956587255784463,23.956587255784463,-10.796249481033056,-10.796249481033056,-10.796249481033056,-0.4601149520234816,-0.4601149520234816,-0.4601149520234816,-10.336134529009575,-10.336134529009575,-10.336134529009575,0.0,0.0,0.0,13.160337774751406
2020-11-21,23.956360015417502,6.987998661756348,19.783710378079334,23.956360015417502,23.956360015417502,-10.478681932856055,-10.478681932856055,-10.478681932856055,0.061426515734123756,0.061426515734123756,0.061426515734123756,-10.540108448590178,-10.540108448590178,-10.540108448590178,0.0,0.0,0.0,13.477678082561447
2020-11-22,23.95613277505054,7.287219824537437,19.724933311016724,23.95613277505054,23.95613277505054,-10.500641330895515,-10.500641330895515,-10.500641330895515,0.27756591850000817,0.27756591850000817,0.27756591850000817,-10.778207249395523,-10.778207249395523,-10.778207249395523,0.0,0.0,0.0,13.455491444155026
2020-11-23,23.95590553468358,7.380331292138233,19.634669344436574,23.95590553468358,23.95590553468358,-10.68532686665325,-10.68532686665325,-10.68532686665325,0.36674902339921434,0.36674902339921434,0.36674902339921434,-11.052075890052464,-11.052075890052464,-11.052075890052464,0.0,0.0,0.0,13.27057866803033
2020-11-24,23.95567829431662,5.770569521765496,18.092583616728476,23.95567829431662,23.95567829431662,-11.914326073992124,-11.914326073992124,-11.914326073992124,-0.5519292038363802,-0.5519292038363802,-0.5519292038363802,-11.362396870155743,-11.362396870155743,-11.362396870155743,0.0,0.0,0.0,12.041352220324496
2020-11-25,23.95545105394966,5.823240140996546,18.61320411787225,23.95545105394966,23.95545105394966,-11.342070429610615,-11.342070429610615,-11.342070429610615,0.36678124822249036,0.36678124822249036,0.36678124822249036,-11.708851677833104,-11.708851677833104,-11.708851677833104,0.0,0.0,0.0,12.613380624339044
2020-11-26,23.9552238135827,5.51518168781609,17.866456194383268,23.9552238135827,23.9552238135827,-12.15058437163113,-12.15058437163113,-12.15058437163113,-0.06047855000130895,-0.06047855000130895,-0.06047855000130895,-12.090105821629821,-12.090105821629821,-12.090105821629821,0.0,0.0,0.0,11.804639441951569
2020-11-27,23.954996573215737,5.1786801131336615,17.143702393300096,23.954996573215737,23.954996573215737,-12.963932955130893,-12.963932955130893,-12.963932955130893,-0.46011495202409847,-0.46011495202409847,-0.46011495202409847,-12.503818003106794,-12.503818003106794,-12.503818003106794,0.0,0.0,0.0,10.991063618084844
2020-12-01,23.954087611747898,2.6363405101541484,15.595643216711625,23.954087611747898,23.954087611747898,-14.955624493654602,-14.955624493654602,-14.955624493654602,-0.5519292038356527,-0.5519292038356527,-0.5519292038356527,-14.403695289818952,-14.403695289818952,-14.403695289818952,0.0,0.0,0.0,8.998463118093296
2020-12-02,23.95386037138094,3.7779313630819598,15.256403060540524,23.95386037138094,23.95386037138094,-14.546167932621431,-14.546167932621431,-14.546167932621431,0.36678124822381497,0.36678124822381497,0.36678124822381497,-14.912949180845246,-14.912949180845246,-14.912949180845246,0.0,0.0,0.0,9.40769243875951
2020-12-03,23.95363313101398,2.760485537040535,14.80467759853864,23.95363313101398,23.95363313101398,-15.483377495787597,-15.483377495787597,-15.483377495787597,-0.06047855000126599,-0.06047855000126599,-0.06047855000126599,-15.422898945786331,-15.422898945786331,-15.422898945786331,0.0,0.0,0.0,8.470255635226383
2020-12-04,23.95340589064702,1.6335536119021021,13.815091756626794,23.95340589064702,23.95340589064702,-16.386406978150443,-16.386406978150443,-16.386406978150443,-0.4601149520239725,-0.4601149520239725,-0.4601149520239725,-15.926292026126472,-15.926292026126472,-15.926292026126472,0.0,0.0,0.0,7.566998912496576
2020-12-05,23.95317865028006,1.135431100625535,13.837730899666132,23.95317865028006,23.95317865028006,-16.35426515749745,-16.35426515749745,-16.35426515749745,0.061426515734263464,0.061426515734263464,0.061426515734263464,-16.415691673231716,-16.415691673231716,-16.415691673231716,0.0,0.0,0.0,7.598913492782607
2020-12-06,23.952951409913098,1.3867543359748444,13.749978994898235,23.952951409913098,23.952951409913098,-16.606072088614237,-16.606072088614237,-16.606072088614237,0.2775659184991946,0.2775659184991946,0.2775659184991946,-16.88363800711343,-16.88363800711343,-16.88363800711343,0.0,0.0,0.0,7.346879321298861
2020-12-07,23.952724169546137,0.6480751100878552,13.292979760177714,23.952724169546137,23.952724169546137,-16.956061805529156,-16.956061805529156,-16.956061805529156,0.36674902340205834,0.36674902340205834,0.36674902340205834,-17.322810828931214,-17.322810828931214,-17.322810828931214,0.0,0.0,0.0,6.996662364016981
2020-12-08,23.952496929179176,-1.121703271407357,11.829734926958523,23.952496929179176,23.952496929179176,-18.27811954705637,-18.27811954705637,-18.27811954705637,-0.5519292038359404,-0.5519292038359404,-0.5519292038359404,-17.72619034322043,-17.72619034322043,-17.72619034322043,0.0,0.0,0.0,5.674377382122806
2020-12-09,23.952269688812216,0.04059294698930223,12.340042056736376,23.952269688812216,23.952269688812216,-17.720430735394654,-17.720430735394654,-17.720430735394654,0.36678124822379066,0.36678124822379066,0.36678124822379066,-18.087211983618445,-18.087211983618445,-18.087211983618445,0.0,0.0,0.0,6.2318389534175616
2020-12-10,23.95204244844526,-1.0819843828957136,11.527479966053795,23.95204244844526,23.95204244844526,-18.460390217047664,-18.460390217047664,-18.460390217047664,-0.06047854999904817,-0.06047854999904817,-0.06047854999904817,-18.399911667048613,-18.399911667048613,-18.399911667048613,0.0,0.0,0.0,5.491652231397595
2020-12-11,23.951815208078298,-1.9558089479625402,11.069719858681838,23.951815208078298,23.951815208078298,-19.11917297472344,-19.11917297472344,-19.11917297472344,-0.46011495202458924,-0.46011495202458924,-0.46011495202458924,-18.65905802269885,-18.65905802269885,-18.65905802269885,0.0,0.0,0.0,4.832642233354857
2020-12-12,23.951587967711337,-1.282784883095918,11.387678193403358,23.951587967711337,23.951587967711337,-18.798841932871525,-18.798841932871525,-18.798841932871525,0.061426515737169736,0.061426515737169736,0.061426515737169736,-18.860268448608696,-18.860268448608696,-18.860268448608696,0.0,0.0,0.0,5.1527460348398115
2020-12-13,23.951360727344376,-0.404926448171798,11.688438147475841,23.951360727344376,23.951360727344376,-18.722540314278824,-18.722540314278824,-18.722540314278824,0.2775659185002558,0.2775659185002558,0.2775659185002558,-19.000106232779082,-19.000106232779082,-19.000106232779082,0.0,0.0,0.0,5.228820413065552
2020-12-14,23.951133486977415,-0.7961362631473358,11.804791685439843,23.951133486977415,23.951133486977415,-18.709407404648886,-18.709407404648886,-18.709407404648886,0.36674902340121607,0.36674902340121607,0.36674902340121607,-19.0761564280501,-19.0761564280501,-19.0761564280501,0.0,0.0,0.0,5.24172608232853
2020-12-15,23.950906246610455,-1.8541733182315487,10.29589004204924,23.950906246610455,23.950906246610455,-19.639007883275276,-19.639007883275276,-19.639007883275276,-0.5519292038362953,-0.5519292038362953,-0.5519292038362953,-19.08707867943898,-19.08707867943898,-19.08707867943898,0.0,0.0,0.0,4.311898363335178
2020-12-16,23.950679006611132,-1.1080427735769955,11.560848817717389,23.950679006611132,23.950679006611132,-18.6658545083806,-18.6658545083806,-18.6658545083806,0.3667812482251154,0.3667812482251154,0.3667812482251154,-19.032635756605718,-19.032635756605718,-19.032635756605718,0.0,0.0,0.0,5.284824498230531
2020-12-17,23.95045176661181,-0.9122975230224718,10.993934404995498,23.95045176661181,23.95045176661181,-18.97417567894752,-18.97417567894752,-18.97417567894752,-0.06047854999900521,-0.06047854999900521,-0.06047854999900521,-18.913697128948517,-18.913697128948517,-18.913697128948517,0.0,0.0,0.0,4.976276087664289
2020-12-18,23.950224526612484,-1.2690421126631035,11.3183871550569,23.950224526612484,23.950224526612484,-19.192332473960736,-19.192332473960736,-19.192332473960736,-0.46011495202520597,-0.46011495202520597,-0.46011495202520597,-18.732217521935535,-18.732217521935535,-18.732217521935535,0.0,0.0,0.0,4.757892052651748
2020-12-19,23.94999728661316,-1.2159052849809628,11.936963542339882,23.94999728661316,23.94999728661316,-18.429764480077765,-18.429764480077765,-18.429764480077765,0.06142651573629409,0.06142651573629409,0.06142651573629409,-18.491190995814062,-18.491190995814062,-18.491190995814062,0.0,0.0,0.0,5.520232806535397
2020-12-20,23.94977004661384,-0.5326530892576526,12.296391689127587,23.94977004661384,23.94977004661384,-17.917015758282854,-17.917015758282854,-17.917015758282854,0.2775659185000265,0.2775659185000265,0.2775659185000265,-18.194581676782885,-18.194581676782885,-18.194581676782885,0.0,0.0,0.0,6.032754288330985
2020-12-21,23.949542806614513,0.2124141292851068,12.248416665326175,23.949542806614513,23.949542806614513,-17.480483808024843,-17.480483808024843,-17.480483808024843,0.3667490234003738,0.3667490234003738,0.3667490234003738,-17.847232831425217,-17.847232831425217,-17.847232831425217,0.0,0.0,0.0,6.46905899858967
2020-12-22,23.94931556661519,-0.29981675121224205,11.752901384171723,23.94931556661519,23.94931556661519,-18.006685697682595,-18.006685697682595,-18.006685697682595,-0.5519292038360754,-0.5519292038360754,-0.5519292038360754,-17.45475649384652,-17.45475649384652,-17.45475649384652,0.0,0.0,0.0,5.942629868932595
2020-12-23,23.94908832661587,0.9017434279691849,13.647362309781908,23.94908832661587,23.94908832661587,-16.656625070357908,-16.656625070357908,-16.656625070357908,0.36678124822374186,0.36678124822374186,0.36678124822374186,-17.02340631858165,-17.02340631858165,-17.02340631858165,0.0,0.0,0.0,7.29246325625796
2020-12-24,23.948861086616542,1.2265641462427606,13.477830732528876,23.948861086616542,23.948861086616542,-16.620415279535575,-16.620415279535575,-16.620415279535575,-0.060478549998962225,-0.060478549998962225,-0.060478549998962225,-16.55993672953661,-16.55993672953661,-16.55993672953661,0.0,0.0,0.0,7.328445807080968
2020-12-25,23.948633846617216,0.9416263697175525,13.880376843480107,23.948633846617216,23.948633846617216,-16.531566708284245,-16.531566708284245,-16.531566708284245,-0.46011495202370584,-0.46011495202370584,-0.46011495202370584,-16.07145175626054,-16.07145175626054,-16.07145175626054,0.0,0.0,0.0,7.417067138332971
2020-12-26,23.948406606617894,2.0346248765390302,14.571733471415676,23.948406606617894,23.948406606617894,-15.503820670091105,-15.503820670091105,-15.503820670091105,0.06142651573408836,0.06142651573408836,0.06142651573408836,-15.565247185825196,-15.565247185825196,-15.565247185825196,0.0,0.0,0.0,8.444585936526789
2020-12-27,23.94817936661857,2.783038949172979,15.531366788921332,23.94817936661857,23.94817936661857,-14.771083887287647,-14.771083887287647,-14.771083887287647,0.27756591850108775,0.27756591850108775,0.27756591850108775,-15.048649805788735,-15.048649805788735,-15.048649805788735,0.0,0.0,0.0,9.177095479330925
2021-01-01,23.947043166621953,3.972825125658348,17.528099746789234,23.947043166621953,23.947043166621953,-13.008879106601098,-13.008879106601098,-13.008879106601098,-0.4601149520222056,-0.4601149520222056,-0.4601149520222056,-12.548764154578892,-12.548764154578892,-12.548764154578892,0.0,0.0,0.0,10.938164060020855
2021-01-02,23.94681592662263,5.473158745514901,17.558791090591534,23.94681592662263,23.94681592662263,-12.044734414403985,-12.044734414403985,-12.044734414403985,0.06142651573510369,0.06142651573510369,0.06142651573510369,-12.106160930139088,-12.106160930139088,-12.106160930139088,0.0,0.0,0.0,11.902081512218645
2021-01-03,23.946588686623308,6.206812979249389,18.791180598990014,23.946588686623308,23.946588686623308,-11.415360775595971,-11.415360775595971,-11.415360775595971,0.27756591849956785,0.27756591849956785,0.27756591849956785,-11.692926694095538,-11.692926694095538,-11.692926694095538,0.0,0.0,0.0,12.531227911027337
2021-01-04,23.946361446623982,5.840847385616103,18.766291662196075,23.946361446623982,23.946361446623982,-10.944954694233157,-10.944954694233157,-10.944954694233157,0.3667490233995582,0.3667490233995582,0.3667490233995582,-11.311703717632716,-11.311703717632716,-11.311703717632716,0.0,0.0,0.0,13.001406752390825
2021-01-05,23.94613420662466,5.873448922702101,18.970988194957783,23.94613420662466,23.94613420662466,-11.51609482408886,-11.51609482408886,-11.51609482408886,-0.5519292038361431,-0.5519292038361431,-0.5519292038361431,-10.964165620252718,-10.964165620252718,-10.964165620252718,0.0,0.0,0.0,12.4300393825358
2021-01-06,23.945906966625337,6.717187487863252,19.50630683842693,23.945906966625337,23.945906966625337,-10.284222252602486,-10.284222252602486,-10.284222252602486,0.3667812482234851,0.3667812482234851,0.3667812482234851,-10.65100350082597,-10.65100350082597,-10.65100350082597,0.0,0.0,0.0,13.66168471402285
2021-01-07,23.94567972662601,7.518902929158672,19.651078693305,23.94567972662601,23.94567972662601,-10.432414435403384,-10.432414435403384,-10.432414435403384,-0.06047854999862495,-0.06047854999862495,-0.06047854999862495,-10.37193588540476,-10.37193588540476,-10.37193588540476,0.0,0.0,0.0,13.513265291222627
2021-01-08,23.945452486626685,7.276314280797033,19.24602993244493,23.945452486626685,23.945452486626685,-10.585856964443714,-10.585856964443714,-10.585856964443714,-0.46011495202282243,-0.46011495202282243,-0.46011495202282243,-10.125742012420892,-10.125742012420892,-10.125742012420892,0.0,0.0,0.0,13.359595522182971
2021-01-09,23.945225246627363,8.299233461641109,20.39364028440879,23.945225246627363,23.945225246627363,-9.848890894204805,-9.848890894204805,-9.848890894204805,0.061426515736119014,0.061426515736119014,0.061426515736119014,-9.910317409940925,-9.910317409940925,-9.910317409940925,0.0,0.0,0.0,14.096334352422558
2021-01-10,23.94499800662804,8.128013157573193,20.43799912653798,23.94499800662804,23.94499800662804,-9.445184265149969,-9.445184265149969,-9.445184265149969,0.27756591849898354,0.27756591849898354,0.27756591849898354,-9.722750183648952,-9.722750183648952,-9.722750183648952,0.0,0.0,0.0,14.499813741478071
2021-01-11,23.944770766628714,8.4799046676993,20.682486468519333,23.944770766628714,23.944770766628714,-9.192666918122079,-9.192666918122079,-9.192666918122079,0.36674902340194104,0.36674902340194104,0.36674902340194104,-9.55941594152402,-9.55941594152402,-9.55941594152402,0.0,0.0,0.0,14.752103848506636
2021-01-12,23.944543526629392,7.9754447610008485,20.274049612596208,23.944543526629392,23.944543526629392,-9.968018047433224,-9.968018047433224,-9.968018047433224,-0.5519292038364306,-0.5519292038364306,-0.5519292038364306,-9.416088843596793,-9.416088843596793,-9.416088843596793,0.0,0.0,0.0,13.976525479196168
2021-01-13,23.94431628663007,9.17311535066223,21.33558658616174,23.94431628663007,23.94431628663007,-8.92128464515861,-8.92128464515861,-8.92128464515861,0.36678124822346075,0.36678124822346075,0.36678124822346075,-9.288065893382068,-9.288065893382068,-9.288065893382068,0.0,0.0,0.0,15.02303164147146
2021-01-14,23.944089046630747,8.720879672796931,21.230903446860253,23.944089046630747,23.944089046630747,-9.23077984034711,-9.23077984034711,-9.23077984034711,-0.06047854999665851,-0.06047854999665851,-0.06047854999665851,-9.170301290350451,-9.170301290350451,-9.170301290350451,0.0,0.0,0.0,14.713309206283638
2021-01-15,23.94386180663142,8.29979591081233,20.706180702652183,23.94386180663142,23.94386180663142,-9.51766239898312,-9.51766239898312,-9.51766239898312,-0.46011495202343916,-0.46011495202343916,-0.46011495202343916,-9.057547446959681,-9.057547446959681,-9.057547446959681,0.0,0.0,0.0,14.426199407648301
2021-01-16,23.9436345666321,8.964643247843487,21.314831374741555,23.9436345666321,23.9436345666321,-8.883072628291545,-8.883072628291545,-8.883072628291545,0.061426515735243346,0.061426515735243346,0.061426515735243346,-8.944499144026787,-8.944499144026787,-8.944499144026787,0.0,0.0,0.0,15.060561938340554
2021-01-17,23.943407326632776,9.397418609716974,21.875789614918723,23.943407326632776,23.943407326632776,-8.548371338627467,-8.548371338627467,-8.548371338627467,0.2775659184987541,0.2775659184987541,0.2775659184987541,-8.825937257126222,-8.825937257126222,-8.825937257126222,0.0,0.0,0.0,15.39503598800531
2021-01-18,23.94318008663345,9.773002086539206,21.859004212209957,23.94318008663345,23.94318008663345,-8.330119511071784,-8.330119511071784,-8.330119511071784,0.36674902340109866,0.36674902340109866,0.36674902340109866,-8.696868534472882,-8.696868534472882,-8.696868534472882,0.0,0.0,0.0,15.613060575561667
2021-01-19,23.942952846634128,8.349027008100277,20.809009873862255,23.942952846634128,23.942952846634128,-9.104587245160586,-9.104587245160586,-9.104587245160586,-0.5519292038362108,-0.5519292038362108,-0.5519292038362108,-8.552658041324376,-8.552658041324376,-8.552658041324376,0.0,0.0,0.0,14.838365601473543
2021-01-20,23.942725606634806,9.875994684861798,22.40781623194341,23.942725606634806,23.942725606634806,-8.022369854936661,-8.022369854936661,-8.022369854936661,0.36678124822343633,0.36678124822343633,0.36678124822343633,-8.3891511031601,-8.3891511031601,-8.3891511031601,0.0,0.0,0.0,15.920355751698144
2021-01-21,23.94249836663548,9.510615676998924,21.982262446513708,23.94249836663548,23.94249836663548,-8.263260423444521,-8.263260423444521,-8.263260423444521,-0.060478549998539015,-0.060478549998539015,-0.060478549998539015,-8.202781873445982,-8.202781873445982,-8.202781873445982,0.0,0.0,0.0,15.679237943190959
2021-01-22,23.942271126636157,9.57274226918193,21.780786705210105,23.942271126636157,23.942271126636157,-8.450780965588576,-8.450780965588576,-8.450780965588576,-0.4601149520233132,-0.4601149520233132,-0.4601149520233132,-7.990666013565262,-7.990666013565262,-7.990666013565262,0.0,0.0,0.0,15.491490161047581
2021-01-23,23.94204388663683,9.649046643082157,22.429480513593617,23.94204388663683,23.94204388663683,-7.689248876852715,-7.689248876852715,-7.689248876852715,0.06142651573436767,0.06142651573436767,0.06142651573436767,-7.750675392587083,-7.750675392587083,-7.750675392587083,0.0,0.0,0.0,16.252795009784116
2021-01-24,23.94181664663751,10.578969193502648,23.13821882970896,23.94181664663751,23.94181664663751,-7.203927263374729,-7.203927263374729,-7.203927263374729,0.27756591849981543,0.27756591849981543,0.27756591849981543,-7.481493181874544,-7.481493181874544,-7.481493181874544,0.0,0.0,0.0,16.73788938326278
2021-01-25,23.941589406638183,10.957556229301952,23.499311119671187,23.941589406638183,23.941589406638183,-6.815899198300252,-6.815899198300252,-6.815899198300252,0.3667490234011254,0.3667490234011254,0.3667490234011254,-7.182648221701377,-7.182648221701377,-7.182648221701377,0.0,0.0,0.0,17.125690208337932
2021-01-26,23.94136216663886,10.073527079021206,23.14812485848655,23.94136216663886,23.94136216663886,-7.4064572649436915,-7.4064572649436915,-7.4064572649436915,-0.5519292038359908,-0.5519292038359908,-0.5519292038359908,-6.854528061107701,-6.854528061107701,-6.854528061107701,0.0,0.0,0.0,16.53490490169517
2021-01-27,23.94113492663954,11.745780334732007,24.262486458135243,23.94113492663954,23.94113492663954,-6.131589356404476,-6.131589356404476,-6.131589356404476,0.3667812482218548,0.3667812482218548,0.3667812482218548,-6.49837060462633,-6.49837060462633,-6.49837060462633,0.0,0.0,0.0,17.809545570235063
2021-02-01,23.93999872664292,14.076075614502797,26.199710194123668,23.93999872664292,23.93999872664292,-4.027815589756322,-4.027815589756322,-4.027815589756322,0.3667490234002832,0.3667490234002832,0.3667490234002832,-4.394564613156605,-4.394564613156605,-4.394564613156605,0.0,0.0,0.0,19.912183136886597
2021-02-02,23.939771486643597,13.179053539237783,25.629244513434166,23.939771486643597,23.939771486643597,-4.4896600753108205,-4.4896600753108205,-4.4896600753108205,-0.5519292038363458,-0.5519292038363458,-0.5519292038363458,-3.9377308714744745,-3.9377308714744745,-3.9377308714744745,0.0,0.0,0.0,19.450111411332777
2021-02-03,23.939544246644274,14.489781739323757,26.8732367177323,23.939544246644274,23.939544246644274,-3.1137956527010378,-3.1137956527010378,-3.1137956527010378,0.3667812482218304,0.3667812482218304,0.3667812482218304,-3.480576900922868,-3.480576900922868,-3.480576900922868,0.0,0.0,0.0,20.82574859394324
2021-02-04,23.939317006644952,14.514270786799887,27.485162021004385,23.939317006644952,23.939317006644952,-3.0891234120534423,-3.0891234120534423,-3.0891234120534423,-0.06047855000037654,-0.06047855000037654,-0.06047855000037654,-3.0286448620530657,-3.0286448620530657,-3.0286448620530657,0.0,0.0,0.0,20.85019359459151
2021-02-05,23.939089766645626,14.673061112384518,27.415051000196712,23.939089766645626,23.939089766645626,-3.047629114549813,-3.047629114549813,-3.047629114549813,-0.46011495202454666,-0.46011495202454666,-0.46011495202454666,-2.5875141625252662,-2.5875141625252662,-2.5875141625252662,0.0,0.0,0.0,20.891460652095812
2021-02-06,23.9388625266463,15.148790959018305,28.351594713156622,23.9388625266463,23.9388625266463,-2.1012470283198903,-2.1012470283198903,-2.1012470283198903,0.06142651573695924,0.06142651573695924,0.06142651573695924,-2.1626735440568496,-2.1626735440568496,-2.1626735440568496,0.0,0.0,0.0,21.83761549832641
2021-02-07,23.938635286646978,16.02704595781165,29.05357507853687,23.938635286646978,23.938635286646978,-1.4818306387431261,-1.4818306387431261,-1.4818306387431261,0.2775659184990018,0.2775659184990018,0.2775659184990018,-1.759396557242128,-1.759396557242128,-1.759396557242128,0.0,0.0,0.0,22.45680464790385
2021-02-08,23.938408046647652,16.673363614820627,29.209321253161555,23.938408046647652,23.938408046647652,-1.0158743390778393,-1.0158743390778393,-1.0158743390778393,0.3667490233998754,0.3667490233998754,0.3667490233998754,-1.3826233624777147,-1.3826233624777147,-1.3826233624777147,0.0,0.0,0.0,22.922533707569812
2021-02-09,23.93818080664833,16.38810419279503,28.34238167308338,23.93818080664833,23.93818080664833,-1.5887807932637257,-1.5887807932637257,-1.5887807932637257,-0.5519292038366335,-0.5519292038366335,-0.5519292038366335,-1.0368515894270922,-1.0368515894270922,-1.0368515894270922,0.0,0.0,0.0,22.349400013384603
2021-02-10,23.937953566649007,17.70839177069969,29.741245084364532,23.937953566649007,23.937953566649007,-0.3592574688829739,-0.3592574688829739,-0.3592574688829739,0.36678124822315517,0.36678124822315517,0.36678124822315517,-0.7260387171061291,-0.7260387171061291,-0.7260387171061291,0.0,0.0,0.0,23.578696097766034
2021-02-11,23.937726326649685,17.413564090340973,29.66836991552596,23.937726326649685,23.937726326649685,-0.5139966595984269,-0.5139966595984269,-0.5139966595984269,-0.06047855000033358,-0.06047855000033358,-0.06047855000033358,-0.45351810959809324,-0.45351810959809324,-0.45351810959809324,0.0,0.0,0.0,23.42372966705126
2021-02-12,23.93749908665036,17.126845175793573,30.06764580590538,23.93749908665036,23.93749908665036,-0.6820454200425673,-0.6820454200425673,-0.6820454200425673,-0.46011495202304653,-0.46011495202304653,-0.46011495202304653,-0.2219304680195207,-0.2219304680195207,-0.2219304680195207,0.0,0.0,0.0,23.255453666607792
2021-02-13,23.937271846651036,17.772277025100994,29.766302602220502,23.937271846651036,23.937271846651036,0.028254467743917874,0.028254467743917874,0.028254467743917874,0.06142651573608359,0.06142651573608359,0.06142651573608359,-0.03317204799216572,-0.03317204799216572,-0.03317204799216572,0.0,0.0,0.0,23.965526314394953
2021-02-14,23.937044608809753,17.95862418431772,31.039951877342414,23.937044608809753,23.937044608809753,0.38920536376368,0.38920536376368,0.38920536376368,0.27756591849877243,0.27756591849877243,0.27756591849877243,0.11163944526490754,0.11163944526490754,0.11163944526490754,0.0,0.0,0.0,24.326249972573432
2021-02-15,23.936817370968477,18.72608211230759,31.206916692761073,23.936817370968477,23.936817370968477,0.578929846788559,0.578929846788559,0.578929846788559,0.36674902339903304,0.36674902339903304,0.36674902339903304,0.21218082338952593,0.21218082338952593,0.21218082338952593,0.0,0.0,0.0,24.515747217757035
2021-02-16,23.936590133127194,17.050081822452157,29.78926682367062,23.936590133127194,23.936590133127194,-0.2830079681243363,-0.2830079681243363,-0.2830079681243363,-0.5519292038359059,-0.5519292038359059,-0.5519292038359059,0.2689212357115696,0.2689212357115696,0.2689212357115696,0.0,0.0,0.0,23.653582165002856
2021-02-17,23.936362895285917,18.17360798520412,31.25549975707001,23.936362895285917,23.936362895285917,0.6498835298161364,0.6498835298161364,0.6498835298161364,0.36678124822178165,0.36678124822178165,0.36678124822178165,0.2831022815943547,0.2831022815943547,0.2831022815943547,0.0,0.0,0.0,24.586246425102054
2021-02-18,23.936135657444634,18.19302626279041,30.35689832299643,23.936135657444634,23.936135657444634,0.19622272526813458,0.19622272526813458,0.19622272526813458,-0.06047854999811578,-0.06047854999811578,-0.06047854999811578,0.25670127526625036,0.25670127526625036,0.25670127526625036,0.0,0.0,0.0,24.13235838271277
2021-02-19,23.935908419603358,16.927803945578916,29.63884490794935,23.935908419603358,23.935908419603358,-0.2677360350439859,-0.2677360350439859,-0.2677360350439859,-0.46011495202366326,-0.46011495202366326,-0.46011495202366326,0.19237891697967738,0.19237891697967738,0.19237891697967738,0.0,0.0,0.0,23.668172384559373
2021-02-20,23.935681181762074,17.795471200885512,30.167104977087128,23.935681181762074,23.935681181762074,0.15483949254428994,0.15483949254428994,0.15483949254428994,0.061426515735207896,0.061426515735207896,0.061426515735207896,0.09341297680908202,0.09341297680908202,0.09341297680908202,0.0,0.0,0.0,24.090520674306365
2021-02-21,23.935453943920795,17.907961902934684,30.691012240431366,23.935453943920795,23.935453943920795,0.24118581975308953,0.24118581975308953,0.24118581975308953,0.27756591849983375,0.27756591849983375,0.27756591849983375,-0.036380098746744235,-0.036380098746744235,-0.036380098746744235,0.0,0.0,0.0,24.176639763673883
2021-02-22,23.935226706079515,18.07759085984283,29.730213607135507,23.935226706079515,23.935226706079515,0.1740155247273141,0.1740155247273141,0.1740155247273141,0.3667490233986253,0.3667490233986253,0.3667490233986253,-0.1927334986713112,-0.1927334986713112,-0.1927334986713112,0.0,0.0,0.0,24.109242230806828
2021-02-23,23.934999468238235,16.990703538210024,29.408969928776912,23.934999468238235,23.934999468238235,-0.9229551351247337,-0.9229551351247337,-0.9229551351247337,-0.5519292038367685,-0.5519292038367685,-0.5519292038367685,-0.3710259312879653,-0.3710259312879653,-0.3710259312879653,0.0,0.0,0.0,23.0120443331135
2021-02-24,23.934772230396955,17.223503129553,30.413928529976722,23.934772230396955,23.934772230396955,-0.19960136135675524,-0.19960136135675524,-0.19960136135675524,0.3667812482231064,0.3667812482231064,0.3667812482231064,-0.5663826095798616,-0.5663826095798616,-0.5663826095798616,0.0,0.0,0.0,23.7351708690402
2021-02-25,23.934544992555676,16.86761662912793,28.96897189338878,23.934544992555676,23.934544992555676,-0.8342573594033978,-0.8342573594033978,-0.8342573594033978,-0.06047854999807282,-0.06047854999807282,-0.06047854999807282,-0.7737788094053251,-0.7737788094053251,-0.7737788094053251,0.0,0.0,0.0,23.100287633152277
2021-02-26,23.934317754714396,16.21230819629742,29.20961555123533,23.934317754714396,23.934317754714396,-1.4482584316938263,-1.4482584316938263,-1.4482584316938263,-0.46011495202216307,-0.46011495202216307,-0.46011495202216307,-0.9881434796716633,-0.9881434796716633,-0.9881434796716633,0.0,0.0,0.0,22.48605932302057
2021-02-27,23.934090516873116,17.173070031995614,29.097478187602473,23.934090516873116,23.934090516873116,-1.1430339393981361,-1.1430339393981361,-1.1430339393981361,0.0614265157362232,0.0614265157362232,0.0614265157362232,-1.2044604551343594,-1.2044604551343594,-1.2044604551343594,0.0,0.0,0.0,22.79105657747498
2021-03-01,23.933636041190557,16.57926435345951,28.485767677201448,23.933636041190557,23.933636041190557,-1.2569842116167713,-1.2569842116167713,-1.2569842116167713,0.3667490234010081,0.3667490234010081,0.3667490234010081,-1.6237332350177796,-1.6237332350177796,-1.6237332350177796,0.0,0.0,0.0,22.676651829573785
2021-03-02,23.933408803349273,15.33256982304976,27.89819104096096,23.933408803349273,23.933408803349273,-2.36969271285916,-2.36969271285916,-2.36969271285916,-0.5519292038360409,-0.5519292038360409,-0.5519292038360409,-1.8177635090231188,-1.8177635090231188,-1.8177635090231188,0.0,0.0,0.0,21.563716090490114
2021-03-03,23.933181565507997,15.942553185571414,28.925564133850276,23.933181565507997,23.933181565507997,-1.6292652637891158,-1.6292652637891158,-1.6292652637891158,0.3667812482244312,0.3667812482244312,0.3667812482244312,-1.996046512013547,-1.996046512013547,-1.996046512013547,0.0,0.0,0.0,22.303916301718882
2021-03-04,23.932954327666714,15.678585798902304,27.492232586740563,23.932954327666714,23.932954327666714,-2.2156029672447897,-2.2156029672447897,-2.2156029672447897,-0.06047854999995332,-0.06047854999995332,-0.06047854999995332,-2.1551244172448363,-2.1551244172448363,-2.1551244172448363,0.0,0.0,0.0,21.717351360421922
2021-03-05,23.932727089825438,14.578373132106316,27.249891911702463,23.932727089825438,23.932727089825438,-2.7521520855761623,-2.7521520855761623,-2.7521520855761623,-0.4601149520241541,-0.4601149520241541,-0.4601149520241541,-2.2920371335520078,-2.2920371335520078,-2.2920371335520078,0.0,0.0,0.0,21.180575004249274
2021-03-06,23.932499851984154,15.503072423547177,28.164671644335463,23.932499851984154,23.932499851984154,-2.3429288557245327,-2.3429288557245327,-2.3429288557245327,0.06142651573212654,0.06142651573212654,0.06142651573212654,-2.404355371456659,-2.404355371456659,-2.404355371456659,0.0,0.0,0.0,21.58957099625962
2021-03-07,23.932272614142875,15.70269432438762,28.491970366843244,23.932272614142875,23.932272614142875,-2.212634300918507,-2.212634300918507,-2.212634300918507,0.27756591849937495,0.27756591849937495,0.27756591849937495,-2.4902002194178814,-2.4902002194178814,-2.4902002194178814,0.0,0.0,0.0,21.71963831322437
2021-03-08,23.932045376301595,15.574778713733007,27.921361994727782,23.932045376301595,23.932045376301595,-2.1815003000222686,-2.1815003000222686,-2.1815003000222686,0.3667490234006003,0.3667490234006003,0.3667490234006003,-2.548249323422869,-2.548249323422869,-2.548249323422869,0.0,0.0,0.0,21.750545076279327
2021-03-09,23.931818138460315,14.226091105997504,26.72517575954571,23.931818138460315,23.931818138460315,-3.1296593044897243,-3.1296593044897243,-3.1296593044897243,-0.5519292038363286,-0.5519292038363286,-0.5519292038363286,-2.5777301006533957,-2.5777301006533957,-2.5777301006533957,0.0,0.0,0.0,20.80215883397059
2021-03-10,23.931590900619035,15.188130220827755,28.242790103732418,23.931590900619035,23.931590900619035,-2.2116194848617927,-2.2116194848617927,-2.2116194848617927,0.3667812482244068,0.3667812482244068,0.3667812482244068,-2.5784007330861995,-2.5784007330861995,-2.5784007330861995,0.0,0.0,0.0,21.719971415757243
2021-03-11,23.931363662777756,14.959621203419788,27.265754504330946,23.931363662777756,23.931363662777756,-2.6109985216675233,-2.6109985216675233,-2.6109985216675233,-0.06047854999798688,-0.06047854999798688,-0.06047854999798688,-2.5505199716695364,-2.5505199716695364,-2.5505199716695364,0.0,0.0,0.0,21.320365141110234
2021-03-12,23.931136424936476,14.709932765250437,27.61157698750742,23.931136424936476,23.931136424936476,-2.9549219815391594,-2.9549219815391594,-2.9549219815391594,-0.4601149520247708,-0.4601149520247708,-0.4601149520247708,-2.494807029514389,-2.494807029514389,-2.494807029514389,0.0,0.0,0.0,20.976214443397318
2021-03-13,23.930909187095196,15.225165281116276,27.62318626969437,23.930909187095196,23.930909187095196,-2.350966531944486,-2.350966531944486,-2.350966531944486,0.06142651573503285,0.06142651573503285,0.06142651573503285,-2.4123930476795192,-2.4123930476795192,-2.4123930476795192,0.0,0.0,0.0,21.57994265515071
2021-03-14,23.930681949253913,15.90286570604071,28.967993360518598,23.930681949253913,23.930681949253913,-2.027199856906406,-2.027199856906406,-2.027199856906406,0.2775659185004363,0.2775659185004363,0.2775659185004363,-2.3047657754068425,-2.3047657754068425,-2.3047657754068425,0.0,0.0,0.0,21.903482092347506
2021-03-15,23.930454711412636,15.496708145615424,28.248060741891056,23.930454711412636,23.930454711412636,-1.8069601917773945,-1.8069601917773945,-1.8069601917773945,0.366749023399758,0.366749023399758,0.366749023399758,-2.1737092151771527,-2.1737092151771527,-2.1737092151771527,0.0,0.0,0.0,22.12349451963524
2021-03-16,23.930227473571353,15.190471535182196,27.696408591986078,23.930227473571353,23.930227473571353,-2.5731692441713774,-2.5731692441713774,-2.5731692441713774,-0.5519292038361087,-0.5519292038361087,-0.5519292038361087,-2.021240040335269,-2.021240040335269,-2.021240040335269,0.0,0.0,0.0,21.357058229399975
2021-03-17,23.930000235730077,16.41931083257782,29.051911406422434,23.930000235730077,23.930000235730077,-1.4827613510688615,-1.4827613510688615,-1.4827613510688615,0.36678124822417446,0.36678124822417446,0.36678124822417446,-1.8495425992930359,-1.8495425992930359,-1.8495425992930359,0.0,0.0,0.0,22.447238884661214
2021-03-18,23.929772997888794,16.158134301084374,28.646197322407048,23.929772997888794,23.929772997888794,-1.7213828269113312,-1.7213828269113312,-1.7213828269113312,-0.06047854999986738,-0.06047854999986738,-0.06047854999986738,-1.660904276911464,-1.660904276911464,-1.660904276911464,0.0,0.0,0.0,22.208390170977463
2021-03-19,23.929545760047517,15.845876303949364,28.297784190862835,23.929545760047517,23.929545760047517,-1.9177678454585505,-1.9177678454585505,-1.9177678454585505,-0.4601149520253876,-0.4601149520253876,-0.4601149520253876,-1.457652893433163,-1.457652893433163,-1.457652893433163,0.0,0.0,0.0,22.01177791458897
2021-03-20,23.929318522206234,16.080665770107426,28.95909019890215,23.929318522206234,23.929318522206234,-1.1806711725401628,-1.1806711725401628,-1.1806711725401628,0.061426515734157174,0.061426515734157174,0.061426515734157174,-1.24209768827432,-1.24209768827432,-1.24209768827432,0.0,0.0,0.0,22.748647349666072
2021-03-21,23.929091284364954,16.830295844972397,29.429061650243884,23.929091284364954,23.929091284364954,-0.7389093467368677,-0.7389093467368677,-0.7389093467368677,0.27756591850020695,0.27756591850020695,0.27756591850020695,-1.0164752652370745,-1.0164752652370745,-1.0164752652370745,0.0,0.0,0.0,23.190181937628086
2021-03-22,23.928864046523675,17.51677481718173,30.45479759880895,23.928864046523675,23.928864046523675,-0.4161526498949906,-0.4161526498949906,-0.4161526498949906,0.36674902340257526,0.36674902340257526,0.36674902340257526,-0.7829016732975659,-0.7829016732975659,-0.7829016732975659,0.0,0.0,0.0,23.512711396628685
2021-03-23,23.928636808682395,16.09978782661405,29.137279692682117,23.928636808682395,23.928636808682395,-1.0952607736621394,-1.0952607736621394,-1.0952607736621394,-0.5519292038358888,-0.5519292038358888,-0.5519292038358888,-0.5433315698262505,-0.5433315698262505,-0.5433315698262505,0.0,0.0,0.0,22.833376035020255
2021-03-24,23.928409570841115,17.415075839026944,30.215904850192018,23.928409570841115,23.928409570841115,0.0672560800380517,0.0672560800380517,0.0672560800380517,0.36678124822280095,0.36678124822280095,0.36678124822280095,-0.2995251681847492,-0.2995251681847492,-0.2995251681847492,0.0,0.0,0.0,23.995665650879168
2021-03-25,23.928182332999835,17.647513161639253,30.157080477272448,23.928182332999835,23.928182332999835,-0.11350196666771459,-0.11350196666771459,-0.11350196666771459,-0.060478550001747906,-0.060478550001747906,-0.060478550001747906,-0.05302341666596668,-0.05302341666596668,-0.05302341666596668,0.0,0.0,0.0,23.81468036633212
2021-03-26,23.927955095158556,17.214869235979307,30.008241840617906,23.927955095158556,23.927955095158556,-0.26524655038892553,-0.26524655038892553,-0.26524655038892553,-0.4601149520238874,-0.4601149520238874,-0.4601149520238874,0.19486840163496189,0.19486840163496189,0.19486840163496189,0.0,0.0,0.0,23.66270854476963
2021-03-27,23.927727857317276,18.33572993531741,30.751210259019672,23.927727857317276,23.927727857317276,0.5045152265066066,0.5045152265066066,0.5045152265066066,0.061426515735172466,0.061426515735172466,0.061426515735172466,0.4430887107714342,0.4430887107714342,0.4430887107714342,0.0,0.0,0.0,24.43224308382388
2021-04-01,23.926591668110873,19.150187381255915,31.529311983958472,23.926591668110873,23.926591668110873,1.6079365476360004,1.6079365476360004,1.6079365476360004,-0.0604785500017049,-0.0604785500017049,-0.0604785500017049,1.6684150976377052,1.6684150976377052,1.6684150976377052,0.0,0.0,0.0,25.534528215746874
2021-04-02,23.926364430269597,18.946335415972104,31.487984859227645,23.926364430269597,23.926364430269597,1.448961593940246,1.448961593940246,1.448961593940246,-0.46011495202376146,-0.46011495202376146,-0.46011495202376146,1.9090765459640076,1.9090765459640076,1.9090765459640076,0.0,0.0,0.0,25.375326024209844
2021-04-03,23.926137192428314,20.11730818664955,32.37210710714853,23.926137192428314,23.926137192428314,2.2100394087098962,2.2100394087098962,2.2100394087098962,0.06142651573618779,0.06142651573618779,0.06142651573618779,2.1486128929737087,2.1486128929737087,2.1486128929737087,0.0,0.0,0.0,26.13617660113821
2021-04-04,23.925909954587034,19.91936412847644,32.46046589534163,23.925909954587034,23.925909954587034,2.6649540765923128,2.6649540765923128,2.6649540765923128,0.2775659184993934,0.2775659184993934,0.2775659184993934,2.3873881580929193,2.3873881580929193,2.3873881580929193,0.0,0.0,0.0,26.590864031179347
2021-04-05,23.925682716745754,20.605698983255554,33.037889371165505,23.925682716745754,23.925682716745754,2.9925650870164726,2.9925650870164726,2.9925650870164726,0.36674902340175974,0.36674902340175974,0.36674902340175974,2.625816063614713,2.625816063614713,2.625816063614713,0.0,0.0,0.0,26.918247803762227
2021-04-06,23.925455478904475,19.910127743634508,32.549542449742546,23.925455478904475,23.925455478904475,2.312398572224124,2.312398572224124,2.312398572224124,-0.5519292038359566,-0.5519292038359566,-0.5519292038359566,2.864327776060081,2.864327776060081,2.864327776060081,0.0,0.0,0.0,26.2378540511286
2021-04-07,23.925228241063195,20.945913133623115,33.62988544538655,23.925228241063195,23.925228241063195,3.470122854666929,3.470122854666929,3.470122854666929,0.36678124822410124,0.36678124822410124,0.36678124822410124,3.103341606442828,3.103341606442828,3.103341606442828,0.0,0.0,0.0,27.395351095730124
2021-04-08,23.925001003221915,21.162662434711105,33.21604031629414,23.925001003221915,23.925001003221915,3.2827570485489934,3.2827570485489934,3.2827570485489934,-0.060478549999487104,-0.060478549999487104,-0.060478549999487104,3.343235598548481,3.343235598548481,3.343235598548481,0.0,0.0,0.0,27.20775805177091
2021-04-09,23.924773765380635,20.959422158631902,33.52616772783473,23.924773765380635,23.924773765380635,3.1242088417593394,3.1242088417593394,3.1242088417593394,-0.4601149520222613,-0.4601149520222613,-0.4601149520222613,3.5843237937816004,3.5843237937816004,3.5843237937816004,0.0,0.0,0.0,27.048982607139976
2021-04-10,23.924546527539352,21.820238792941915,34.13041684083484,23.924546527539352,23.924546527539352,3.888263316383591,3.888263316383591,3.888263316383591,0.0614265157372031,0.0614265157372031,0.0614265157372031,3.8268368006463884,3.8268368006463884,3.8268368006463884,0.0,0.0,0.0,27.812809843922942
2021-04-11,23.924319290820286,21.76599602178107,34.772006822500146,23.924319290820286,23.924319290820286,4.348473040799937,4.348473040799937,4.348473040799937,0.27756591850045453,0.27756591850045453,0.27756591850045453,4.070907122299483,4.070907122299483,4.070907122299483,0.0,0.0,0.0,28.272792331620224
2021-04-12,23.924092054101216,22.29516806931419,34.43928675344655,23.924092054101216,23.924092054101216,4.6833085360267654,4.6833085360267654,4.6833085360267654,0.3667490234009174,0.3667490234009174,0.3667490234009174,4.316559512625847,4.316559512625847,4.316559512625847,0.0,0.0,0.0,28.60740059012798
2021-04-13,23.92386481738215,21.557187587556477,34.109883173173856,23.92386481738215,23.92386481738215,4.011777242207099,4.011777242207099,4.011777242207099,-0.5519292038363115,-0.5519292038363115,-0.5519292038363115,4.563706446043411,4.563706446043411,4.563706446043411,0.0,0.0,0.0,27.93564205958925
2021-04-14,23.92363758066308,22.50980090450378,35.305199662002806,23.92363758066308,23.92363758066308,5.1789298528959575,5.1789298528959575,5.1789298528959575,0.3667812482240768,0.3667812482240768,0.3667812482240768,4.81214860467188,4.81214860467188,4.81214860467188,0.0,0.0,0.0,29.102567433559038
2021-04-15,23.923410343944013,22.714937814262672,35.484231994364265,23.923410343944013,23.923410343944013,5.001101564251674,5.001101564251674,5.001101564251674,-0.060478549997520656,-0.060478549997520656,-0.060478549997520656,5.061580114249195,5.061580114249195,5.061580114249195,0.0,0.0,0.0,28.924511908195687
2021-04-16,23.92318310722494,22.555184316488194,34.96235724647056,23.92318310722494,23.92318310722494,4.851483150527338,4.851483150527338,4.851483150527338,-0.4601149520249949,-0.4601149520249949,-0.4601149520249949,5.311598102552333,5.311598102552333,5.311598102552333,0.0,0.0,0.0,28.77466625775228
2021-04-17,23.922955870505874,22.956609148939204,36.02637589770673,23.922955870505874,23.922955870505874,5.623142531419742,5.623142531419742,5.623142531419742,0.061426515736327424,0.061426515736327424,0.061426515736327424,5.561716015683415,5.561716015683415,5.561716015683415,0.0,0.0,0.0,29.546098401925615
2021-04-18,23.922728633786804,24.016801943006797,36.69022051187853,23.922728633786804,23.922728633786804,6.088945930982372,6.088945930982372,6.088945930982372,0.27756591849857976,0.27756591849857976,0.27756591849857976,5.8113800124837915,5.8113800124837915,5.8113800124837915,0.0,0.0,0.0,30.011674564769176
2021-04-19,23.922501397067734,24.227465088508033,36.48658980916016,23.922501397067734,23.922501397067734,6.42673669197169,6.42673669197169,6.42673669197169,0.36674902340007515,0.36674902340007515,0.36674902340007515,6.0599876685716145,6.0599876685716145,6.0599876685716145,0.0,0.0,0.0,30.349238089039424
2021-04-20,23.922274160348667,23.460070392991337,35.972147693717915,23.922274160348667,23.922274160348667,5.754978957561382,5.754978957561382,5.754978957561382,-0.5519292038365992,-0.5519292038365992,-0.5519292038365992,6.30690816139798,6.30690816139798,6.30690816139798,0.0,0.0,0.0,29.67725311791005
2021-04-21,23.922046923629598,24.372414765730852,37.392934022889854,23.922046923629598,23.922046923629598,6.918284325803685,6.918284325803685,6.918284325803685,0.3667812482240525,0.3667812482240525,0.3667812482240525,6.551503077579632,6.551503077579632,6.551503077579632,0.0,0.0,0.0,30.840331249433284
2021-04-22,23.92181968691053,24.06354030501964,37.298628674813116,23.92181968691053,23.92181968691053,6.732668433853276,6.732668433853276,6.732668433853276,-0.060478549999401186,-0.060478549999401186,-0.060478549999401186,6.793146983852677,6.793146983852677,6.793146983852677,0.0,0.0,0.0,30.65448812076381
2021-04-23,23.92159245019146,24.422661266207367,36.958979573398594,23.92159245019146,23.92159245019146,6.571131980766466,6.571131980766466,6.571131980766466,-0.4601149520234948,-0.4601149520234948,-0.4601149520234948,7.03124693278996,7.03124693278996,7.03124693278996,0.0,0.0,0.0,30.492724430957928
2021-04-24,23.921365213472395,24.844999532356205,37.886417401220484,23.921365213472395,23.921365213472395,7.326686647975573,7.326686647975573,7.326686647975573,0.061426515734121716,0.061426515734121716,0.061426515734121716,7.265260132241451,7.265260132241451,7.265260132241451,0.0,0.0,0.0,31.24805186144797
2021-04-25,23.92113797675332,25.267120032679337,38.29142417208686,23.92113797675332,23.92113797675332,7.77227500949389,7.77227500949389,7.77227500949389,0.27756591849964085,0.27756591849964085,0.27756591849964085,7.494709090994249,7.494709090994249,7.494709090994249,0.0,0.0,0.0,31.69341298624721
2021-04-26,23.92091074003425,26.15284268420525,38.28406625161576,23.92091074003425,23.92091074003425,8.08594268253007,8.08594268253007,8.08594268253007,0.3667490234001019,0.3667490234001019,0.3667490234001019,7.71919365912997,7.71919365912997,7.71919365912997,0.0,0.0,0.0,32.00685342256432
2021-04-27,23.920683503315185,24.526944488004116,37.263599497329366,23.920683503315185,23.920683503315185,7.386470302294524,7.386470302294524,7.386470302294524,-0.5519292038358717,-0.5519292038358717,-0.5519292038358717,7.938399506130395,7.938399506130395,7.938399506130395,0.0,0.0,0.0,31.30715380560971
2021-05-01,23.919774556438913,26.37450972562431,39.26549184024172,23.919774556438913,23.919774556438913,8.820723350638456,8.820723350638456,8.820723350638456,0.06142651573324605,0.06142651573324605,0.06142651573324605,8.759296834905209,8.759296834905209,8.759296834905209,0.0,0.0,0.0,32.74049790707737
2021-05-02,23.919547319719843,27.375850886944306,39.14645415168239,23.919547319719843,23.919547319719843,9.228059478333714,9.228059478333714,9.228059478333714,0.27756591849941153,0.27756591849941153,0.27756591849941153,8.950493559834305,8.950493559834305,8.950493559834305,0.0,0.0,0.0,33.14760679805356
2021-05-03,23.919320083000777,27.035854440718143,39.56606056147398,23.919320083000777,23.919320083000777,9.503054019316206,9.503054019316206,9.503054019316206,0.3667490233992596,0.3667490233992596,0.3667490233992596,9.136304995916946,9.136304995916946,9.136304995916946,0.0,0.0,0.0,33.42237410231698
2021-05-04,23.919092846281703,26.759920847448782,38.74641497991375,23.919092846281703,23.919092846281703,8.764997390124153,8.764997390124153,8.764997390124153,-0.5519292038361593,-0.5519292038361593,-0.5519292038361593,9.316926593960313,9.316926593960313,9.316926593960313,0.0,0.0,0.0,32.68409023640586
2021-05-05,23.918865609562634,27.375338950472802,39.9139983865692,23.918865609562634,23.918865609562634,9.859353486691978,9.859353486691978,9.859353486691978,0.3667812482224466,0.3667812482224466,0.3667812482224466,9.49257223846953,9.49257223846953,9.49257223846953,0.0,0.0,0.0,33.77821909625461
2021-05-06,23.918638372843567,27.211892667598523,39.8230114678406,23.918638372843567,23.918638372843567,9.602975278894963,9.602975278894963,9.602975278894963,-0.06047854999906389,-0.06047854999906389,-0.06047854999906389,9.663453828894028,9.663453828894028,9.663453828894028,0.0,0.0,0.0,33.521613651738534
2021-05-07,23.918411136124497,27.31372950558229,39.50684031409874,23.918411136124497,23.918411136124497,9.369645354445385,9.369645354445385,9.369645354445385,-0.46011495202472813,-0.46011495202472813,-0.46011495202472813,9.829760306470114,9.829760306470114,9.829760306470114,0.0,0.0,0.0,33.288056490569886
2021-05-08,23.91818389940543,27.77819422111085,40.562388661505146,23.91818389940543,23.91818389940543,10.053063450473624,10.053063450473624,10.053063450473624,0.06142651573615235,0.06142651573615235,0.06142651573615235,9.991636934737473,9.991636934737473,9.991636934737473,0.0,0.0,0.0,33.97124734987906
2021-05-09,23.91795666268636,27.86922900486179,40.26864586400298,23.91795666268636,23.91795666268636,10.426731563298878,10.426731563298878,10.426731563298878,0.2775659184991823,0.2775659184991823,0.2775659184991823,10.149165644799696,10.149165644799696,10.149165644799696,0.0,0.0,0.0,34.34468822598524
2021-05-10,23.917729425967295,28.221932819849602,40.60102275307672,23.917729425967295,23.917729425967295,10.66909625578684,10.66909625578684,10.66909625578684,0.3667490234016424,0.3667490234016424,0.3667490234016424,10.302347232385198,10.302347232385198,10.302347232385198,0.0,0.0,0.0,34.586825681754135
2021-05-11,23.917502189248225,27.621292302206918,40.02342924287046,23.917502189248225,23.917502189248225,9.899156939560283,9.899156939560283,9.899156939560283,-0.5519292038364468,-0.5519292038364468,-0.5519292038364468,10.45108614339673,10.45108614339673,10.45108614339673,0.0,0.0,0.0,33.81665912880851
2021-05-12,23.917274952529155,28.67414528803523,40.883875864874284,23.917274952529155,23.917274952529155,10.96195975788108,10.96195975788108,10.96195975788108,0.36678124822377134,0.36678124822377134,0.36678124822377134,10.59517850965731,10.59517850965731,10.59517850965731,0.0,0.0,0.0,34.87923471041024
2021-05-13,23.917047715810085,28.75409002413503,40.71796786521788,23.917047715810085,23.917047715810085,10.67382544926925,10.67382544926925,10.67382544926925,-0.06047854999902093,-0.06047854999902093,-0.06047854999902093,10.73430399926827,10.73430399926827,10.73430399926827,0.0,0.0,0.0,34.59087316507934
2021-05-14,23.916820479091015,28.411802040479202,41.078513161006235,23.916820479091015,23.916820479091015,10.407906977446391,10.407906977446391,10.407906977446391,-0.4601149520232281,-0.4601149520232281,-0.4601149520232281,10.868021929469618,10.868021929469618,10.868021929469618,0.0,0.0,0.0,34.3247274565374
2021-05-15,23.91659324237195,28.28658825887115,40.71521281680779,23.91659324237195,23.91659324237195,11.057198473540568,11.057198473540568,11.057198473540568,0.061426515735276674,0.061426515735276674,0.061426515735276674,10.995771957805292,10.995771957805292,10.995771957805292,0.0,0.0,0.0,34.97379171591252
2021-05-16,23.91636600565288,29.367055560015572,41.14288579445936,23.91636600565288,23.91636600565288,11.394445442238277,11.394445442238277,11.394445442238277,0.2775659184989529,0.2775659184989529,0.2775659184989529,11.116879523739325,11.116879523739325,11.116879523739325,0.0,0.0,0.0,35.310811447891155
2021-05-17,23.916138768933813,29.2753043454004,42.22932145777515,23.916138768933813,23.916138768933813,11.597315085628912,11.597315085628912,11.597315085628912,0.36674902340080007,0.36674902340080007,0.36674902340080007,11.230566062228112,11.230566062228112,11.230566062228112,0.0,0.0,0.0,35.51345385456273
2021-05-18,23.915911532214743,28.046750258828155,40.77178483132397,23.915911532214743,23.915911532214743,10.784034653770952,10.784034653770952,10.784034653770952,-0.5519292038357194,-0.5519292038357194,-0.5519292038357194,11.335963857606673,11.335963857606673,11.335963857606673,0.0,0.0,0.0,34.699946185985695
2021-05-19,23.915684295495673,29.448143827688483,41.691059235478136,23.915684295495673,23.915684295495673,11.798916503518397,11.798916503518397,11.798916503518397,0.36678124822239794,0.36678124822239794,0.36678124822239794,11.432135255296,11.432135255296,11.432135255296,0.0,0.0,0.0,35.71460079901407
2021-05-20,23.915457058776607,28.668006449935962,41.12935468355413,23.915457058776607,23.915457058776607,11.457617254820923,11.457617254820923,11.457617254820923,-0.06047854999897795,-0.06047854999897795,-0.06047854999897795,11.5180958048199,11.5180958048199,11.5180958048199,0.0,0.0,0.0,35.37307431359753
2021-05-21,23.915229822057537,28.748540746366682,41.23872953847158,23.915229822057537,23.915229822057537,11.132725822828226,11.132725822828226,11.132725822828226,-0.46011495202310215,-0.46011495202310215,-0.46011495202310215,11.592840774851327,11.592840774851327,11.592840774851327,0.0,0.0,0.0,35.04795564488576
2021-05-22,23.91500258533847,29.727709390526144,41.78067247694487,23.91500258533847,23.91500258533847,11.716800879243138,11.716800879243138,11.716800879243138,0.061426515734961995,0.061426515734961995,0.061426515734961995,11.655374363508177,11.655374363508177,11.655374363508177,0.0,0.0,0.0,35.63180346458161
2021-05-23,23.914775348619397,29.41825651565037,42.25492456748676,23.914775348619397,23.914775348619397,11.982306746953466,11.982306746953466,11.982306746953466,0.27756591850001416,0.27756591850001416,0.27756591850001416,11.70474082845345,11.70474082845345,11.70474082845345,0.0,0.0,0.0,35.89708209557286
2021-05-24,23.91454811190033,29.877196470155216,42.20295641229327,23.91454811190033,23.91454811190033,12.10680570789279,12.10680570789279,12.10680570789279,0.3667490234003923,0.3667490234003923,0.3667490234003923,11.740056684492396,11.740056684492396,11.740056684492396,0.0,0.0,0.0,36.02135381979312
2021-05-25,23.91432087518126,28.430443576786065,41.1100105151555,23.91432087518126,23.91432087518126,11.20861385986164,11.20861385986164,11.20861385986164,-0.551929203836007,-0.551929203836007,-0.551929203836007,11.760543063697646,11.760543063697646,11.760543063697646,0.0,0.0,0.0,35.122934735042904
2021-05-26,23.914093638462194,29.88375622137436,42.488962869211036,23.914093638462194,23.914093638462194,12.132338554386324,12.132338554386324,12.132338554386324,0.3667812482221655,0.3667812482221655,0.3667812482221655,11.765557306164158,11.765557306164158,11.765557306164158,0.0,0.0,0.0,36.04643219284852
2021-05-27,23.913866401743125,29.45361925085717,41.94477154470043,23.913866401743125,23.913866401743125,11.694144299220037,11.694144299220037,11.694144299220037,-0.06047854999893499,-0.06047854999893499,-0.06047854999893499,11.754622849218972,11.754622849218972,11.754622849218972,0.0,0.0,0.0,35.60801070096316
2021-06-01,23.91273021814778,29.059241824616425,40.76279592784752,23.91273021814778,23.91273021814778,10.906857782711688,10.906857782711688,10.906857782711688,-0.5519292038358544,-0.5519292038358544,-0.5519292038358544,11.458786986547542,11.458786986547542,11.458786986547542,0.0,0.0,0.0,34.81958800085947
2021-06-02,23.912502981428712,29.47745798215476,41.61011887617189,23.912502981428712,23.912502981428712,11.721175240977322,11.721175240977322,11.721175240977322,0.3667812482221411,0.3667812482221411,0.3667812482221411,11.354393992755181,11.354393992755181,11.354393992755181,0.0,0.0,0.0,35.63367822240603
2021-06-03,23.912275744709643,29.007157629641384,41.67746781645254,23.912275744709643,23.912275744709643,11.176655393105033,11.176655393105033,11.176655393105033,-0.060478550000815465,-0.060478550000815465,-0.060478550000815465,11.23713394310585,11.23713394310585,11.23713394310585,0.0,0.0,0.0,35.088931137814676
2021-06-04,23.912048507990573,27.65477471549867,40.58978029596335,23.912048507990573,23.912048507990573,10.648351797654483,10.648351797654483,10.648351797654483,-0.46011495202221886,-0.46011495202221886,-0.46011495202221886,11.108466749676703,11.108466749676703,11.108466749676703,0.0,0.0,0.0,34.560400305645054
2021-06-05,23.911821271271506,28.767586070172296,40.88496834694052,23.911821271271506,23.911821271271506,11.031515390100768,11.031515390100768,11.031515390100768,0.061426515733210625,0.061426515733210625,0.061426515733210625,10.970088874367558,10.970088874367558,10.970088874367558,0.0,0.0,0.0,34.94333666137227
2021-06-06,23.911594034552436,28.779394269405724,41.326119070877304,23.911594034552436,23.911594034552436,11.101477810502784,11.101477810502784,11.101477810502784,0.2775659184992006,0.2775659184992006,0.2775659184992006,10.823911892003583,10.823911892003583,10.823911892003583,0.0,0.0,0.0,35.01307184505522
2021-06-07,23.91136679783337,28.844904488566677,41.37920710902372,23.91136679783337,23.91136679783337,11.038784393549337,11.038784393549337,11.038784393549337,0.36674902339957677,0.36674902339957677,0.36674902339957677,10.672035370149759,10.672035370149759,10.672035370149759,0.0,0.0,0.0,34.95015119138271
2021-06-08,23.9111395611143,27.599408659837593,40.26538647909487,23.9111395611143,23.9111395611143,9.964785367320236,9.964785367320236,9.964785367320236,-0.5519292038361421,-0.5519292038361421,-0.5519292038361421,10.516714571156376,10.516714571156376,10.516714571156376,0.0,0.0,0.0,33.875924928434536
2021-06-09,23.910912324742178,28.25695547414507,40.620235443840464,23.910912324742178,23.910912324742178,10.727104864561348,10.727104864561348,10.727104864561348,0.3667812482234658,0.3667812482234658,0.3667812482234658,10.360323616337881,10.360323616337881,10.360323616337881,0.0,0.0,0.0,34.638017189303525
2021-06-10,23.91068508837006,27.88788895475156,40.05406974800645,23.91068508837006,23.91068508837006,10.144836320486672,10.144836320486672,10.144836320486672,-0.060478549998849024,-0.060478549998849024,-0.060478549998849024,10.20531487048552,10.20531487048552,10.20531487048552,0.0,0.0,0.0,34.055521408856734
2021-06-11,23.91045785199794,27.319899534282545,39.8618872518023,23.91045785199794,23.91045785199794,9.59406045197171,9.59406045197171,9.59406045197171,-0.4601149520228355,-0.4601149520228355,-0.4601149520228355,10.054175403994547,10.054175403994547,10.054175403994547,0.0,0.0,0.0,33.50451830396965
2021-06-12,23.91023061562582,27.562173916117736,39.946372563098095,23.91023061562582,23.91023061562582,9.970807983127061,9.970807983127061,9.970807983127061,0.061426515736116925,0.061426515736116925,0.061426515736116925,9.909381467390945,9.909381467390945,9.909381467390945,0.0,0.0,0.0,33.88103859875288
2021-06-13,23.910003379253702,27.28336169462582,40.50971090426434,23.910003379253702,23.910003379253702,10.050917885558974,10.050917885558974,10.050917885558974,0.27756591849897116,0.27756591849897116,0.27756591849897116,9.773351967060004,9.773351967060004,9.773351967060004,0.0,0.0,0.0,33.960921264812676
2021-06-14,23.909776142881583,27.422070929136222,40.26955762018809,23.909776142881583,23.909776142881583,10.015150983709384,10.015150983709384,10.015150983709384,0.36674902339873444,0.36674902339873444,0.36674902339873444,9.64840196031065,9.64840196031065,9.64840196031065,0.0,0.0,0.0,33.924927126590966
2021-06-15,23.909548906509468,26.11810770601401,39.81185713815768,23.909548906509468,23.909548906509468,8.984767988282353,8.984767988282353,8.984767988282353,-0.5519292038359221,-0.5519292038359221,-0.5519292038359221,9.536697192118277,9.536697192118277,9.536697192118277,0.0,0.0,0.0,32.89431689479182
2021-06-16,23.909321670137345,27.400565779091007,39.97279388713982,23.909321670137345,23.909321670137345,9.80699192329253,9.80699192329253,9.80699192329253,0.3667812482247906,0.3667812482247906,0.3667812482247906,9.44021067506774,9.44021067506774,9.44021067506774,0.0,0.0,0.0,33.716313593429874
2021-06-17,23.90909443376523,26.923001456384306,39.57067607173873,23.90909443376523,23.90909443376523,9.300203719076531,9.300203719076531,9.300203719076531,-0.06047854999855471,-0.06047854999855471,-0.06047854999855471,9.360682269075085,9.360682269075085,9.360682269075085,0.0,0.0,0.0,33.20929815284176
2021-06-18,23.908867197393107,26.555726000338648,38.71725499947793,23.908867197393107,23.908867197393107,8.839467197779136,8.839467197779136,8.839467197779136,-0.46011495202482644,-0.46011495202482644,-0.46011495202482644,9.299582149803962,9.299582149803962,9.299582149803962,0.0,0.0,0.0,32.74833439517224
2021-06-19,23.90863996102099,26.791104344424934,39.65876340266964,23.90863996102099,23.90863996102099,9.319505482162842,9.319505482162842,9.319505482162842,0.06142651573524126,0.06142651573524126,0.06142651573524126,9.258078966427602,9.258078966427602,9.258078966427602,0.0,0.0,0.0,33.228145443183834
2021-06-20,23.90841272464887,26.901210275379437,40.09274241702778,23.90841272464887,23.90841272464887,9.514579301475564,9.514579301475564,9.514579301475564,0.2775659185000324,0.2775659185000324,0.2775659185000324,9.237013382975533,9.237013382975533,9.237013382975533,0.0,0.0,0.0,33.42299202612443
2021-06-21,23.908185488276754,27.217791330511066,39.53455550803692,23.908185488276754,23.908185488276754,9.60362659937795,9.60362659937795,9.60362659937795,0.36674902339876125,0.36674902339876125,0.36674902339876125,9.23687757597919,9.23687757597919,9.23687757597919,0.0,0.0,0.0,33.511812087654704
2021-06-22,23.90795825190463,26.3888138919121,38.62027852459413,23.90795825190463,23.90795825190463,8.705871923912708,8.705871923912708,8.705871923912708,-0.551929203836277,-0.551929203836277,-0.551929203836277,9.257801127748985,9.257801127748985,9.257801127748985,0.0,0.0,0.0,32.61383017581734
2021-06-23,23.907731015532512,27.18296545297707,39.58047272339329,23.907731015532512,23.907731015532512,9.666324861123638,9.666324861123638,9.666324861123638,0.36678124822341707,0.36678124822341707,0.36678124822341707,9.299543612900221,9.299543612900221,9.299543612900221,0.0,0.0,0.0,33.574055876656146
2021-06-24,23.907503779160393,27.30640152390596,39.341263076162605,23.907503779160393,23.907503779160393,9.301015479363237,9.301015479363237,9.301015479363237,-0.06047854999851175,-0.06047854999851175,-0.06047854999851175,9.361494029361747,9.361494029361747,9.361494029361747,0.0,0.0,0.0,33.20851925852363
2021-06-25,23.907276542788274,26.881724858646614,39.16487537287363,23.907276542788274,23.907276542788274,8.982562125675798,8.982562125675798,8.982562125675798,-0.46011495202332636,-0.46011495202332636,-0.46011495202332636,9.442677077699127,9.442677077699127,9.442677077699127,0.0,0.0,0.0,32.88983866846407
2021-06-26,23.90704930641616,27.26179047135892,39.446027230491936,23.90704930641616,23.90704930641616,9.603192663496673,9.603192663496673,9.603192663496673,0.061426515736256584,0.061426515736256584,0.061426515736256584,9.541766147760416,9.541766147760416,9.541766147760416,0.0,0.0,0.0,33.51024196991283
2021-06-27,23.906822070044036,27.68412863585846,40.13968204096952,23.906822070044036,23.906822070044036,9.934668651341129,9.934668651341129,9.934668651341129,0.27756591850109363,0.27756591850109363,0.27756591850109363,9.657102732840034,9.657102732840034,9.657102732840034,0.0,0.0,0.0,33.84149072138516
2021-07-01,23.90591312455556,28.081278383190174,40.227772007357,23.90591312455556,23.90591312455556,10.177231972934223,10.177231972934223,10.177231972934223,-0.060478550000392255,-0.060478550000392255,-0.060478550000392255,10.237710522934616,10.237710522934616,10.237710522934616,0.0,0.0,0.0,34.08314509748978
2021-07-02,23.905685888183445,27.383989368245835,40.10847142373063,23.905685888183445,23.905685888183445,9.9397451544284,9.9397451544284,9.9397451544284,-0.46011495202394304,-0.46011495202394304,-0.46011495202394304,10.399860106452344,10.399860106452344,10.399860106452344,0.0,0.0,0.0,33.84543104261184
2021-07-03,23.905458651811323,28.358138275286635,41.043159125817965,23.905458651811323,23.905458651811323,10.624533805419603,10.624533805419603,10.624533805419603,0.0614265157340509,0.0614265157340509,0.0614265157340509,10.56310728968555,10.56310728968555,10.56310728968555,0.0,0.0,0.0,34.529992457230925
2021-07-04,23.905231415439207,28.57822727787183,41.494450789486926,23.905231415439207,23.905231415439207,11.002007284935392,11.002007284935392,11.002007284935392,0.2775659184995737,0.2775659184995737,0.2775659184995737,10.724441366435817,10.724441366435817,10.724441366435817,0.0,0.0,0.0,34.9072387003746
2021-07-05,23.905004179067085,29.239340790750013,41.62444358386332,23.905004179067085,23.905004179067085,11.24758556968246,11.24758556968246,11.24758556968246,0.3667490234007363,0.3667490234007363,0.3667490234007363,10.880836546281724,10.880836546281724,10.880836546281724,0.0,0.0,0.0,35.15258974874955
2021-07-06,23.90477694269497,27.753697197063953,40.914374897471404,23.90477694269497,23.90477694269497,10.477370861330098,10.477370861330098,10.477370861330098,-0.5519292038363447,-0.5519292038363447,-0.5519292038363447,11.029300065166442,11.029300065166442,11.029300065166442,0.0,0.0,0.0,34.38214780402507
2021-07-07,23.90454970632285,28.92585084870652,41.672419710596294,23.90454970632285,23.90454970632285,11.533700586094664,11.533700586094664,11.533700586094664,0.3667812482247174,0.3667812482247174,0.3667812482247174,11.166919337869947,11.166919337869947,11.166919337869947,0.0,0.0,0.0,35.438250292417514
2021-07-08,23.904322469950728,28.924328727119967,41.52508688762511,23.904322469950728,23.904322469950728,11.23042879099396,11.23042879099396,11.23042879099396,-0.06047855000227278,-0.06047855000227278,-0.06047855000227278,11.290907340996235,11.290907340996235,11.290907340996235,0.0,0.0,0.0,35.13475126094469
2021-07-09,23.904095233578612,28.737192346013188,41.415017014500535,23.904095233578612,23.904095233578612,10.938530517463803,10.938530517463803,10.938530517463803,-0.4601149520224429,-0.4601149520224429,-0.4601149520224429,11.398645469486246,11.398645469486246,11.398645469486246,0.0,0.0,0.0,34.84262575104242
2021-07-10,23.90386799720649,28.92713564061864,41.30617975407263,23.90386799720649,23.90386799720649,11.549149692343331,11.549149692343331,11.549149692343331,0.0614265157350662,0.0614265157350662,0.0614265157350662,11.487723176608265,11.487723176608265,11.487723176608265,0.0,0.0,0.0,35.453017689549824
2021-07-11,23.903640760834374,29.420963932244906,41.66233026199488,23.903640760834374,23.903640760834374,11.833539703142153,11.833539703142153,11.833539703142153,0.27756591850063506,0.27756591850063506,0.27756591850063506,11.555973784641518,11.555973784641518,11.555973784641518,0.0,0.0,0.0,35.73718046397653
2021-07-12,23.903413524462252,29.535361870753743,41.93602771602436,23.903413524462252,23.903413524462252,11.968254962339223,11.968254962339223,11.968254962339223,0.3667490233998939,0.3667490233998939,0.3667490233998939,11.60150593893933,11.60150593893933,11.60150593893933,0.0,0.0,0.0,35.871668486801475
2021-07-13,23.903186288090136,28.19466799244611,40.83224487596877,23.903186288090136,23.903186288090136,11.070801065459133,11.070801065459133,11.070801065459133,-0.5519292038361249,-0.5519292038361249,-0.5519292038361249,11.622730269295259,11.622730269295259,11.622730269295259,0.0,0.0,0.0,34.97398735354927
2021-07-14,23.902959051718014,29.533281167104313,41.9158657491204,23.902959051718014,23.902959051718014,11.9851621656053,11.9851621656053,11.9851621656053,0.3667812482231359,0.3667812482231359,0.3667812482231359,11.618380917382163,11.618380917382163,11.618380917382163,0.0,0.0,0.0,35.88812121732332
2021-07-15,23.9027318153459,28.829614043502616,41.685388513811496,23.9027318153459,23.9027318153459,11.52705313527668,11.52705313527668,11.52705313527668,-0.06047854999620801,-0.06047854999620801,-0.06047854999620801,11.587531685272888,11.587531685272888,11.587531685272888,0.0,0.0,0.0,35.429784950622576
2021-07-16,23.902504578973776,28.751425133518858,40.77826279913214,23.902504578973776,23.902504578973776,11.069491703644339,11.069491703644339,11.069491703644339,-0.46011495202517655,-0.46011495202517655,-0.46011495202517655,11.529606655669513,11.529606655669513,11.529606655669513,0.0,0.0,0.0,34.971996282618115
2021-07-17,23.90227734260166,29.211385748701996,41.57825558891918,23.90227734260166,23.90227734260166,11.505811743381484,11.505811743381484,11.505811743381484,0.06142651573419053,0.06142651573419053,0.06142651573419053,11.444385227647295,11.444385227647295,11.444385227647295,0.0,0.0,0.0,35.40808908598314
2021-07-18,23.90205010622954,29.232013842375526,41.82788219880975,23.90205010622954,23.90205010622954,11.609567519381597,11.609567519381597,11.609567519381597,0.2775659185004057,0.2775659185004057,0.2775659185004057,11.332001600881192,11.332001600881192,11.332001600881192,0.0,0.0,0.0,35.51161762561114
2021-07-19,23.901822869857423,29.398295378435726,41.85834363450859,23.901822869857423,23.901822869857423,11.559687848577783,11.559687848577783,11.559687848577783,0.3667490234022768,0.3667490234022768,0.3667490234022768,11.192938825175506,11.192938825175506,11.192938825175506,0.0,0.0,0.0,35.46151071843521
2021-07-20,23.901595633485304,28.376507112966582,40.958831507385945,23.901595633485304,23.901595633485304,10.476088405714165,10.476088405714165,10.476088405714165,-0.5519292038364125,-0.5519292038364125,-0.5519292038364125,11.028017609550579,11.028017609550579,11.028017609550579,0.0,0.0,0.0,34.377684039199465
2021-07-21,23.90136839711318,28.818718875734447,41.71355113893122,23.90136839711318,23.90136839711318,11.205161403743277,11.205161403743277,11.205161403743277,0.36678124822311153,0.36678124822311153,0.36678124822311153,10.838380155520166,10.838380155520166,10.838380155520166,0.0,0.0,0.0,35.10652980085646
2021-07-22,23.901141160741066,28.394635132127398,40.81714455968161,23.901141160741066,23.901141160741066,10.564990791916443,10.564990791916443,10.564990791916443,-0.06047854999616505,-0.06047854999616505,-0.06047854999616505,10.62546934191261,10.62546934191261,10.62546934191261,0.0,0.0,0.0,34.466131952657506
2021-07-23,23.900913924368943,27.843228055615562,40.32470398133366,23.900913924368943,23.900913924368943,9.930888691524263,9.930888691524263,9.930888691524263,-0.46011495202367636,-0.46011495202367636,-0.46011495202367636,10.39100364354794,10.39100364354794,10.39100364354794,0.0,0.0,0.0,33.83180261589321
2021-07-24,23.900686687996828,27.22700439453622,40.280609312354294,23.900686687996828,23.900686687996828,10.198374728949817,10.198374728949817,10.198374728949817,0.061426515735205835,0.061426515735205835,0.061426515735205835,10.136948213214612,10.136948213214612,10.136948213214612,0.0,0.0,0.0,34.09906141694665
2021-07-25,23.900459451624705,27.824627457548548,40.181059009709834,23.900459451624705,23.900459451624705,10.143048514414483,10.143048514414483,10.143048514414483,0.2775659184998214,0.2775659184998214,0.2775659184998214,9.865482595914662,9.865482595914662,9.865482595914662,0.0,0.0,0.0,34.043507966039186
2021-07-26,23.90023221525259,27.759123223523964,40.219154690793275,23.90023221525259,23.90023221525259,9.94571460007403,9.94571460007403,9.94571460007403,0.366749023401869,0.366749023401869,0.366749023401869,9.57896557667216,9.57896557667216,9.57896557667216,0.0,0.0,0.0,33.84594681532662
2021-07-27,23.900004978880467,26.38649986156672,39.10857919405074,23.900004978880467,23.900004978880467,8.727968484895754,8.727968484895754,8.727968484895754,-0.551929203835685,-0.551929203835685,-0.551929203835685,9.27989768873144,9.27989768873144,9.27989768873144,0.0,0.0,0.0,32.62797346377622
2021-08-01,23.898868797019876,25.048872376883413,37.85837006409059,23.898868797019876,23.898868797019876,7.9662690900229345,7.9662690900229345,7.9662690900229345,0.27756591849959206,0.27756591849959206,0.27756591849959206,7.6887031715233425,7.6887031715233425,7.6887031715233425,0.0,0.0,0.0,31.86513788704281
2021-08-02,23.898641560647757,25.192238396956256,37.81709608999743,23.898641560647757,23.898641560647757,7.736470635516965,7.736470635516965,7.736470635516965,0.3667490234014612,0.3667490234014612,0.3667490234014612,7.369721612115503,7.369721612115503,7.369721612115503,0.0,0.0,0.0,31.635112196164723
2021-08-03,23.898414324275638,24.451577724833545,36.54556325301734,23.898414324275638,23.898414324275638,6.504349017913957,6.504349017913957,6.504349017913957,-0.5519292038359727,-0.5519292038359727,-0.5519292038359727,7.05627822174993,7.05627822174993,7.05627822174993,0.0,0.0,0.0,30.402763342189594
2021-08-04,23.89818708790352,25.06669739208495,37.503270234910595,23.89818708790352,23.89818708790352,7.117342584533498,7.117342584533498,7.117342584533498,0.36678124822441194,0.36678124822441194,0.36678124822441194,6.750561336309087,6.750561336309087,6.750561336309087,0.0,0.0,0.0,31.01552967243702
2021-08-05,23.897959851531397,24.066356420062966,36.327524403947635,23.897959851531397,23.897959851531397,6.394072183835429,6.394072183835429,6.394072183835429,-0.06047854999992606,-0.06047854999992606,-0.06047854999992606,6.454550733835356,6.454550733835356,6.454550733835356,0.0,0.0,0.0,30.292032035366827
2021-08-06,23.89773261515928,23.243798949373357,35.93355629359179,23.89773261515928,23.89773261515928,5.709872536583503,5.709872536583503,5.709872536583503,-0.46011495202416713,-0.46011495202416713,-0.46011495202416713,6.169987488607671,6.169987488607671,6.169987488607671,0.0,0.0,0.0,29.607605151742785
2021-08-07,23.89750537848503,22.986946096278214,35.985968331663344,23.89750537848503,23.89750537848503,5.959774002826314,5.959774002826314,5.959774002826314,0.06142651573723645,0.06142651573723645,0.06142651573723645,5.898347487089077,5.898347487089077,5.898347487089077,0.0,0.0,0.0,29.857279381311344
2021-08-08,23.897278141810773,23.85400906140859,35.82734096221073,23.897278141810773,23.897278141810773,5.918384971339506,5.918384971339506,5.918384971339506,0.2775659184993627,0.2775659184993627,0.2775659184993627,5.6408190528401425,5.6408190528401425,5.6408190528401425,0.0,0.0,0.0,29.81566311315028
2021-08-09,23.89705090513652,23.283638229239372,35.94268058007875,23.89705090513652,23.89705090513652,5.765034112369811,5.765034112369811,5.765034112369811,0.3667490234006189,0.3667490234006189,0.3667490234006189,5.3982850889691925,5.3982850889691925,5.3982850889691925,0.0,0.0,0.0,29.66208501750633
2021-08-10,23.896823668462268,22.340907772448666,34.88137855156404,23.896823668462268,23.896823668462268,4.619380897612634,4.619380897612634,4.619380897612634,-0.5519292038363276,-0.5519292038363276,-0.5519292038363276,5.171310101448961,5.171310101448961,5.171310101448961,0.0,0.0,0.0,28.5162045660749
2021-08-11,23.896596431788012,23.204211986689067,35.506194075130274,23.896596431788012,23.896596431788012,5.326913662432486,5.326913662432486,5.326913662432486,0.3667812482257366,0.3667812482257366,0.3667812482257366,4.960132414206749,4.960132414206749,4.960132414206749,0.0,0.0,0.0,29.223510094220497
2021-08-12,23.89636919511376,22.39860587307127,34.5857345628438,23.89636919511376,23.89636919511376,4.70418327698911,4.70418327698911,4.70418327698911,-0.06047854999988307,-0.06047854999988307,-0.06047854999988307,4.764661826988993,4.764661826988993,4.764661826988993,0.0,0.0,0.0,28.60055247210287
2021-08-13,23.896141958439504,21.52409039093027,34.57851934956645,23.896141958439504,23.896141958439504,4.124367947246622,4.124367947246622,4.124367947246622,-0.46011495202478386,-0.46011495202478386,-0.46011495202478386,4.584482899271406,4.584482899271406,4.584482899271406,0.0,0.0,0.0,28.020509905686126
2021-08-14,23.89591472176525,22.122897906347433,35.13812796226699,23.89591472176525,23.89591472176525,4.480290483795203,4.480290483795203,4.480290483795203,0.061426515736360786,0.061426515736360786,0.061426515736360786,4.418863968058842,4.418863968058842,4.418863968058842,0.0,0.0,0.0,28.376205205560453
2021-08-15,23.895687485090995,22.314770158775982,34.68143798101839,23.895687485090995,23.895687485090995,4.544337842949871,4.544337842949871,4.544337842949871,0.27756591849877843,0.27756591849877843,0.27756591849877843,4.266771924451093,4.266771924451093,4.266771924451093,0.0,0.0,0.0,28.440025328040868
2021-08-16,23.895460248416743,22.21881341599665,34.962408454541475,23.895460248416743,23.895460248416743,4.493641707363878,4.493641707363878,4.493641707363878,0.3667490233997766,0.3667490233997766,0.3667490233997766,4.1268926839641,4.1268926839641,4.1268926839641,0.0,0.0,0.0,28.38910195578062
2021-08-17,23.89523301174249,20.54172474538242,33.883954114444805,23.89523301174249,23.89523301174249,3.4457279857452123,3.4457279857452123,3.4457279857452123,-0.5519292038361078,-0.5519292038361078,-0.5519292038361078,3.99765718958132,3.99765718958132,3.99765718958132,0.0,0.0,0.0,27.340960997487702
2021-08-18,23.89500577506824,21.989073040909638,34.839580099200404,23.89500577506824,23.89500577506824,4.2440539338064776,4.2440539338064776,4.2440539338064776,0.3667812482214569,0.3667812482214569,0.3667812482214569,3.877272685585021,3.877272685585021,3.877272685585021,0.0,0.0,0.0,28.139059708874715
2021-08-19,23.894778538393982,21.083082897773835,33.99849046256801,23.894778538393982,23.894778538393982,3.703280345931577,3.703280345931577,3.703280345931577,-0.06047854999984012,-0.06047854999984012,-0.06047854999984012,3.7637588959314168,3.7637588959314168,3.7637588959314168,0.0,0.0,0.0,27.59805888432556
2021-08-20,23.89455130171973,21.2093264737661,33.86184335299786,23.89455130171973,23.89455130171973,3.1948736830569793,3.1948736830569793,3.1948736830569793,-0.46011495202328384,-0.46011495202328384,-0.46011495202328384,3.654988635080263,3.654988635080263,3.654988635080263,0.0,0.0,0.0,27.08942498477671
2021-08-21,23.894324065045478,20.720943194317247,34.05169886172103,23.894324065045478,23.894324065045478,3.61015878968124,3.61015878968124,3.61015878968124,0.06142651573415508,0.06142651573415508,0.06142651573415508,3.5487322739470852,3.5487322739470852,3.5487322739470852,0.0,0.0,0.0,27.504482854726717
2021-08-22,23.894096828371225,21.12025630352277,34.29147365355907,23.894096828371225,23.894096828371225,3.7202712999241077,3.7202712999241077,3.7202712999241077,0.2775659184998396,0.2775659184998396,0.2775659184998396,3.442705381424268,3.442705381424268,3.442705381424268,0.0,0.0,0.0,27.614368128295332
2021-08-23,23.89386959169697,21.464957484376722,34.32360495201882,23.89386959169697,23.89386959169697,3.7013677887091814,3.7013677887091814,3.7013677887091814,0.36674902339936877,0.36674902339936877,0.36674902339936877,3.3346187653098127,3.3346187653098127,3.3346187653098127,0.0,0.0,0.0,27.59523738040615
2021-08-24,23.893642355022713,20.845057704083636,32.985501651867125,23.893642355022713,23.893642355022713,2.6703008444271634,2.6703008444271634,2.6703008444271634,-0.5519292038358877,-0.5519292038358877,-0.5519292038358877,3.222230048263051,3.222230048263051,3.222230048263051,0.0,0.0,0.0,26.563943199449877
2021-08-25,23.89341511834846,21.151725933576145,33.42261666829987,23.89341511834846,23.89341511834846,3.470177085642539,3.470177085642539,3.470177085642539,0.36678124822278163,0.36678124822278163,0.36678124822278163,3.1033958374197574,3.1033958374197574,3.1033958374197574,0.0,0.0,0.0,27.363592203991
2021-08-26,23.89318788167421,20.246120422449298,32.693803465638815,23.89318788167421,23.89318788167421,2.915644933280117,2.915644933280117,2.915644933280117,-0.06047854999762232,-0.06047854999762232,-0.06047854999762232,2.9761234832777395,2.9761234832777395,2.9761234832777395,0.0,0.0,0.0,26.808832814954325
2021-08-27,23.892960644999953,20.130520507769383,32.35558102828097,23.892960644999953,23.892960644999953,2.3785064252503183,2.3785064252503183,2.3785064252503183,-0.46011495202178354,-0.46011495202178354,-0.46011495202178354,2.8386213772721023,2.8386213772721023,2.8386213772721023,0.0,0.0,0.0,26.27146707025027
2021-09-01,23.891824461628687,20.06301542600868,32.28145388436312,23.891824461628687,23.891824461628687,2.3214877629383337,2.3214877629383337,2.3214877629383337,0.3667812482227572,0.3667812482227572,0.3667812482227572,1.9547065147155764,1.9547065147155764,1.9547065147155764,0.0,0.0,0.0,26.21331222456702
2021-09-02,23.891597224954435,19.40065025798008,31.62814888775455,23.891597224954435,23.891597224954435,1.6744553154792408,1.6744553154792408,1.6744553154792408,-0.06047854999950284,-0.06047854999950284,-0.06047854999950284,1.7349338654787436,1.7349338654787436,1.7349338654787436,0.0,0.0,0.0,25.566052540433674
2021-09-03,23.891369988280175,18.587892106021016,31.334677628566837,23.891369988280175,23.891369988280175,1.0413299612429872,1.0413299612429872,1.0413299612429872,-0.4601149520224003,-0.4601149520224003,-0.4601149520224003,1.5014449132653875,1.5014449132653875,1.5014449132653875,0.0,0.0,0.0,24.932699949523162
2021-09-04,23.891142751605923,18.820940477728026,31.232733909717695,23.891142751605923,23.891142751605923,1.316771167113567,1.316771167113567,1.316771167113567,0.061426515736185704,0.061426515736185704,0.061426515736185704,1.2553446513773812,1.2553446513773812,1.2553446513773812,0.0,0.0,0.0,25.20791391871949
2021-09-05,23.89091551493167,19.05360223230173,31.57924238474479,23.89091551493167,23.89091551493167,1.2757234919921168,1.2757234919921168,1.2757234919921168,0.277565918499381,0.277565918499381,0.277565918499381,0.9981575734927359,0.9981575734927359,0.9981575734927359,0.0,0.0,0.0,25.166639006923788
2021-09-06,23.890688278257418,19.179299292792535,30.90595587445509,23.890688278257418,23.890688278257418,1.0985602228385378,1.0985602228385378,1.0985602228385378,0.3667490234013438,0.3667490234013438,0.3667490234013438,0.7318111994371941,0.7318111994371941,0.7318111994371941,0.0,0.0,0.0,24.989248501095958
2021-09-07,23.890461041583162,17.280965156294155,30.065797954282285,23.890461041583162,23.890461041583162,-0.09331922012080311,-0.09331922012080311,-0.09331922012080311,-0.551929203836463,-0.551929203836463,-0.551929203836463,0.4586099837156599,0.4586099837156599,0.4586099837156599,0.0,0.0,0.0,23.797141821462358
2021-09-08,23.89023380490891,17.928982882536314,30.976680034267638,23.89023380490891,23.89023380490891,0.5479810129433633,0.5479810129433633,0.5479810129433633,0.366781248224082,0.366781248224082,0.366781248224082,0.18119976471928131,0.18119976471928131,0.18119976471928131,0.0,0.0,0.0,24.438214817852273
2021-09-09,23.890006568234657,17.6523773228882,29.834221585665304,23.890006568234657,23.890006568234657,-0.15795541821799552,-0.15795541821799552,-0.15795541821799552,-0.06047854999753638,-0.06047854999753638,-0.06047854999753638,-0.09747686822045915,-0.09747686822045915,-0.09747686822045915,0.0,0.0,0.0,23.732051150016662
2021-09-10,23.8897793315604,16.85244243202813,29.665572726403155,23.8897793315604,23.8897793315604,-0.834348642932828,-0.834348642932828,-0.834348642932828,-0.46011495202301717,-0.46011495202301717,-0.46011495202301717,-0.3742336909098108,-0.3742336909098108,-0.3742336909098108,0.0,0.0,0.0,23.055430688627574
2021-09-11,23.88955209488615,16.950044176686735,29.13064083885883,23.88955209488615,23.88955209488615,-0.5842751097154132,-0.5842751097154132,-0.5842751097154132,0.061426515733980024,0.061426515733980024,0.061426515733980024,-0.6457016254493931,-0.6457016254493931,-0.6457016254493931,0.0,0.0,0.0,23.305276985170735
2021-09-12,23.889324858211896,17.26457277036214,29.81833785888721,23.889324858211896,23.889324858211896,-0.6308302391361349,-0.6308302391361349,-0.6308302391361349,0.27756591849915163,0.27756591849915163,0.27756591849915163,-0.9083961576352865,-0.9083961576352865,-0.9083961576352865,0.0,0.0,0.0,23.258494619075762
2021-09-13,23.889097621537644,16.88715542049549,29.53497168588012,23.889097621537644,23.889097621537644,-0.7920411416317629,-0.7920411416317629,-0.7920411416317629,0.36674902340050153,0.36674902340050153,0.36674902340050153,-1.1587901650322643,-1.1587901650322643,-1.1587901650322643,0.0,0.0,0.0,23.09705647990588
2021-09-14,23.888870384863385,16.117366556132875,28.174097551323126,23.888870384863385,23.888870384863385,-1.9453199567742883,-1.9453199567742883,-1.9453199567742883,-0.5519292038363104,-0.5519292038363104,-0.5519292038363104,-1.3933907529379779,-1.3933907529379779,-1.3933907529379779,0.0,0.0,0.0,21.943550428089097
2021-09-15,23.888643148189132,16.460342003787954,29.45057896653336,23.888643148189132,23.888643148189132,-1.242037294984387,-1.242037294984387,-1.242037294984387,0.3667812482240576,0.3667812482240576,0.3667812482240576,-1.6088185432084445,-1.6088185432084445,-1.6088185432084445,0.0,0.0,0.0,22.646605853204747
2021-09-16,23.88841591151488,15.85586981498888,28.44375477890944,23.88841591151488,23.88841591151488,-1.8623662885743615,-1.8623662885743615,-1.8623662885743615,-0.0604785499994169,-0.0604785499994169,-0.0604785499994169,-1.8018877385749446,-1.8018877385749446,-1.8018877385749446,0.0,0.0,0.0,22.02604962294052
2021-09-17,23.888188674840627,15.572316641483464,27.560332698183213,23.888188674840627,23.888188674840627,-2.429800149197557,-2.429800149197557,-2.429800149197557,-0.46011495202289115,-0.46011495202289115,-0.46011495202289115,-1.9696851971746658,-1.9696851971746658,-1.9696851971746658,0.0,0.0,0.0,21.45838852564307
2021-09-18,23.88796143816637,15.696385693064242,28.254750316035047,23.88796143816637,23.88796143816637,-2.0482201864900644,-2.0482201864900644,-2.0482201864900644,0.06142651573499532,0.06142651573499532,0.06142651573499532,-2.10964670222506,-2.10964670222506,-2.10964670222506,0.0,0.0,0.0,21.83974125167631
2021-09-19,23.88773420149212,15.80982389622335,27.840619116706833,23.88773420149212,23.88773420149212,-1.9420626846715223,-1.9420626846715223,-1.9420626846715223,0.2775659185002129,0.2775659185002129,0.2775659185002129,-2.2196286031717354,-2.2196286031717354,-2.2196286031717354,0.0,0.0,0.0,21.945671516820596
2021-09-20,23.887506964817867,16.07121665226325,27.98476510981782,23.887506964817867,23.887506964817867,-1.9312240158004663,-1.9312240158004663,-1.9312240158004663,0.3667490234005283,0.3667490234005283,0.3667490234005283,-2.2979730392009943,-2.2979730392009943,-2.2979730392009943,0.0,0.0,0.0,21.9562829490174
2021-09-21,23.887279728143614,14.825190671483075,27.193381795334332,23.887279728143614,23.887279728143614,-2.8954942385925153,-2.8954942385925153,-2.8954942385925153,-0.551929203835583,-0.551929203835583,-0.551929203835583,-2.3435650347569323,-2.3435650347569323,-2.3435650347569323,0.0,0.0,0.0,20.9917854895511
2021-09-22,23.88705249146936,15.579943036639419,28.22600385657927,23.88705249146936,23.88705249146936,-1.9890986313608088,-1.9890986313608088,-1.9890986313608088,0.3667812482224761,0.3667812482224761,0.3667812482224761,-2.355879879583285,-2.355879879583285,-2.355879879583285,0.0,0.0,0.0,21.89795386010855
2021-09-23,23.886825254795106,15.140452722748226,27.825560248902995,23.886825254795106,23.886825254795106,-2.395497921549053,-2.395497921549053,-2.395497921549053,-0.06047854999937392,-0.06047854999937392,-0.06047854999937392,-2.3350193715496794,-2.3350193715496794,-2.3350193715496794,0.0,0.0,0.0,21.491327333246055
2021-09-24,23.886598018120853,15.190163850422818,27.338634118101062,23.886598018120853,23.886598018120853,-2.7418506588047356,-2.7418506588047356,-2.7418506588047356,-0.460114952021391,-0.460114952021391,-0.460114952021391,-2.2817357067833446,-2.2817357067833446,-2.2817357067833446,0.0,0.0,0.0,21.144747359316117
2021-09-25,23.886370781446598,15.607429849110273,27.892710929662265,23.886370781446598,23.886370781446598,-2.136015529126246,-2.136015529126246,-2.136015529126246,0.061426515734119676,0.061426515734119676,0.061426515734119676,-2.1974420448603658,-2.1974420448603658,-2.1974420448603658,0.0,0.0,0.0,21.75035525232035
2021-09-26,23.88614354477234,15.771445322612776,28.405410106949834,23.88614354477234,23.88614354477234,-1.8066431338940578,-1.8066431338940578,-1.8066431338940578,0.2775659184999835,0.2775659184999835,0.2775659184999835,-2.0842090523940415,-2.0842090523940415,-2.0842090523940415,0.0,0.0,0.0,22.079500410878282
2021-09-27,23.88591630809809,16.274201221592012,28.49135156042531,23.88591630809809,23.88591630809809,-1.5779980073147382,-1.5779980073147382,-1.5779980073147382,0.36674902339968596,0.36674902339968596,0.36674902339968596,-1.944747030714424,-1.944747030714424,-1.944747030714424,0.0,0.0,0.0,22.30791830078335
2021-10-01,23.885007361401076,16.04478572729699,28.336293650050127,23.885007361401076,23.885007361401076,-1.6591115869584825,-1.6591115869584825,-1.6591115869584825,-0.46011495202412467,-0.46011495202412467,-0.46011495202412467,-1.198996634934358,-1.198996634934358,-1.198996634934358,0.0,0.0,0.0,22.225895774442595
2021-10-02,23.884780124726824,16.232276799201404,29.23373544327985,23.884780124726824,23.884780124726824,-0.9269625529094905,-0.9269625529094905,-0.9269625529094905,0.061426515737025955,0.061426515737025955,0.061426515737025955,-0.9883890686465164,-0.9883890686465164,-0.9883890686465164,0.0,0.0,0.0,22.957817571817333
2021-10-03,23.884552888052568,16.756024718317633,29.40919702891177,23.884552888052568,23.884552888052568,-0.5009160391035596,-0.5009160391035596,-0.5009160391035596,0.2775659184993992,0.2775659184993992,0.2775659184993992,-0.7784819576029589,-0.7784819576029589,-0.7784819576029589,0.0,0.0,0.0,23.38363684894901
2021-10-04,23.884325651378315,17.31200565978464,30.055254494681748,23.884325651378315,23.884325651378315,-0.20807219729478138,-0.20807219729478138,-0.20807219729478138,0.3667490233992782,0.3667490233992782,0.3667490233992782,-0.5748212206940595,-0.5748212206940595,-0.5748212206940595,0.0,0.0,0.0,23.676253454083533
2021-10-05,23.884098437388754,16.477624918234,29.154731119256702,23.884098437388754,23.884098437388754,-0.9349210273743386,-0.9349210273743386,-0.9349210273743386,-0.5519292038361582,-0.5519292038361582,-0.5519292038361582,-0.3829918235381804,-0.3829918235381804,-0.3829918235381804,0.0,0.0,0.0,22.949177410014414
2021-10-06,23.883871223399193,17.959479122815203,30.099468175384732,23.883871223399193,23.883871223399193,0.15827509644751783,0.15827509644751783,0.15827509644751783,0.36678124822377645,0.36678124822377645,0.36678124822377645,-0.20850615177625859,-0.20850615177625859,-0.20850615177625859,0.0,0.0,0.0,24.04214631984671
2021-10-07,23.883644009409633,17.631053030704148,29.97188805524856,23.883644009409633,23.883644009409633,-0.11716976062158141,-0.11716976062158141,-0.11716976062158141,-0.06047855000121144,-0.06047855000121144,-0.06047855000121144,-0.05669121062036996,-0.05669121062036996,-0.05669121062036996,0.0,0.0,0.0,23.76647424878805
2021-10-08,23.88341679542007,16.69515262427784,29.641437092820226,23.88341679542007,23.88341679542007,-0.3926921321920737,-0.3926921321920737,-0.3926921321920737,-0.4601149520218818,-0.4601149520218818,-0.4601149520218818,0.06742281982980809,0.06742281982980809,0.06742281982980809,0.0,0.0,0.0,23.490724663227997
2021-10-09,23.88318958143051,18.068980974050234,30.518784146867002,23.88318958143051,23.88318958143051,0.2206366248865912,0.2206366248865912,0.2206366248865912,0.06142651573615029,0.06142651573615029,0.06142651573615029,0.15921010915044093,0.15921010915044093,0.15921010915044093,0.0,0.0,0.0,24.103826206317102
2021-10-10,23.88296236744095,18.26925203145389,30.431133169644564,23.88296236744095,23.88296236744095,0.4921161613455468,0.4921161613455468,0.4921161613455468,0.27756591849916995,0.27756591849916995,0.27756591849916995,0.21455024284637686,0.21455024284637686,0.21455024284637686,0.0,0.0,0.0,24.375078528786496
2021-10-11,23.88273515345139,18.113050809743893,30.7439362340874,23.88273515345139,23.88273515345139,0.5966694037866929,0.5966694037866929,0.5966694037866929,0.36674902340166093,0.36674902340166093,0.36674902340166093,0.229920380385032,0.229920380385032,0.229920380385032,0.0,0.0,0.0,24.47940455723808
2021-10-12,23.882507939461828,17.33677135657271,29.85715321147892,23.882507939461828,23.882507939461828,-0.34945299889480486,-0.34945299889480486,-0.34945299889480486,-0.5519292038359382,-0.5519292038359382,-0.5519292038359382,0.20247620494113347,0.20247620494113347,0.20247620494113347,0.0,0.0,0.0,23.533054940567023
2021-10-13,23.882280725472267,18.538125911251846,30.49836556381907,23.882280725472267,23.882280725472267,0.4969008223094364,0.4969008223094364,0.4969008223094364,0.366781248222403,0.366781248222403,0.366781248222403,0.13011957408703353,0.13011957408703353,0.13011957408703353,0.0,0.0,0.0,24.3791815477817
2021-10-14,23.882053511482706,17.81060347897159,30.484675768258068,23.882053511482706,23.882053511482706,-0.04892750419693456,-0.04892750419693456,-0.04892750419693456,-0.060478549998993665,-0.060478549998993665,-0.060478549998993665,0.011551045802059099,0.011551045802059099,0.011551045802059099,0.0,0.0,0.0,23.83312600728577
2021-10-15,23.881826297493145,17.293605534340806,29.925739150908562,23.881826297493145,23.881826297493145,-0.6138091820800292,-0.6138091820800292,-0.6138091820800292,-0.4601149520246155,-0.4601149520246155,-0.4601149520246155,-0.15369423005541377,-0.15369423005541377,-0.15369423005541377,0.0,0.0,0.0,23.268017115413116
2021-10-16,23.881599083503584,17.06788526087581,29.826040801411523,23.881599083503584,23.881599083503584,-0.3038018891112443,-0.3038018891112443,-0.3038018891112443,0.06142651573527459,0.06142651573527459,0.06142651573527459,-0.3652284048465189,-0.3652284048465189,-0.3652284048465189,0.0,0.0,0.0,23.57779719439234
2021-10-17,23.881371869514023,17.262110453579965,29.60358122150711,23.881371869514023,23.881371869514023,-0.3442454443367214,-0.3442454443367214,-0.3442454443367214,0.2775659185002311,0.2775659185002311,0.2775659185002311,-0.6218113628369525,-0.6218113628369525,-0.6218113628369525,0.0,0.0,0.0,23.537126425177302
2021-10-18,23.881144655524462,17.12478990174389,29.57264864970757,23.881144655524462,23.881144655524462,-0.5546209988591811,-0.5546209988591811,-0.5546209988591811,0.3667490234012532,0.3667490234012532,0.3667490234012532,-0.9213700222604343,-0.9213700222604343,-0.9213700222604343,0.0,0.0,0.0,23.32652365666528
2021-10-19,23.8809174415349,15.621747945519795,28.48865139446917,23.8809174415349,23.8809174415349,-1.8129655998352903,-1.8129655998352903,-1.8129655998352903,-0.5519292038368008,-0.5519292038368008,-0.5519292038368008,-1.2610363959984894,-1.2610363959984894,-1.2610363959984894,0.0,0.0,0.0,22.06795184169961
2021-10-20,23.88069022754534,15.725434138459365,28.76432422765341,23.88069022754534,23.88069022754534,-1.2704226065211743,-1.2704226065211743,-1.2704226065211743,0.3667812482237277,0.3667812482237277,0.3667812482237277,-1.637203854744902,-1.637203854744902,-1.637203854744902,0.0,0.0,0.0,22.610267621024168
2021-10-21,23.88046301355578,15.632387866222919,27.839351342463626,23.88046301355578,23.88046301355578,-2.106079142355213,-2.106079142355213,-2.106079142355213,-0.060478549998950686,-0.060478549998950686,-0.060478549998950686,-2.0456005923562626,-2.0456005923562626,-2.0456005923562626,0.0,0.0,0.0,21.774383871200566
2021-10-22,23.88023579956622,14.450867130758777,27.050448901322934,23.88023579956622,23.88023579956622,-2.9414938171537166,-2.9414938171537166,-2.9414938171537166,-0.46011495202311536,-0.46011495202311536,-0.46011495202311536,-2.4813788651306017,-2.4813788651306017,-2.4813788651306017,0.0,0.0,0.0,20.938741982412502
2021-10-23,23.880008585576658,14.50249458854362,27.094132266007268,23.880008585576658,23.880008585576658,-2.877791659261187,-2.877791659261187,-2.877791659261187,0.06142651573628992,0.06142651573628992,0.06142651573628992,-2.9392181749974773,-2.9392181749974773,-2.9392181749974773,0.0,0.0,0.0,21.00221692631547
2021-10-24,23.879781371587097,14.333604275790117,26.767820544323246,23.879781371587097,23.879781371587097,-3.1358742830511512,-3.1358742830511512,-3.1358742830511512,0.27756591849871126,0.27756591849871126,0.27756591849871126,-3.4134402015498626,-3.4134402015498626,-3.4134402015498626,0.0,0.0,0.0,20.743907088535945
2021-10-25,23.879554157597536,14.12634792323771,26.72001798519465,23.879554157597536,23.879554157597536,-3.5313839458803593,-3.5313839458803593,-3.5313839458803593,0.3667490234008454,0.3667490234008454,0.3667490234008454,-3.898132969281204,-3.898132969281204,-3.898132969281204,0.0,0.0,0.0,20.348170211717175
2021-10-26,23.879326943607975,12.868149654851601,24.686024480688936,23.879326943607975,23.879326943607975,-4.9392106769409025,-4.9392106769409025,-4.9392106769409025,-0.5519292038360734,-0.5519292038360734,-0.5519292038360734,-4.387281473104829,-4.387281473104829,-4.387281473104829,0.0,0.0,0.0,18.940116266667072
2021-10-27,23.87909972961841,13.311589645261218,25.71995062279009,23.87909972961841,23.87909972961841,-4.508120536635076,-4.508120536635076,-4.508120536635076,0.3667812482250524,0.3667812482250524,0.3667812482250524,-4.874901784860128,-4.874901784860128,-4.874901784860128,0.0,0.0,0.0,19.370979192983334
2021-11-01,23.877963659670606,11.096736881920076,23.378853001443524,23.877963659670606,23.877963659670606,-6.732666586933093,-6.732666586933093,-6.732666586933093,0.36674902340043763,0.36674902340043763,0.36674902340043763,-7.099415610333531,-7.099415610333531,-7.099415610333531,0.0,0.0,0.0,17.145297072737513
2021-11-02,23.877736445681045,9.923798243294256,22.328678228097584,23.877736445681045,23.877736445681045,-8.022205775026444,-8.022205775026444,-8.022205775026444,-0.551929203836361,-0.551929203836361,-0.551929203836361,-7.470276571190083,-7.470276571190083,-7.470276571190083,0.0,0.0,0.0,15.8555306706546
2021-11-03,23.877509231691487,10.576027365160666,22.758224035905954,23.877509231691487,23.877509231691487,-7.442369026398963,-7.442369026398963,-7.442369026398963,0.36678124822502806,0.36678124822502806,0.36678124822502806,-7.80915027462399,-7.80915027462399,-7.80915027462399,0.0,0.0,0.0,16.435140205292523
2021-11-04,23.877282017701926,9.094383952501504,21.55757110215537,23.877282017701926,23.877282017701926,-8.175008172297414,-8.175008172297414,-8.175008172297414,-0.060478549996689925,-0.060478549996689925,-0.060478549996689925,-8.114529622300724,-8.114529622300724,-8.114529622300724,0.0,0.0,0.0,15.702273845404513
2021-11-05,23.877054803712365,8.666537795785947,21.94758303933098,23.877054803712365,23.877054803712365,-8.845920157775454,-8.845920157775454,-8.845920157775454,-0.4601149520243488,-0.4601149520243488,-0.4601149520243488,-8.385805205751106,-8.385805205751106,-8.385805205751106,0.0,0.0,0.0,15.03113464593691
2021-11-06,23.8768275897228,9.018262282781034,21.519953323599786,23.8768275897228,23.8768275897228,-8.561851881469739,-8.561851881469739,-8.561851881469739,0.06142651573509954,0.06142651573509954,0.06142651573509954,-8.623278397204837,-8.623278397204837,-8.623278397204837,0.0,0.0,0.0,15.314975708253062
2021-11-07,23.87660037573324,8.950166699591627,21.494822204421027,23.87660037573324,23.87660037573324,-8.550586620988854,-8.550586620988854,-8.550586620988854,0.27756591850083373,0.27756591850083373,0.27756591850083373,-8.828152539489686,-8.828152539489686,-8.828152539489686,0.0,0.0,0.0,15.326013754744386
2021-11-08,23.87637316174368,8.845208674237544,21.337783949410888,23.87637316174368,23.87637316174368,-8.63575318716639,-8.63575318716639,-8.63575318716639,0.3667490233995953,0.3667490233995953,0.3667490233995953,-9.002502210565986,-9.002502210565986,-9.002502210565986,0.0,0.0,0.0,15.240619974577289
2021-11-09,23.87614594775412,7.609321663835696,20.56485643547288,23.87614594775412,23.87614594775412,-9.701150272576342,-9.701150272576342,-9.701150272576342,-0.5519292038361412,-0.5519292038361412,-0.5519292038361412,-9.149221068740202,-9.149221068740202,-9.149221068740202,0.0,0.0,0.0,14.17499567517778
2021-11-10,23.875918733764557,8.808052188392455,21.059228085311084,23.875918733764557,23.875918733764557,-8.905168061180568,-8.905168061180568,-8.905168061180568,0.36678124822479563,0.36678124822479563,0.36678124822479563,-9.271949309405363,-9.271949309405363,-9.271949309405363,0.0,0.0,0.0,14.97075067258399
2021-11-11,23.875691519774996,8.236910073584458,20.84835076899318,23.875691519774996,23.875691519774996,-9.43546082022603,-9.43546082022603,-9.43546082022603,-0.06047854999857045,-0.06047854999857045,-0.06047854999857045,-9.37498227022746,-9.37498227022746,-9.37498227022746,0.0,0.0,0.0,14.440230699548966
2021-11-12,23.875464305785435,7.658779376083579,20.235978252875412,23.875464305785435,23.875464305785435,-9.92327714820192,-9.92327714820192,-9.92327714820192,-0.46011495202496555,-0.46011495202496555,-0.46011495202496555,-9.463162196176954,-9.463162196176954,-9.463162196176954,0.0,0.0,0.0,13.952187157583515
2021-11-13,23.875237091795874,8.318025162593875,20.659021263430187,23.875237091795874,23.875237091795874,-9.4803290908005,-9.4803290908005,-9.4803290908005,0.06142651573422386,0.06142651573422386,0.06142651573422386,-9.541755606534723,-9.541755606534723,-9.541755606534723,0.0,0.0,0.0,14.394908000995374
2021-11-14,23.875009877806317,8.143270884051764,20.803000793421614,23.875009877806317,23.875009877806317,-9.338753163272816,-9.338753163272816,-9.338753163272816,0.27756591849895884,0.27756591849895884,0.27756591849895884,-9.616319081771774,-9.616319081771774,-9.616319081771774,0.0,0.0,0.0,14.5362567145335
2021-11-15,23.874782663816752,8.188023253255027,20.556894984244664,23.874782663816752,23.874782663816752,-9.325807575653103,-9.325807575653103,-9.325807575653103,0.3667490234019781,0.3667490234019781,0.3667490234019781,-9.69255659905508,-9.69255659905508,-9.69255659905508,0.0,0.0,0.0,14.54897508816365
2021-11-16,23.87455544982719,6.7998331781637,19.486823423093206,23.87455544982719,23.87455544982719,-10.328100986368055,-10.328100986368055,-10.328100986368055,-0.5519292038359211,-0.5519292038359211,-0.5519292038359211,-9.776171782532133,-9.776171782532133,-9.776171782532133,0.0,0.0,0.0,13.546454463459137
2021-11-17,23.87432823583763,7.861877460996302,20.673207285816645,23.87432823583763,23.87432823583763,-9.505937343715603,-9.505937343715603,-9.505937343715603,0.3667812482234222,0.3667812482234222,0.3667812482234222,-9.872718591939025,-9.872718591939025,-9.872718591939025,0.0,0.0,0.0,14.368390892122028
2021-11-18,23.87410102184807,7.834225028155361,20.14086562973026,23.87410102184807,23.87410102184807,-10.047932595572073,-10.047932595572073,-10.047932595572073,-0.060478549996603986,-0.060478549996603986,-0.060478549996603986,-9.98745404557547,-9.98745404557547,-9.98745404557547,0.0,0.0,0.0,13.826168426275997
2021-11-19,23.87387380785851,6.913974897904202,19.758669937176045,23.87387380785851,23.87387380785851,-10.585311510738023,-10.585311510738023,-10.585311510738023,-0.4601149520234653,-0.4601149520234653,-0.4601149520234653,-10.125196558714558,-10.125196558714558,-10.125196558714558,0.0,0.0,0.0,13.288562297120485
2021-11-20,23.873646593868948,7.69720757465264,19.38262325539199,23.873646593868948,23.873646593868948,-10.22876685980085,-10.22876685980085,-10.22876685980085,0.06142651573523922,0.06142651573523922,0.06142651573523922,-10.290193375536088,-10.290193375536088,-10.290193375536088,0.0,0.0,0.0,13.644879734068098
2021-11-21,23.873419379879387,7.375367355966352,20.240834734030074,23.873419379879387,23.873419379879387,-10.208434464942446,-10.208434464942446,-10.208434464942446,0.2775659185000201,0.2775659185000201,0.2775659185000201,-10.486000383442466,-10.486000383442466,-10.486000383442466,0.0,0.0,0.0,13.664984914936941
2021-11-22,23.873192165889826,7.041636445500093,20.345727811682057,23.873192165889826,23.873192165889826,-10.348628303602881,-10.348628303602881,-10.348628303602881,0.3667490234011358,0.3667490234011358,0.3667490234011358,-10.715377327004017,-10.715377327004017,-10.715377327004017,0.0,0.0,0.0,13.524563862286945
2021-11-23,23.872964951900265,5.704985735980528,18.479963422880072,23.872964951900265,23.872964951900265,-11.532130294675529,-11.532130294675529,-11.532130294675529,-0.5519292038357013,-0.5519292038357013,-0.5519292038357013,-10.980201090839827,-10.980201090839827,-10.980201090839827,0.0,0.0,0.0,12.340834657224736
2021-11-24,23.872737737910704,6.845809651938555,18.589412358538755,23.872737737910704,23.872737737910704,-10.914618056256867,-10.914618056256867,-10.914618056256867,0.3667812482247469,0.3667812482247469,0.3667812482247469,-11.281399304481614,-11.281399304481614,-11.281399304481614,0.0,0.0,0.0,12.958119681653837
2021-11-25,23.872510523921143,5.635284875462322,18.158468359609962,23.872510523921143,23.872510523921143,-11.679384597369467,-11.679384597369467,-11.679384597369467,-0.06047854999848449,-0.06047854999848449,-0.06047854999848449,-11.618906047370983,-11.618906047370983,-11.618906047370983,0.0,0.0,0.0,12.193125926551676
2021-11-26,23.872283309931582,4.685789734031147,17.599237457241056,23.872283309931582,23.872283309931582,-12.451755862121624,-12.451755862121624,-12.451755862121624,-0.46011495202333946,-0.46011495202333946,-0.46011495202333946,-11.991640910098285,-11.991640910098285,-11.991640910098285,0.0,0.0,0.0,11.420527447809958
2021-11-27,23.87205609594202,5.079017638113274,18.027095236135636,23.87205609594202,23.87205609594202,-12.33608559552206,-12.33608559552206,-12.33608559552206,0.061426515736254496,0.061426515736254496,0.061426515736254496,-12.397512111258315,-12.397512111258315,-12.397512111258315,0.0,0.0,0.0,11.53597050041996
2021-12-01,23.871147239983777,3.2682537548144657,16.15531425815353,23.871147239983777,23.871147239983777,-13.910529000271492,-13.910529000271492,-13.910529000271492,0.3667812482218163,0.3667812482218163,0.3667812482218163,-14.27731024849331,-14.27731024849331,-14.27731024849331,0.0,0.0,0.0,9.960618239712286
2021-12-02,23.870920025994213,3.320809361483438,15.260043869262015,23.870920025994213,23.870920025994213,-14.845772017584732,-14.845772017584732,-14.845772017584732,-0.06047855000036499,-0.06047855000036499,-0.06047855000036499,-14.785293467584367,-14.785293467584367,-14.785293467584367,0.0,0.0,0.0,9.02514800840948
2021-12-03,23.870692812650287,1.862489634985301,14.336033016074255,23.870692812650287,23.870692812650287,-15.755853473277051,-15.755853473277051,-15.755853473277051,-0.4601149520218392,-0.4601149520218392,-0.4601149520218392,-15.29573852125521,-15.29573852125521,-15.29573852125521,0.0,0.0,0.0,8.114839339373235
2021-12-04,23.870465599306353,2.068422962106951,14.531333488567235,23.870465599306353,23.870465599306353,-15.740036980297356,-15.740036980297356,-15.740036980297356,0.06142651573726979,0.06142651573726979,0.06142651573726979,-15.801463496034625,-15.801463496034625,-15.801463496034625,0.0,0.0,0.0,8.130428619008997
2021-12-05,23.870238385962423,1.3916761574783203,14.394639711751822,23.870238385962423,23.870238385962423,-16.017496825611566,-16.017496825611566,-16.017496825611566,0.2775659184995614,0.2775659184995614,0.2775659184995614,-16.295062744111128,-16.295062744111128,-16.295062744111128,0.0,0.0,0.0,7.852741560350857
2021-12-06,23.870011172618494,1.2047451402081986,13.915670151017148,23.870011172618494,23.870011172618494,-16.40231788417623,-16.40231788417623,-16.40231788417623,0.3667490234003203,0.3667490234003203,0.3667490234003203,-16.76906690757655,-16.76906690757655,-16.76906690757655,0.0,0.0,0.0,7.467693288442263
2021-12-07,23.869783959274567,0.181598167138501,13.068606913198456,23.869783959274567,23.869783959274567,-17.76803485611294,-17.76803485611294,-17.76803485611294,-0.5519292038363438,-0.5519292038363438,-0.5519292038363438,-17.216105652276596,-17.216105652276596,-17.216105652276596,0.0,0.0,0.0,6.101749103161627
2021-12-08,23.869556745930634,0.2818895715324765,12.422976027490737,23.869556745930634,23.869556745930634,-17.26228802429211,-17.26228802429211,-17.26228802429211,0.36678124822314095,0.36678124822314095,0.36678124822314095,-17.62906927251525,-17.62906927251525,-17.62906927251525,0.0,0.0,0.0,6.607268721638523
2021-12-09,23.869329532586704,-0.41338234174705224,12.509541857208415,23.869329532586704,23.869329532586704,-18.061743892149906,-18.061743892149906,-18.061743892149906,-0.060478549998398544,-0.060478549998398544,-0.060478549998398544,-18.001265342151505,-18.001265342151505,-18.001265342151505,0.0,0.0,0.0,5.807585640436798
2021-12-10,23.869102319242778,-1.4684923859399688,11.35324920574063,23.869102319242778,23.869102319242778,-18.786681647620274,-18.786681647620274,-18.786681647620274,-0.4601149520245728,-0.4601149520245728,-0.4601149520245728,-18.326566695595698,-18.326566695595698,-18.326566695595698,0.0,0.0,0.0,5.082420671622504
2021-12-11,23.868875105898844,-0.718796018049642,11.603407968348801,23.868875105898844,23.868875105898844,-18.53812070576261,-18.53812070576261,-18.53812070576261,0.06142651573506408,0.06142651573506408,0.06142651573506408,-18.599547221497673,-18.599547221497673,-18.599547221497673,0.0,0.0,0.0,5.330754400136236
2021-12-12,23.868647892554915,-0.9522180804237581,11.825662436504286,23.868647892554915,23.868647892554915,-18.538036319224823,-18.538036319224823,-18.538036319224823,0.27756591849897716,0.27756591849897716,0.27756591849897716,-18.815602237723798,-18.815602237723798,-18.815602237723798,0.0,0.0,0.0,5.330611573330092
2021-12-13,23.868420679210985,-0.8361835204954704,11.399542048065658,23.868420679210985,23.868420679210985,-18.60430155830293,-18.60430155830293,-18.60430155830293,0.36674902339947796,0.36674902339947796,0.36674902339947796,-18.971050581702407,-18.971050581702407,-18.971050581702407,0.0,0.0,0.0,5.264119120908056
2021-12-14,23.868193465867055,-1.816711103677402,10.669095995145897,23.868193465867055,23.868193465867055,-19.615145190335085,-19.615145190335085,-19.615145190335085,-0.5519292038366315,-0.5519292038366315,-0.5519292038366315,-19.063215986498452,-19.063215986498452,-19.063215986498452,0.0,0.0,0.0,4.25304827553197
2021-12-15,23.867966252523125,-1.4842322300542155,11.38292958782666,23.867966252523125,23.867966252523125,-18.723704561022846,-18.723704561022846,-18.723704561022846,0.36678124822311664,0.36678124822311664,0.36678124822311664,-19.090485809245965,-19.090485809245965,-19.090485809245965,0.0,0.0,0.0,5.1442616915002795
2021-12-16,23.867739039179195,-1.3064249753334827,11.292031555116687,23.867739039179195,23.867739039179195,-19.112824272680893,-19.112824272680893,-19.112824272680893,-0.06047855000027905,-0.06047855000027905,-0.06047855000027905,-19.052345722680613,-19.052345722680613,-19.052345722680613,0.0,0.0,0.0,4.7549147664983025
2021-12-17,23.86751182583527,-1.6466206678248707,10.400340323480211,23.86751182583527,23.86751182583527,-19.409504510974596,-19.409504510974596,-19.409504510974596,-0.4601149520230728,-0.4601149520230728,-0.4601149520230728,-18.949389558951523,-18.949389558951523,-18.949389558951523,0.0,0.0,0.0,4.458007314860673
2021-12-18,23.867284612491336,-1.3906918953925977,11.438768844358867,23.867284612491336,23.867284612491336,-18.721877577597496,-18.721877577597496,-18.721877577597496,0.06142651573607941,0.06142651573607941,0.06142651573607941,-18.783304093333577,-18.783304093333577,-18.783304093333577,0.0,0.0,0.0,5.145407034893839
2021-12-19,23.867057399147406,-0.4580041563040355,11.786476574326556,23.867057399147406,23.867057399147406,-18.279263240529154,-18.279263240529154,-18.279263240529154,0.27756591850003837,0.27756591850003837,0.27756591850003837,-18.556829159029192,-18.556829159029192,-18.556829159029192,0.0,0.0,0.0,5.587794158618252
2021-12-20,23.866830185803476,-0.12071417736464822,12.256215887344593,23.866830185803476,23.866830185803476,-17.906945054598037,-17.906945054598037,-17.906945054598037,0.3667490233995047,0.3667490233995047,0.3667490233995047,-18.27369407799754,-18.27369407799754,-18.27369407799754,0.0,0.0,0.0,5.959885131205439
2021-12-21,23.866602972459546,-0.8542111440037289,11.176056545615914,23.866602972459546,23.866602972459546,-18.490461165690505,-18.490461165690505,-18.490461165690505,-0.5519292038359039,-0.5519292038359039,-0.5519292038359039,-17.9385319618546,-17.9385319618546,-17.9385319618546,0.0,0.0,0.0,5.376141806769041
2021-12-22,23.866375759115616,0.6193026505164914,12.5452644466001,23.866375759115616,23.866375759115616,-17.18999271907027,-17.18999271907027,-17.18999271907027,0.3667812482230922,0.3667812482230922,0.3667812482230922,-17.55677396729336,-17.55677396729336,-17.55677396729336,0.0,0.0,0.0,6.676383040045348
2021-12-23,23.866148545771686,0.0993617030585302,12.361317548438867,23.866148545771686,23.866148545771686,-17.195004618986125,-17.195004618986125,-17.195004618986125,-0.06047854999806127,-0.06047854999806127,-0.06047854999806127,-17.134526068988063,-17.134526068988063,-17.134526068988063,0.0,0.0,0.0,6.671143926785561
2021-12-24,23.86592133242776,0.44248062742437755,12.973008586976137,23.86592133242776,23.86592133242776,-17.138546279777,-17.138546279777,-17.138546279777,-0.46011495202157254,-0.46011495202157254,-0.46011495202157254,-16.678431327755426,-16.678431327755426,-16.678431327755426,0.0,0.0,0.0,6.7273750526507605
2021-12-25,23.865694119083827,1.4476803247532415,13.777383763234837,23.865694119083827,23.865694119083827,-16.134094456869466,-16.134094456869466,-16.134094456869466,0.06142651573520374,0.06142651573520374,0.06142651573520374,-16.19552097260467,-16.19552097260467,-16.19552097260467,0.0,0.0,0.0,7.731599662214361
2021-12-26,23.865466905739897,2.7517259814308477,14.521091773911902,23.865466905739897,23.865466905739897,-15.41549195543012,-15.41549195543012,-15.41549195543012,0.27756591849980894,0.27756591849980894,0.27756591849980894,-15.693057873929929,-15.693057873929929,-15.693057873929929,0.0,0.0,0.0,8.449974950309777
2021-12-27,23.865239692395967,2.7027110870086326,15.040843672731176,23.865239692395967,23.865239692395967,-14.811627131791886,-14.811627131791886,-14.811627131791886,0.36674902339866244,0.36674902339866244,0.36674902339866244,-15.178376155190545,-15.178376155190545,-15.178376155190545,0.0,0.0,0.0,9.053612560604082
2022-01-01,23.864103625676318,5.159595185180496,16.97057898426334,23.864103625676318,23.864103625676318,-12.602178284263191,-12.602178284263191,-12.602178284263191,0.06142651573811001,0.06142651573811001,0.06142651573811001,-12.663604800001302,-12.663604800001302,-12.663604800001302,0.0,0.0,0.0,11.261925341413127
2022-01-02,23.863876412332388,6.0815078353910295,18.332015611641257,23.863876412332388,23.863876412332388,-11.93661653343851,-11.93661653343851,-11.93661653343851,0.2775659184995797,0.2775659184995797,0.2775659184995797,-12.21418245193809,-12.21418245193809,-12.21418245193809,0.0,0.0,0.0,11.927259878893878
2022-01-03,23.86364919898846,6.213810250406382,18.543476166859836,23.86364919898846,23.86364919898846,-11.426572039853756,-11.426572039853756,-11.426572039853756,0.3667490234010452,0.3667490234010452,0.3667490234010452,-11.793321063254803,-11.793321063254803,-11.793321063254803,0.0,0.0,0.0,12.437077159134702
2022-01-04,23.86342198564453,5.487410172350451,18.043303197155236,23.86342198564453,23.86342198564453,-11.955829315236077,-11.955829315236077,-11.955829315236077,-0.5519292038360389,-0.5519292038360389,-0.5519292038360389,-11.403900111400038,-11.403900111400038,-11.403900111400038,0.0,0.0,0.0,11.907592670408452
2022-01-05,23.8631947723006,6.682503416988042,19.182647579018056,23.8631947723006,23.8631947723006,-10.681056363382941,-10.681056363382941,-10.681056363382941,0.3667812482243926,0.3667812482243926,0.3667812482243926,-11.047837611607333,-11.047837611607333,-11.047837611607333,0.0,0.0,0.0,13.182138408917657
2022-01-06,23.86296755895667,6.572410610605675,19.71308444541891,23.86296755895667,23.86296755895667,-10.786548836890242,-10.786548836890242,-10.786548836890242,-0.060478549999898816,-0.060478549999898816,-0.060478549999898816,-10.726070286890343,-10.726070286890343,-10.726070286890343,0.0,0.0,0.0,13.076418722066427
2022-01-07,23.862740345612742,7.2705866106862524,19.220944510896697,23.862740345612742,23.862740345612742,-10.898672536060667,-10.898672536060667,-10.898672536060667,-0.4601149520228061,-0.4601149520228061,-0.4601149520228061,-10.438557584037861,-10.438557584037861,-10.438557584037861,0.0,0.0,0.0,12.964067809552075
2022-01-08,23.86251313226881,7.551200366705962,19.754420166527574,23.86251313226881,23.86251313226881,-10.12288268503731,-10.12288268503731,-10.12288268503731,0.06142651573401341,0.06142651573401341,0.06142651573401341,-10.184309200771322,-10.184309200771322,-10.184309200771322,0.0,0.0,0.0,13.7396304472315
2022-01-09,23.86228591892488,7.8539901707206825,20.255133683173135,23.86228591892488,23.86228591892488,-9.6838692994287,-9.6838692994287,-9.6838692994287,0.2775659184993504,0.2775659184993504,0.2775659184993504,-9.961435217928049,-9.961435217928049,-9.961435217928049,0.0,0.0,0.0,14.17841661949618
2022-01-10,23.86205870558095,8.00137265724483,20.64041469801398,23.86205870558095,23.86205870558095,-9.400468362421444,-9.400468362421444,-9.400468362421444,0.3667490234002029,0.3667490234002029,0.3667490234002029,-9.767217385821647,-9.767217385821647,-9.767217385821647,0.0,0.0,0.0,14.461590343159505
2022-01-11,23.86183149223702,7.422387363159375,19.478641783327962,23.86183149223702,23.86183149223702,-10.150128812999665,-10.150128812999665,-10.150128812999665,-0.5519292038363266,-0.5519292038363266,-0.5519292038363266,-9.598199609163338,-9.598199609163338,-9.598199609163338,0.0,0.0,0.0,13.711702679237355
2022-01-12,23.86160427889309,8.181023443350245,20.74015347552207,23.86160427889309,23.86160427889309,-9.083513974331389,-9.083513974331389,-9.083513974331389,0.36678124822301905,0.36678124822301905,0.36678124822301905,-9.450295222554407,-9.450295222554407,-9.450295222554407,0.0,0.0,0.0,14.778090304561701
2022-01-13,23.86137706554916,8.190267556563168,20.80259299388754,23.86137706554916,23.86137706554916,-9.379386809417163,-9.379386809417163,-9.379386809417163,-0.060478549999855837,-0.060478549999855837,-0.060478549999855837,-9.318908259417308,-9.318908259417308,-9.318908259417308,0.0,0.0,0.0,14.481990256131997
2022-01-14,23.86114985220523,8.360339753931619,20.541369548286994,23.86114985220523,23.86114985220523,-9.659180552674533,-9.659180552674533,-9.659180552674533,-0.460114952024797,-0.460114952024797,-0.460114952024797,-9.199065600649737,-9.199065600649737,-9.199065600649737,0.0,0.0,0.0,14.201969299530697
2022-01-15,23.8609226388613,8.26335024923523,21.02592388098344,23.8609226388613,23.8609226388613,-9.02413013678903,-9.02413013678903,-9.02413013678903,0.061426515735028685,0.061426515735028685,0.061426515735028685,-9.085556652524057,-9.085556652524057,-9.085556652524057,0.0,0.0,0.0,14.83679250207227
2022-01-16,23.86069542551737,8.698044126710512,21.278146607620624,23.86069542551737,23.86069542551737,-8.69551113333255,-8.69551113333255,-8.69551113333255,0.2775659185004115,0.2775659185004115,0.2775659185004115,-8.97307705183296,-8.97307705183296,-8.97307705183296,0.0,0.0,0.0,15.16518429218482
2022-01-17,23.86046821217344,8.98216429221363,21.6601688637219,23.86046821217344,23.86046821217344,-8.489623809462675,-8.489623809462675,-8.489623809462675,0.36674902339979515,0.36674902339979515,0.36674902339979515,-8.856372832862471,-8.856372832862471,-8.856372832862471,0.0,0.0,0.0,15.370844402710766
2022-01-18,23.86024099882951,8.527998555681496,20.91053777025264,23.86024099882951,23.86024099882951,-9.28231072029088,-9.28231072029088,-9.28231072029088,-0.5519292038366141,-0.5519292038366141,-0.5519292038366141,-8.730381516454266,-8.730381516454266,-8.730381516454266,0.0,0.0,0.0,14.57793027853863
2022-01-19,23.86001378548558,9.59097794468532,22.04490658395018,23.86001378548558,23.86001378548558,-8.223585446373956,-8.223585446373956,-8.223585446373956,0.3667812482227867,0.3667812482227867,0.3667812482227867,-8.590366694596744,-8.590366694596744,-8.590366694596744,0.0,0.0,0.0,15.636428339111625
2022-01-20,23.85978657214165,9.390123524011116,22.190507116093816,23.85978657214165,23.85978657214165,-8.492521431064285,-8.492521431064285,-8.492521431064285,-0.06047854999981285,-0.06047854999981285,-0.06047854999981285,-8.432042881064472,-8.432042881064472,-8.432042881064472,0.0,0.0,0.0,15.367265141077366
2022-01-21,23.85955935879772,8.865992786711008,21.39407006721256,23.85955935879772,23.85955935879772,-8.71180262581596,-8.71180262581596,-8.71180262581596,-0.4601149520232969,-0.4601149520232969,-0.4601149520232969,-8.251687673792663,-8.251687673792663,-8.251687673792663,0.0,0.0,0.0,15.147756732981762
2022-01-22,23.85933214545379,9.039150731220467,22.108599567365008,23.85933214545379,23.85933214545379,-7.984812104488464,-7.984812104488464,-7.984812104488464,0.06142651573415304,0.06142651573415304,0.06142651573415304,-8.046238620222619,-8.046238620222619,-8.046238620222619,0.0,0.0,0.0,15.874520040965328
2022-01-23,23.85910493210986,9.864843304219152,22.87325820763946,23.85910493210986,23.85910493210986,-7.53580666490768,-7.53580666490768,-7.53580666490768,0.27756591849889173,0.27756591849889173,0.27756591849889173,-7.813372583406573,-7.813372583406573,-7.813372583406573,0.0,0.0,0.0,16.323298267202183
2022-01-24,23.85887771876593,10.669743874533586,22.938610133664188,23.85887771876593,23.85887771876593,-7.184816839858264,-7.184816839858264,-7.184816839858264,0.3667490234026124,0.3667490234026124,0.3667490234026124,-7.551565863260877,-7.551565863260877,-7.551565863260877,0.0,0.0,0.0,16.674060878907667
2022-01-25,23.858650505422002,9.70972400870146,22.163142477986906,23.858650505422002,23.858650505422002,-7.812063025872151,-7.812063025872151,-7.812063025872151,-0.5519292038358867,-0.5519292038358867,-0.5519292038358867,-7.260133822036265,-7.260133822036265,-7.260133822036265,0.0,0.0,0.0,16.04658747954985
2022-01-26,23.858423292078072,11.48994789164442,23.570073482222103,23.858423292078072,23.858423292078072,-6.572468034674723,-6.572468034674723,-6.572468034674723,0.36678124822276226,0.36678124822276226,0.36678124822276226,-6.939249282897486,-6.939249282897486,-6.939249282897486,0.0,0.0,0.0,17.285955257403348
2022-01-27,23.85819607978337,11.558362802768713,23.26274477459046,23.85819607978337,23.85819607978337,-6.650418052104211,-6.650418052104211,-6.650418052104211,-0.06047855000169336,-0.06047855000169336,-0.06047855000169336,-6.589939502102518,-6.589939502102518,-6.589939502102518,0.0,0.0,0.0,17.207778027679158
2022-02-01,23.85706001830985,13.013297054446525,24.562942512914454,23.85706001830985,23.85706001830985,-5.0600166895894345,-5.0600166895894345,-5.0600166895894345,-0.5519292038361744,-0.5519292038361744,-0.5519292038361744,-4.50808748575326,-4.50808748575326,-4.50808748575326,0.0,0.0,0.0,18.797043328720413
2022-02-02,23.856832806015145,13.855700117082112,26.501056950962358,23.856832806015145,23.856832806015145,-3.6854019143773558,-3.6854019143773558,-3.6854019143773558,0.36678124822408703,0.36678124822408703,0.36678124822408703,-4.052183162601443,-4.052183162601443,-4.052183162601443,0.0,0.0,0.0,20.17143089163779
2022-02-03,23.85660559372044,13.906707495127225,26.597818005358835,23.85660559372044,23.85660559372044,-3.655072504785235,-3.655072504785235,-3.655072504785235,-0.06047854999972691,-0.06047854999972691,-0.06047854999972691,-3.5945939547855077,-3.5945939547855077,-3.5945939547855077,0.0,0.0,0.0,20.201533088935207
2022-02-04,23.85637838142574,13.752507753766482,26.633734001671684,23.85637838142574,23.85637838142574,-3.6009475710933363,-3.6009475710933363,-3.6009475710933363,-0.4601149520237876,-0.4601149520237876,-0.4601149520237876,-3.1408326190695486,-3.1408326190695486,-3.1408326190695486,0.0,0.0,0.0,20.255430810332403
2022-02-05,23.85615116913103,15.475792217062192,27.73356342905034,23.85615116913103,23.85615116913103,-2.6350547929929458,-2.6350547929929458,-2.6350547929929458,0.061426515736183664,0.061426515736183664,0.061426515736183664,-2.6964813087291293,-2.6964813087291293,-2.6964813087291293,0.0,0.0,0.0,21.221096376138085
2022-02-06,23.855923956836328,15.302066486095006,27.656842253265676,23.855923956836328,23.855923956836328,-1.9894973715487843,-1.9894973715487843,-1.9894973715487843,0.27756591849936857,0.27756591849936857,0.27756591849936857,-2.2670632900481524,-2.2670632900481524,-2.2670632900481524,0.0,0.0,0.0,21.866426585287545
2022-02-07,23.855696744541625,15.998367011133595,28.242310124640984,23.855696744541625,23.855696744541625,-1.4911682648012545,-1.4911682648012545,-1.4911682648012545,0.36674902340136234,0.36674902340136234,0.36674902340136234,-1.857917288202617,-1.857917288202617,-1.857917288202617,0.0,0.0,0.0,22.364528479740372
2022-02-08,23.85546953224692,15.682110738967603,28.129687166666006,23.85546953224692,23.85546953224692,-2.026006645115389,-2.026006645115389,-2.026006645115389,-0.5519292038359546,-0.5519292038359546,-0.5519292038359546,-1.4740774412794346,-1.4740774412794346,-1.4740774412794346,0.0,0.0,0.0,21.829462887131534
2022-02-09,23.855242319952218,17.036398387936128,29.6431571907414,23.855242319952218,23.855242319952218,-0.7533804044781366,-0.7533804044781366,-0.7533804044781366,0.3667812482254118,0.3667812482254118,0.3667812482254118,-1.1201616527035485,-1.1201616527035485,-1.1201616527035485,0.0,0.0,0.0,23.101861915474082
2022-02-10,23.85501510765752,16.902760070683236,29.30593248318408,23.85501510765752,23.85501510765752,-0.8607494273423424,-0.8607494273423424,-0.8607494273423424,-0.06047854999943262,-0.06047854999943262,-0.06047854999943262,-0.8002708773429097,-0.8002708773429097,-0.8002708773429097,0.0,0.0,0.0,22.994265680315177
2022-02-11,23.85478789536281,16.10903657808141,28.645795578639834,23.85478789536281,23.85478789536281,-0.9780165149442106,-0.9780165149442106,-0.9780165149442106,-0.46011495202440444,-0.46011495202440444,-0.46011495202440444,-0.5179015629198059,-0.5179015629198059,-0.5179015629198059,0.0,0.0,0.0,22.8767713804186
2022-02-12,23.854560683068108,17.57898238603441,29.634337579633097,23.854560683068108,23.854560683068108,-0.21444658909195408,-0.21444658909195408,-0.21444658909195408,0.061426515735307996,0.061426515735307996,0.061426515735307996,-0.2758731048272621,-0.2758731048272621,-0.2758731048272621,0.0,0.0,0.0,23.640114093976155
2022-02-13,23.854333470773405,17.995672997148052,30.311696833358127,23.854333470773405,23.854333470773405,0.2012941492004675,0.2012941492004675,0.2012941492004675,0.27756591850042983,0.27756591850042983,0.27756591850042983,-0.07627176929996234,-0.07627176929996234,-0.07627176929996234,0.0,0.0,0.0,24.055627619973873
2022-02-14,23.8541062584787,18.34388149173651,30.644916278400427,23.8541062584787,23.8541062584787,0.44633691525421465,0.44633691525421465,0.44633691525421465,0.36674902340095455,0.36674902340095455,0.36674902340095455,0.0795878918532601,0.0795878918532601,0.0795878918532601,0.0,0.0,0.0,24.300443173732916
2022-02-15,23.853879046183998,17.48909771879414,30.49276499815951,23.853879046183998,23.853879046183998,-0.36074564318588953,-0.36074564318588953,-0.36074564318588953,-0.5519292038363094,-0.5519292038363094,-0.5519292038363094,0.19118356065041991,0.19118356065041991,0.19118356065041991,0.0,0.0,0.0,23.493133402998108
2022-02-16,23.853651833889295,18.710644830636163,30.87525947405826,23.853651833889295,23.853651833889295,0.6255687344982278,0.6255687344982278,0.6255687344982278,0.3667812482240383,0.3667812482240383,0.3667812482240383,0.2587874862741895,0.2587874862741895,0.2587874862741895,0.0,0.0,0.0,24.47922056838752
2022-02-17,23.853424621594588,17.69307966052318,30.07042894966186,23.853424621594588,23.853424621594588,0.222972409932459,0.222972409932459,0.222972409932459,-0.06047854999746616,-0.06047854999746616,-0.06047854999746616,0.28345095992992514,0.28345095992992514,0.28345095992992514,0.0,0.0,0.0,24.076397031527048
2022-02-18,23.853197409299884,17.291875589389914,30.0026227453954,23.853197409299884,23.853197409299884,-0.19314326329183315,-0.19314326329183315,-0.19314326329183315,-0.4601149520229043,-0.4601149520229043,-0.4601149520229043,0.26697168873107113,0.26697168873107113,0.26697168873107113,0.0,0.0,0.0,23.66005414600805
2022-02-19,23.85297019700518,17.975710420682116,30.02297269473462,23.85297019700518,23.85297019700518,0.27327174341806026,0.27327174341806026,0.27327174341806026,0.061426515736323274,0.061426515736323274,0.061426515736323274,0.21184522768173703,0.21184522768173703,0.21184522768173703,0.0,0.0,0.0,24.12624194042324
2022-02-20,23.852742984710478,18.20398819877429,30.480377489471138,23.852742984710478,23.852742984710478,0.39876791070062045,0.39876791070062045,0.39876791070062045,0.27756591850149115,0.27756591850149115,0.27756591850149115,0.12120199219912936,0.12120199219912936,0.12120199219912936,0.0,0.0,0.0,24.251510895411098
2022-02-21,23.852515772415774,18.08934094942487,30.609611947492034,23.852515772415774,23.852515772415774,0.36548071375733526,0.36548071375733526,0.36548071375733526,0.3667490234001123,0.3667490234001123,0.3667490234001123,-0.001268309642777056,-0.001268309642777056,-0.001268309642777056,0.0,0.0,0.0,24.21799648617311
2022-02-22,23.85228856012107,17.074043942052565,29.532509652331044,23.85228856012107,23.85228856012107,-0.7033319269636767,-0.7033319269636767,-0.7033319269636767,-0.5519292038360895,-0.5519292038360895,-0.5519292038360895,-0.15140272312758732,-0.15140272312758732,-0.15140272312758732,0.0,0.0,0.0,23.148956633157393
2022-02-23,23.852061347826368,17.865086338234814,30.22498258381949,23.852061347826368,23.852061347826368,0.042121982576908336,0.042121982576908336,0.042121982576908336,0.36678124822536307,0.36678124822536307,0.36678124822536307,-0.3246592656484547,-0.3246592656484547,-0.3246592656484547,0.0,0.0,0.0,23.894183330403276
2022-02-24,23.85183413553166,16.727442717870336,29.51517702071808,23.85183413553166,23.85183413553166,-0.5766954225710368,-0.5766954225710368,-0.5766954225710368,-0.06047854999934666,-0.06047854999934666,-0.06047854999934666,-0.5162168725716901,-0.5162168725716901,-0.5162168725716901,0.0,0.0,0.0,23.275138712960626
2022-02-25,23.851606923236957,16.392525194356725,28.816509501370778,23.851606923236957,23.851606923236957,-1.1811935020065407,-1.1811935020065407,-1.1811935020065407,-0.46011495202352093,-0.46011495202352093,-0.46011495202352093,-0.7210785499830198,-0.7210785499830198,-0.7210785499830198,0.0,0.0,0.0,22.670413421230418
2022-02-26,23.851379710942254,16.458443038814714,29.382322953171258,23.851379710942254,23.851379710942254,-0.8727486896250208,-0.8727486896250208,-0.8727486896250208,0.061426515734117594,0.061426515734117594,0.061426515734117594,-0.9341752053591384,-0.9341752053591384,-0.9341752053591384,0.0,0.0,0.0,22.978631021317234
2022-02-27,23.85115249864755,16.96610452320631,29.018341917436278,23.85115249864755,23.85115249864755,-0.8729017646031196,-0.8729017646031196,-0.8729017646031196,0.2775659184983257,0.2775659184983257,0.2775659184983257,-1.1504676831014453,-1.1504676831014453,-1.1504676831014453,0.0,0.0,0.0,22.97825073404443
2022-03-01,23.850698074058144,15.226582058062672,28.00372016265039,23.850698074058144,23.850698074058144,-2.12514334793407,-2.12514334793407,-2.12514334793407,-0.5519292038363772,-0.5519292038363772,-0.5519292038363772,-1.573214144097693,-1.573214144097693,-1.573214144097693,0.0,0.0,0.0,21.725554726124074
2022-03-02,23.85047086176344,15.885773609852656,28.485179702625004,23.85047086176344,23.85047086176344,-1.4038055983857927,-1.4038055983857927,-1.4038055983857927,0.3667812482253387,0.3667812482253387,0.3667812482253387,-1.7705868466111314,-1.7705868466111314,-1.7705868466111314,0.0,0.0,0.0,22.446665263377646
2022-03-03,23.850243649468737,15.420404151082845,28.075783420346937,23.850243649468737,23.850243649468737,-2.013627913901004,-2.013627913901004,-2.013627913901004,-0.06047854999712886,-0.06047854999712886,-0.06047854999712886,-1.953149363903875,-1.953149363903875,-1.953149363903875,0.0,0.0,0.0,21.836615735567733
2022-03-04,23.850016437174034,15.349583976702133,27.48221899683708,23.850016437174034,23.850016437174034,-2.577441115283879,-2.577441115283879,-2.577441115283879,-0.4601149520220209,-0.4601149520220209,-0.4601149520220209,-2.1173261632618585,-2.1173261632618585,-2.1173261632618585,0.0,0.0,0.0,21.272575321890155
2022-03-05,23.84978922487933,15.227762328762598,27.610270431365585,23.84978922487933,23.84978922487933,-2.198602579931746,-2.198602579931746,-2.198602579931746,0.06142651573513289,0.06142651573513289,0.06142651573513289,-2.2600290956668787,-2.2600290956668787,-2.2600290956668787,0.0,0.0,0.0,21.651186644947586
2022-03-06,23.849562012584627,15.888345014619107,27.95637245532541,23.849562012584627,23.849562012584627,-2.101127889423029,-2.101127889423029,-2.101127889423029,0.2775659184980964,0.2775659184980964,0.2775659184980964,-2.3786938079211257,-2.3786938079211257,-2.3786938079211257,0.0,0.0,0.0,21.748434123161598
2022-03-07,23.849334800289924,15.074935563457654,27.725528867959987,23.849334800289924,23.849334800289924,-2.104553672788836,-2.104553672788836,-2.104553672788836,0.3667490233992967,0.3667490233992967,0.3667490233992967,-2.4713026961881326,-2.4713026961881326,-2.4713026961881326,0.0,0.0,0.0,21.74478112750109
2022-03-08,23.849107587995217,13.823219186363032,26.77975383036537,23.849107587995217,23.849107587995217,-3.088323611062834,-3.088323611062834,-3.088323611062834,-0.5519292038361572,-0.5519292038361572,-0.5519292038361572,-2.536394407226677,-2.536394407226677,-2.536394407226677,0.0,0.0,0.0,20.760783976932384
2022-03-09,23.848880375700514,15.382382732172644,28.007240983779724,23.848880375700514,23.848880375700514,-2.206278987244348,-2.206278987244348,-2.206278987244348,0.36678124822375724,0.36678124822375724,0.36678124822375724,-2.573060235468105,-2.573060235468105,-2.573060235468105,0.0,0.0,0.0,21.642601388456164
2022-03-10,23.84865316340581,14.962568468285657,26.964190459608698,23.84865316340581,23.84865316340581,-2.6414066355442394,-2.6414066355442394,-2.6414066355442394,-0.0604785499970859,-0.0604785499970859,-0.0604785499970859,-2.580928085547153,-2.580928085547153,-2.580928085547153,0.0,0.0,0.0,21.20724652786157
2022-03-11,23.848425951111107,14.483477954800167,26.482953970102272,23.848425951111107,23.848425951111107,-3.0202499149940794,-3.0202499149940794,-3.0202499149940794,-0.4601149520247545,-0.4601149520247545,-0.4601149520247545,-2.560134962969325,-2.560134962969325,-2.560134962969325,0.0,0.0,0.0,20.82817603611703
2022-03-12,23.848198738816404,15.083808636140944,27.56599908704228,23.848198738816404,23.848198738816404,-2.449862697472317,-2.449862697472317,-2.449862697472317,0.061426515734257246,0.061426515734257246,0.061426515734257246,-2.5112892132065743,-2.5112892132065743,-2.5112892132065743,0.0,0.0,0.0,21.398336041344088
2022-03-13,23.8479715265217,15.064824835997257,27.844599249125242,23.8479715265217,23.8479715265217,-2.1578580272567605,-2.1578580272567605,-2.1578580272567605,0.2775659184991576,0.2775659184991576,0.2775659184991576,-2.4354239457559186,-2.4354239457559186,-2.4354239457559186,0.0,0.0,0.0,21.69011349926494
2022-03-14,23.847744314226993,15.490917393974717,27.901021078399705,23.847744314226993,23.847744314226993,-1.9671942266362017,-1.9671942266362017,-1.9671942266362017,0.3667490234016795,0.3667490234016795,0.3667490234016795,-2.3339432500378816,-2.3339432500378816,-2.3339432500378816,0.0,0.0,0.0,21.88055008759079
2022-03-15,23.84751710193229,14.90998157271886,27.64448371109386,23.84751710193229,23.84751710193229,-2.7604921349655385,-2.7604921349655385,-2.7604921349655385,-0.5519292038364448,-0.5519292038364448,-0.5519292038364448,-2.208562931129093,-2.208562931129093,-2.208562931129093,0.0,0.0,0.0,21.08702496696675
2022-03-16,23.847289889637587,15.985199851929586,28.590744571840574,23.847289889637587,23.847289889637587,-1.6944663153442474,-1.6944663153442474,-1.6944663153442474,0.3667812482237328,0.3667812482237328,0.3667812482237328,-2.06124756356798,-2.06124756356798,-2.06124756356798,0.0,0.0,0.0,22.15282357429334
2022-03-17,23.847062677342887,15.642147983607764,27.807287430828826,23.847062677342887,23.847062677342887,-1.954624230388421,-1.954624230388421,-1.954624230388421,-0.06047854999704291,-0.06047854999704291,-0.06047854999704291,-1.894145680391378,-1.894145680391378,-1.894145680391378,0.0,0.0,0.0,21.892438446954465
2022-03-18,23.846835465048184,15.519427374745932,28.115261279997792,23.846835465048184,23.846835465048184,-2.169639835422509,-2.169639835422509,-2.169639835422509,-0.46011495202325425,-0.46011495202325425,-0.46011495202325425,-1.7095248833992547,-1.7095248833992547,-1.7095248833992547,0.0,0.0,0.0,21.677195629625675
2022-03-19,23.846608252753477,16.48978353467149,29.285039184032765,23.846608252753477,23.846608252753477,-1.4482820660159623,-1.4482820660159623,-1.4482820660159623,0.06142651573527255,0.06142651573527255,0.06142651573527255,-1.509708581751235,-1.509708581751235,-1.509708581751235,0.0,0.0,0.0,22.398326186737513
2022-03-20,23.846381040458773,16.82060437016048,29.591782771461403,23.846381040458773,23.846381040458773,-1.0194500247348193,-1.0194500247348193,-1.0194500247348193,0.2775659185002188,0.2775659185002188,0.2775659185002188,-1.297015943235038,-1.297015943235038,-1.297015943235038,0.0,0.0,0.0,22.826931015723954
2022-03-21,23.84615382816407,17.212617450475342,29.241745889162168,23.84615382816407,23.84615382816407,-0.7069574572547579,-0.7069574572547579,-0.7069574572547579,0.3667490234012717,0.3667490234012717,0.3667490234012717,-1.0737064806560297,-1.0737064806560297,-1.0737064806560297,0.0,0.0,0.0,23.13919637090931
2022-03-22,23.845926615869367,16.42084600802863,29.18966930008029,23.845926615869367,23.845926615869367,-1.3938597045671042,-1.3938597045671042,-1.3938597045671042,-0.5519292038357173,-0.5519292038357173,-0.5519292038357173,-0.8419305007313868,-0.8419305007313868,-0.8419305007313868,0.0,0.0,0.0,22.45206691130226
2022-03-23,23.845699403574663,17.81581764035282,29.981079613548967,23.845699403574663,23.845699403574663,-0.2369051728697625,-0.2369051728697625,-0.2369051728697625,0.3667812482237084,0.3667812482237084,0.3667812482237084,-0.6036864210934709,-0.6036864210934709,-0.6036864210934709,0.0,0.0,0.0,23.608794230704902
2022-03-24,23.84547219127996,17.331582562778813,29.869528332428434,23.84547219127996,23.84547219127996,-0.42126426982685944,-0.42126426982685944,-0.42126426982685944,-0.06047854999892342,-0.06047854999892342,-0.06047854999892342,-0.360785719827936,-0.360785719827936,-0.360785719827936,0.0,0.0,0.0,23.4242079214531
2022-03-25,23.845244979568655,17.10055624171122,29.487256656012473,23.845244979568655,23.845244979568655,-0.5749409808132057,-0.5749409808132057,-0.5749409808132057,-0.4601149520231284,-0.4601149520231284,-0.4601149520231284,-0.11482602879007722,-0.11482602879007722,-0.11482602879007722,0.0,0.0,0.0,23.27030399875545
2022-03-26,23.845017767857357,17.52276282714883,30.13784682340453,23.845017767857357,23.845017767857357,0.1942538913217786,0.1942538913217786,0.1942538913217786,0.061426515733066844,0.061426515733066844,0.061426515733066844,0.13282737558871174,0.13282737558871174,0.13282737558871174,0.0,0.0,0.0,24.039271659179136
2022-03-27,23.844790556146055,18.109186168131874,30.821893516685318,23.844790556146055,23.844790556146055,0.6586176030022007,0.6586176030022007,0.6586176030022007,0.2775659184999895,0.2775659184999895,0.2775659184999895,0.3810516845022112,0.3810516845022112,0.3810516845022112,0.0,0.0,0.0,24.503408159148258
2022-04-01,23.843654497589544,19.07558869701707,31.143366655617374,23.843654497589544,23.843654497589544,1.1479237443627421,1.1479237443627421,1.1479237443627421,-0.46011495202374514,-0.46011495202374514,-0.46011495202374514,1.6080386963864872,1.6080386963864872,1.6080386963864872,0.0,0.0,0.0,24.991578241952286
2022-04-02,23.84342728587824,19.553461037600474,31.791718668772482,23.84342728587824,23.84342728587824,1.9104558324978167,1.9104558324978167,1.9104558324978167,0.061426515735973165,0.061426515735973165,0.061426515735973165,1.8490293167618435,1.8490293167618435,1.8490293167618435,0.0,0.0,0.0,25.753883118376056
2022-04-03,23.843200074166937,19.412231388416725,32.75706716627126,23.843200074166937,23.843200074166937,2.366381398757899,2.366381398757899,2.366381398757899,0.27756591849976014,0.27756591849976014,0.27756591849976014,2.0888154802581393,2.0888154802581393,2.0888154802581393,0.0,0.0,0.0,26.209581472924835
2022-04-04,23.842972862455635,20.301409006421895,32.96485590690015,23.842972862455635,23.842972862455635,2.6944926321311726,2.6944926321311726,2.6944926321311726,0.36674902340002163,0.36674902340002163,0.36674902340002163,2.3277436087311516,2.3277436087311516,2.3277436087311516,0.0,0.0,0.0,26.537465494586808
2022-04-05,23.84274565074433,20.324835697926023,32.350249745930626,23.84274565074433,23.84274565074433,2.014288873501809,2.014288873501809,2.014288873501809,-0.55192920383636,-0.55192920383636,-0.55192920383636,2.5662180773381693,2.5662180773381693,2.5662180773381693,0.0,0.0,0.0,25.85703452424614
2022-04-06,23.842518439033032,21.075678413597736,33.05677591357177,23.842518439033032,23.842518439033032,3.1714498737518553,3.1714498737518553,3.1714498737518553,0.3667812482234516,0.3667812482234516,0.3667812482234516,2.804668625528404,2.804668625528404,2.804668625528404,0.0,0.0,0.0,27.013968312784886
2022-04-07,23.842291227321727,20.811303780935198,33.03493299815748,23.842291227321727,23.842291227321727,2.983040925487886,2.983040925487886,2.983040925487886,-0.06047855000076099,-0.06047855000076099,-0.06047855000076099,3.043519475488647,3.043519475488647,3.043519475488647,0.0,0.0,0.0,26.82533215280961
2022-04-08,23.842064015610426,19.54632844790989,32.25252552492561,23.842064015610426,23.842064015610426,2.8230461666040205,2.8230461666040205,2.8230461666040205,-0.46011495202436187,-0.46011495202436187,-0.46011495202436187,3.2831611186283824,3.2831611186283824,3.2831611186283824,0.0,0.0,0.0,26.665110182214445
2022-04-09,23.841836803899124,21.6310752943373,34.05334055578908,23.841836803899124,23.841836803899124,3.5853521115713174,3.5853521115713174,3.5853521115713174,0.0614265157350975,0.0614265157350975,0.0614265157350975,3.5239255958362197,3.5239255958362197,3.5239255958362197,0.0,0.0,0.0,27.427188915470442
2022-04-10,23.84160959218782,21.680745030310348,33.773060789540835,23.84160959218782,23.84160959218782,4.043631859793608,4.043631859793608,4.043631859793608,0.2775659184991758,0.2775659184991758,0.2775659184991758,3.766065941294432,3.766065941294432,3.766065941294432,0.0,0.0,0.0,27.88524145198143
2022-04-11,23.841382380476517,21.47482027823228,34.13905700853001,23.841382380476517,23.841382380476517,4.376489311317321,4.376489311317321,4.376489311317321,0.36674902339917936,0.36674902339917936,0.36674902339917936,4.009740287918141,4.009740287918141,4.009740287918141,0.0,0.0,0.0,28.21787169179384
2022-04-12,23.84115516876522,21.282178146623433,33.927933584155426,23.84115516876522,23.84115516876522,3.7030717472608825,3.7030717472608825,3.7030717472608825,-0.5519292038361401,-0.5519292038361401,-0.5519292038361401,4.255000951097023,4.255000951097023,4.255000951097023,0.0,0.0,0.0,27.5442269160261
2022-04-13,23.840927957053914,22.34333577428135,34.7545777587427,23.840927957053914,23.840927957053914,4.868569870347303,4.868569870347303,4.868569870347303,0.3667812482220781,0.3667812482220781,0.3667812482220781,4.501788622125225,4.501788622125225,4.501788622125225,0.0,0.0,0.0,28.709497827401215
2022-04-14,23.840700745342613,21.91487201059741,34.98053552925072,23.840700745342613,23.840700745342613,4.689453069693637,4.689453069693637,4.689453069693637,-0.06047855000071801,-0.06047855000071801,-0.06047855000071801,4.7499316196943555,4.7499316196943555,4.7499316196943555,0.0,0.0,0.0,28.53015381503625
2022-04-15,23.84047353363131,21.823874653843596,34.70896354767234,23.84047353363131,23.84047353363131,4.539035020700921,4.539035020700921,4.539035020700921,-0.46011495202286173,-0.46011495202286173,-0.46011495202286173,4.9991499727237825,4.9991499727237825,4.9991499727237825,0.0,0.0,0.0,28.379508554332233
2022-04-16,23.840246321920006,22.573771251765642,35.26620757102553,23.840246321920006,23.840246321920006,5.310490461784438,5.310490461784438,5.310490461784438,0.061426515736112776,0.061426515736112776,0.061426515736112776,5.249063946048325,5.249063946048325,5.249063946048325,0.0,0.0,0.0,29.150736783704446
2022-04-17,23.840019110208708,23.66645668850227,36.16953022795002,23.840019110208708,23.840019110208708,5.776772395404818,5.776772395404818,5.776772395404818,0.27756591850023704,0.27756591850023704,0.27756591850023704,5.499206476904581,5.499206476904581,5.499206476904581,0.0,0.0,0.0,29.616791505613527
2022-04-18,23.839791898497403,24.00404568679701,36.12505544945059,23.839791898497403,23.839791898497403,6.115787892260494,6.115787892260494,6.115787892260494,0.3667490233987716,0.3667490233987716,0.3667490233987716,5.749038868861722,5.749038868861722,5.749038868861722,0.0,0.0,0.0,29.955579790757895
2022-04-19,23.8395646867861,23.06231997490988,35.770360872791656,23.8395646867861,23.8395646867861,5.446039790460197,5.446039790460197,5.446039790460197,-0.5519292038359201,-0.5519292038359201,-0.5519292038359201,5.997968994296117,5.997968994296117,5.997968994296117,0.0,0.0,0.0,29.2856044772463
2022-04-20,23.8393374750748,24.20206445498491,36.68847426642585,23.8393374750748,23.8393374750748,6.612152437263866,6.612152437263866,6.612152437263866,0.36678124822340286,0.36678124822340286,0.36678124822340286,6.245371189040463,6.245371189040463,6.245371189040463,0.0,0.0,0.0,30.451489912338666
2022-04-21,23.839110263363494,23.781549075508313,36.87912818305984,23.839110263363494,23.839110263363494,6.430128435163759,6.430128435163759,6.430128435163759,-0.060478549998500206,-0.060478549998500206,-0.060478549998500206,6.490606985162259,6.490606985162259,6.490606985162259,0.0,0.0,0.0,30.269238698527253
2022-04-22,23.838883051652193,24.04833508028944,36.33922192739871,23.838883051652193,23.838883051652193,6.272930868355154,6.272930868355154,6.272930868355154,-0.4601149520248526,-0.4601149520248526,-0.4601149520248526,6.733045820380006,6.733045820380006,6.733045820380006,0.0,0.0,0.0,30.111813920007346
2022-04-23,23.838655839940895,24.674350751905923,37.55426041086158,23.838655839940895,23.838655839940895,7.033511400827002,7.033511400827002,7.033511400827002,0.061426515735237094,0.061426515735237094,0.061426515735237094,6.972084885091766,6.972084885091766,6.972084885091766,0.0,0.0,0.0,30.872167240767897
2022-04-24,23.83842862822959,24.758775993028692,37.9272528119798,23.83842862822959,23.83842862822959,7.4847332375075,7.4847332375075,7.4847332375075,0.2775659184987172,0.2775659184987172,0.2775659184987172,7.207167319008783,7.207167319008783,7.207167319008783,0.0,0.0,0.0,31.32316186573709
2022-04-25,23.838201416518288,25.210130088090477,38.146352624333396,23.838201416518288,23.838201416518288,7.804547070176207,7.804547070176207,7.804547070176207,0.3667490233983638,0.3667490233983638,0.3667490233983638,7.437798046777844,7.437798046777844,7.437798046777844,0.0,0.0,0.0,31.642748486694494
2022-04-26,23.837974204806986,24.700875304070653,36.81893105229795,23.837974204806986,23.837974204806986,7.111627438801093,7.111627438801093,7.111627438801093,-0.5519292038362751,-0.5519292038362751,-0.5519292038362751,7.663556642637368,7.663556642637368,7.663556642637368,0.0,0.0,0.0,30.94960164360808
2022-04-27,23.83774699309568,26.148766143336463,38.56224469025115,23.83774699309568,23.83774699309568,8.250887982760034,8.250887982760034,8.250887982760034,0.3667812482233785,0.3667812482233785,0.3667812482233785,7.884106734536654,7.884106734536654,7.884106734536654,0.0,0.0,0.0,32.08863497585571
2022-05-01,23.836838146250475,26.465466252842752,39.19350746841539,23.836838146250475,23.836838146250475,8.988202535348767,8.988202535348767,8.988202535348767,0.2775659184997784,0.2775659184997784,0.2775659184997784,8.710636616848989,8.710636616848989,8.710636616848989,0.0,0.0,0.0,32.82504068159924
2022-05-02,23.83661093453917,26.84675932952742,39.78954546476993,23.83661093453917,23.83661093453917,9.26995522255839,9.26995522255839,9.26995522255839,0.3667490234007466,0.3667490234007466,0.3667490234007466,8.903206199157642,8.903206199157642,8.903206199157642,0.0,0.0,0.0,33.10656615709756
2022-05-03,23.83638372282787,25.585588363393594,38.98205246979887,23.83638372282787,23.83638372282787,8.538417582914786,8.538417582914786,8.538417582914786,-0.5519292038360551,-0.5519292038360551,-0.5519292038360551,9.09034678675084,9.09034678675084,9.09034678675084,0.0,0.0,0.0,32.37480130574265
2022-05-04,23.83615651111657,27.119748409503902,39.714213367590794,23.83615651111657,23.83615651111657,9.639027419546515,9.639027419546515,9.639027419546515,0.36678124822470326,0.36678124822470326,0.36678124822470326,9.272246171321811,9.272246171321811,9.272246171321811,0.0,0.0,0.0,33.475183930663086
2022-05-05,23.835929299405265,27.249578794166194,39.33620135390287,23.835929299405265,23.835929299405265,9.388636954117755,9.388636954117755,9.388636954117755,-0.06047854999841427,-0.06047854999841427,-0.06047854999841427,9.44911550411617,9.44911550411617,9.44911550411617,0.0,0.0,0.0,33.22456625352302
2022-05-06,23.835702087693964,26.6990944685792,39.22209668554285,23.835702087693964,23.835702087693964,9.161054187070526,9.161054187070526,9.161054187070526,-0.4601149520260861,-0.4601149520260861,-0.4601149520260861,9.621169139096613,9.621169139096613,9.621169139096613,0.0,0.0,0.0,32.99675627476449
2022-05-07,23.83547487598266,27.50199625411864,39.610125515733074,23.83547487598266,23.83547487598266,9.850030239083399,9.850030239083399,9.850030239083399,0.061426515734046734,0.061426515734046734,0.061426515734046734,9.788603723349352,9.788603723349352,9.788603723349352,0.0,0.0,0.0,33.68550511506606
2022-05-08,23.835247664271357,27.491678158635086,40.67721052671368,23.835247664271357,23.835247664271357,10.229143256289863,10.229143256289863,10.229143256289863,0.2775659184995491,0.2775659184995491,0.2775659184995491,9.951577337790315,9.951577337790315,9.951577337790315,0.0,0.0,0.0,34.06439092056122
2022-05-09,23.835020452560055,28.047961391783307,40.71616624104716,23.835020452560055,23.835020452560055,10.476938524461483,10.476938524461483,10.476938524461483,0.3667490234003388,0.3667490234003388,0.3667490234003388,10.110189501061145,10.110189501061145,10.110189501061145,0.0,0.0,0.0,34.31195897702154
2022-05-10,23.834793240848754,26.91402520214001,40.313139385349956,23.834793240848754,23.834793240848754,9.712533628333846,9.712533628333846,9.712533628333846,-0.5519292038363428,-0.5519292038363428,-0.5519292038363428,10.264462832170189,10.264462832170189,10.264462832170189,0.0,0.0,0.0,33.5473268691826
2022-05-11,23.834566029137452,28.229662612057034,41.343231301849485,23.834566029137452,23.834566029137452,10.781108371778432,10.781108371778432,10.781108371778432,0.3667812482246789,0.3667812482246789,0.3667812482246789,10.414327123553754,10.414327123553754,10.414327123553754,0.0,0.0,0.0,34.615674400915886
2022-05-12,23.83433881742615,28.511471745309787,40.31392091762464,23.83433881742615,23.83433881742615,10.499127957202205,10.499127957202205,10.499127957202205,-0.06047855000029474,-0.06047855000029474,-0.06047855000029474,10.559606507202501,10.559606507202501,10.559606507202501,0.0,0.0,0.0,34.333466774628356
2022-05-13,23.834111605714845,27.74775083046622,40.24963988833229,23.834111605714845,23.834111605714845,10.239895352507386,10.239895352507386,10.239895352507386,-0.46011495202458597,-0.46011495202458597,-0.46011495202458597,10.700010304531972,10.700010304531972,10.700010304531972,0.0,0.0,0.0,34.07400695822223
2022-05-14,23.833884394003544,28.48966730132844,41.2913485370917,23.833884394003544,23.833884394003544,10.896554554357062,10.896554554357062,10.896554554357062,0.06142651573506204,0.06142651573506204,0.06142651573506204,10.835128038622,10.835128038622,10.835128038622,0.0,0.0,0.0,34.73043894836061
2022-05-15,23.833657182292242,28.887536484373303,41.6210736189353,23.833657182292242,23.833657182292242,11.241994877394935,11.241994877394935,11.241994877394935,0.2775659185006103,0.2775659185006103,0.2775659185006103,10.964428958894326,10.964428958894326,10.964428958894326,0.0,0.0,0.0,35.07565205968718
2022-05-16,23.83342997058094,29.412352653479804,41.60917229233879,23.83342997058094,23.83342997058094,11.454015310542564,11.454015310542564,11.454015310542564,0.366749023399931,0.366749023399931,0.366749023399931,11.087266287142635,11.087266287142635,11.087266287142635,0.0,0.0,0.0,35.2874452811235
2022-05-17,23.83320275886964,28.052057641999042,40.785152473512056,23.83320275886964,23.83320275886964,10.650957040640801,10.650957040640801,10.650957040640801,-0.5519292038356154,-0.5519292038356154,-0.5519292038356154,11.202886244476415,11.202886244476415,11.202886244476415,0.0,0.0,0.0,34.48415979951044
2022-05-18,23.832975547158334,29.335113002906525,41.22451569899519,23.832975547158334,23.832975547158334,11.677223014024467,11.677223014024467,11.677223014024467,0.3667812482230974,0.3667812482230974,0.3667812482230974,11.310441765801368,11.310441765801368,11.310441765801368,0.0,0.0,0.0,35.510198561182804
2022-05-19,23.832748335447032,28.64278326314868,41.6361882618918,23.832748335447032,23.832748335447032,11.348532106592703,11.348532106592703,11.348532106592703,-0.060478550000251784,-0.060478550000251784,-0.060478550000251784,11.409010656592955,11.409010656592955,11.409010656592955,0.0,0.0,0.0,35.181280442039736
2022-05-20,23.83252112373573,28.543982512518806,40.731966771388386,23.83252112373573,23.83252112373573,11.037502848535881,11.037502848535881,11.037502848535881,-0.46011495202308583,-0.46011495202308583,-0.46011495202308583,11.497617800558968,11.497617800558968,11.497617800558968,0.0,0.0,0.0,34.87002397227161
2022-05-21,23.83229391202443,29.195655422497136,41.90505504054834,23.83229391202443,23.83229391202443,11.63668740657097,11.63668740657097,11.63668740657097,0.06142651573418637,0.06142651573418637,0.06142651573418637,11.575260890836782,11.575260890836782,11.575260890836782,0.0,0.0,0.0,35.4689813185954
2022-05-22,23.832066700313128,29.219049731543787,42.081683541918444,23.832066700313128,23.832066700313128,11.918504954173494,11.918504954173494,11.918504954173494,0.277565918500381,0.277565918500381,0.277565918500381,11.640939035673112,11.640939035673112,11.640939035673112,0.0,0.0,0.0,35.75057165448662
2022-05-23,23.83183948869162,29.26564952472664,41.96727318991564,23.83183948869162,23.83183948869162,12.060432509270072,12.060432509270072,12.060432509270072,0.3667490234018793,0.3667490234018793,0.3667490234018793,11.693683485868194,11.693683485868194,11.693683485868194,0.0,0.0,0.0,35.89227199796169
2022-05-24,23.831612277070114,28.767735861657016,41.10834294689991,23.831612277070114,23.831612277070114,11.180660444881228,11.180660444881228,11.180660444881228,-0.551929203835903,-0.551929203835903,-0.551929203835903,11.73258964871713,11.73258964871713,11.73258964871713,0.0,0.0,0.0,35.01227272195134
2022-05-25,23.831385065448607,29.532155519969162,42.13446158658588,23.831385065448607,23.831385065448607,12.123630742489695,12.123630742489695,12.123630742489695,0.366781248223073,0.366781248223073,0.366781248223073,11.756849494266623,11.756849494266623,11.756849494266623,0.0,0.0,0.0,35.9550158079383
2022-05-26,23.8311578538271,29.453367688380496,41.60839874123809,23.8311578538271,23.8311578538271,11.705304876251661,11.705304876251661,11.705304876251661,-0.06047854999803399,-0.06047854999803399,-0.06047854999803399,11.765783426249698,11.765783426249698,11.765783426249698,0.0,0.0,0.0,35.53646273007876
2022-05-27,23.83093064220559,28.585681325895546,41.057295270638015,23.83093064220559,23.83093064220559,11.298755731058236,11.298755731058236,11.298755731058236,-0.46011495202370256,-0.46011495202370256,-0.46011495202370256,11.75887068308194,11.75887068308194,11.75887068308194,0.0,0.0,0.0,35.12968637326382
2022-06-01,23.829794584098057,29.631904309139312,42.24804433645013,23.829794584098057,23.829794584098057,11.849508754244225,11.849508754244225,11.849508754244225,0.3667812482243977,0.3667812482243977,0.3667812482243977,11.482727506019826,11.482727506019826,11.482727506019826,0.0,0.0,0.0,35.67930333834228
2022-06-02,23.82956737247655,28.76098791518677,41.89292301212605,23.82956737247655,23.82956737247655,11.321271562183284,11.321271562183284,11.321271562183284,-0.06047854999799103,-0.06047854999799103,-0.06047854999799103,11.381750112181276,11.381750112181276,11.381750112181276,0.0,0.0,0.0,35.15083893465983
2022-06-03,23.829340160855043,28.720185861346433,40.96288608744217,23.829340160855043,23.829340160855043,10.807464633785429,10.807464633785429,10.807464633785429,-0.4601149520214598,-0.4601149520214598,-0.4601149520214598,11.267579585806889,11.267579585806889,11.267579585806889,0.0,0.0,0.0,34.63680479464047
2022-06-04,23.829112949233537,28.857983109238557,41.32342925846111,23.829112949233537,23.829112949233537,11.203040570080413,11.203040570080413,11.203040570080413,0.061426515736217,0.061426515736217,0.061426515736217,11.141614054344195,11.141614054344195,11.141614054344195,0.0,0.0,0.0,35.03215351931395
2022-06-05,23.82888573761203,29.022962793451324,41.526995266022446,23.82888573761203,23.82888573761203,11.283058539389872,11.283058539389872,11.283058539389872,0.27756591849827683,0.27756591849827683,0.27756591849827683,11.005492620891594,11.005492620891594,11.005492620891594,0.0,0.0,0.0,35.1119442770019
2022-06-06,23.82865852599052,28.619359021176574,41.11685507083273,23.82865852599052,23.82865852599052,11.227824433504738,11.227824433504738,11.227824433504738,0.3667490234010637,0.3667490234010637,0.3667490234010637,10.861075410103675,10.861075410103675,10.861075410103675,0.0,0.0,0.0,35.056482959495256
2022-06-07,23.828431314369013,27.87850100779325,40.30458658720812,23.828431314369013,23.828431314369013,10.15848862315578,10.15848862315578,10.15848862315578,-0.5519292038359708,-0.5519292038359708,-0.5519292038359708,10.710417826991751,10.710417826991751,10.710417826991751,0.0,0.0,0.0,33.98691993752479
2022-06-08,23.82820410274751,28.29696436962637,41.07964752424013,23.82820410274751,23.82820410274751,10.922520746639973,10.922520746639973,10.922520746639973,0.36678124822302416,0.36678124822302416,0.36678124822302416,10.55573949841695,10.55573949841695,10.55573949841695,0.0,0.0,0.0,34.75072484938748
2022-06-09,23.827976891126003,27.967769149645278,39.96727527217532,23.827976891126003,23.827976891126003,10.33890995497733,10.33890995497733,10.33890995497733,-0.06047854999794804,-0.06047854999794804,-0.06047854999794804,10.39938850497528,10.39938850497528,10.39938850497528,0.0,0.0,0.0,34.16688684610333
2022-06-10,23.827749679504493,27.483309159018162,39.80180628363948,23.827749679504493,23.827749679504493,9.783686681542747,9.783686681542747,9.783686681542747,-0.4601149520241934,-0.4601149520241934,-0.4601149520241934,10.24380163356694,10.24380163356694,10.24380163356694,0.0,0.0,0.0,33.61143636104724
2022-06-11,23.827522467882986,27.639187335843683,40.265125461347296,23.827522467882986,23.827522467882986,10.152888000861422,10.152888000861422,10.152888000861422,0.06142651573534133,0.06142651573534133,0.06142651573534133,10.09146148512608,10.09146148512608,10.09146148512608,0.0,0.0,0.0,33.98041046874441
2022-06-12,23.827295256261483,27.702448250608125,40.310769712094235,23.827295256261483,23.827295256261483,10.222417273543824,10.222417273543824,10.222417273543824,0.27756591849933804,0.27756591849933804,0.27756591849933804,9.944851355044484,9.944851355044484,9.944851355044484,0.0,0.0,0.0,34.049712529805305
2022-06-13,23.827068044639972,27.535478156713374,40.12918367923214,23.827068044639972,23.827068044639972,10.173157887264862,10.173157887264862,10.173157887264862,0.3667490234006559,0.3667490234006559,0.3667490234006559,9.806408863864206,9.806408863864206,9.806408863864206,0.0,0.0,0.0,34.000225931904836
2022-06-14,23.826840833018466,26.425173809917556,39.050514698382706,23.826840833018466,23.826840833018466,9.12655014755999,9.12655014755999,9.12655014755999,-0.5519292038368332,-0.5519292038368332,-0.5519292038368332,9.678479351396824,9.678479351396824,9.678479351396824,0.0,0.0,0.0,32.953390980578455
2022-06-15,23.82661362139696,27.792106975430755,39.86399014019562,23.82661362139696,23.82661362139696,9.930051306143916,9.930051306143916,9.930051306143916,0.3667812482243489,0.3667812482243489,0.3667812482243489,9.563270057919567,9.563270057919567,9.563270057919567,0.0,0.0,0.0,33.756664927540875
2022-06-16,23.826386409775452,26.50428012505654,39.34408900075521,23.826386409775452,23.826386409775452,9.402327551486533,9.402327551486533,9.402327551486533,-0.060478549997905084,-0.060478549997905084,-0.060478549997905084,9.46280610148444,9.46280610148444,9.46280610148444,0.0,0.0,0.0,33.22871396126199
2022-06-17,23.826159198153945,26.39018094117861,39.02857575636596,23.826159198153945,23.826159198153945,8.9187742693191,8.9187742693191,8.9187742693191,-0.46011495202269326,-0.46011495202269326,-0.46011495202269326,9.378889221341794,9.378889221341794,9.378889221341794,0.0,0.0,0.0,32.74493346747305
2022-06-18,23.82593198653244,26.901823094979306,39.37872921911969,23.82593198653244,23.82593198653244,9.374486711083797,9.374486711083797,9.374486711083797,0.06142651573635666,0.06142651573635666,0.06142651573635666,9.31306019534744,9.31306019534744,9.31306019534744,0.0,0.0,0.0,33.200418697616236
2022-06-19,23.825704774910932,27.552012389117227,40.00119747923262,23.825704774910932,23.825704774910932,9.544131674360903,9.544131674360903,9.544131674360903,0.2775659184987537,0.2775659184987537,0.2775659184987537,9.26656575586215,9.26656575586215,9.26656575586215,0.0,0.0,0.0,33.36983644927184
2022-06-20,23.82547756328942,27.654727693141282,39.877325824710354,23.82547756328942,23.82547756328942,9.607079749933572,9.607079749933572,9.607079749933572,0.3667490234002482,0.3667490234002482,0.3667490234002482,9.240330726533323,9.240330726533323,9.240330726533323,0.0,0.0,0.0,33.43255731322299
2022-06-21,23.825250351667915,25.992966875544155,38.72627646351749,23.825250351667915,23.825250351667915,8.683006780464877,8.683006780464877,8.683006780464877,-0.5519292038361057,-0.5519292038361057,-0.5519292038361057,9.234935984300982,9.234935984300982,9.234935984300982,0.0,0.0,0.0,32.50825713213279
2022-06-22,23.82502314004641,27.84415486243305,40.00770934600381,23.82502314004641,23.82502314004641,9.61738396843993,9.61738396843993,9.61738396843993,0.36678124822141833,0.36678124822141833,0.36678124822141833,9.250602720218511,9.250602720218511,9.250602720218511,0.0,0.0,0.0,33.44240710848634
2022-06-23,23.8247959284249,26.564772768641316,39.37093577284292,23.8247959284249,23.8247959284249,9.226704782726465,9.226704782726465,9.226704782726465,-0.06047854999978559,-0.06047854999978559,-0.06047854999978559,9.28718333272625,9.28718333272625,9.28718333272625,0.0,0.0,0.0,33.05150071115136
2022-06-24,23.824568716803395,26.301459445002997,39.014346637024836,23.824568716803395,23.824568716803395,8.884044189415203,8.884044189415203,8.884044189415203,-0.46011495202331,-0.46011495202331,-0.46011495202331,9.344159141438512,9.344159141438512,9.344159141438512,0.0,0.0,0.0,32.7086129062186
2022-06-25,23.824341505181888,27.1951532853294,39.25842238806949,23.824341505181888,23.824341505181888,9.482071477759929,9.482071477759929,9.482071477759929,0.06142651573225995,0.06142651573225995,0.06142651573225995,9.42064496202767,9.42064496202767,9.42064496202767,0.0,0.0,0.0,33.306412982941815
2022-06-26,23.82411429356038,27.466769829237276,39.51039858167691,23.82411429356038,23.82411429356038,9.792966355479678,9.792966355479678,9.792966355479678,0.2775659184998149,0.2775659184998149,0.2775659184998149,9.515400436979863,9.515400436979863,9.515400436979863,0.0,0.0,0.0,33.61708064904006
2022-06-27,23.823887081938874,27.916958561920733,40.34441787071697,23.823887081938874,23.823887081938874,9.993596899787084,9.993596899787084,9.993596899787084,0.3667490233998404,0.3667490233998404,0.3667490233998404,9.626847876387243,9.626847876387243,9.626847876387243,0.0,0.0,0.0,33.81748398172596
2022-07-01,23.822978235452844,26.92929061906649,40.0709671247398,23.822978235452844,23.822978235452844,9.737577147975388,9.737577147975388,9.737577147975388,-0.4601149520239267,-0.4601149520239267,-0.4601149520239267,10.197692099999315,10.197692099999315,10.197692099999315,0.0,0.0,0.0,33.56055538342823
2022-07-02,23.82275102383134,27.589744386431132,40.118471547757125,23.82275102383134,23.82275102383134,10.420529742472649,10.420529742472649,10.420529742472649,0.061426515735166276,0.061426515735166276,0.061426515735166276,10.359103226737483,10.359103226737483,10.359103226737483,0.0,0.0,0.0,34.24328076630399
2022-07-03,23.82252381220983,28.48950406041897,40.72077443691059,23.82252381220983,23.82252381220983,10.799922530754198,10.799922530754198,10.799922530754198,0.27756591849829504,0.27756591849829504,0.27756591849829504,10.522356612255905,10.522356612255905,10.522356612255905,0.0,0.0,0.0,34.622446342964025
2022-07-04,23.822296600588324,28.484270122487455,41.39604497893981,23.822296600588324,23.822296600588324,11.051201893727137,11.051201893727137,11.051201893727137,0.3667490233989981,0.3667490233989981,0.3667490233989981,10.684452870328139,10.684452870328139,10.684452870328139,0.0,0.0,0.0,34.87349849431546
2022-07-05,23.822069388966817,27.403574832531415,40.079797373616174,23.822069388966817,23.822069388966817,10.290436248420699,10.290436248420699,10.290436248420699,-0.5519292038361734,-0.5519292038361734,-0.5519292038361734,10.842365452256873,10.842365452256873,10.842365452256873,0.0,0.0,0.0,34.112505637387514
2022-07-06,23.82184217734531,28.610448155376336,40.92993272637985,23.82184217734531,23.82184217734531,11.359870113419596,11.359870113419596,11.359870113419596,0.36678124822406777,0.36678124822406777,0.36678124822406777,10.993088865195528,10.993088865195528,10.993088865195528,0.0,0.0,0.0,35.18171229076491
2022-07-07,23.821614965723803,28.249844952491404,41.105500818972835,23.821614965723803,23.821614965723803,11.07320759203852,11.07320759203852,11.07320759203852,-0.060478549999448294,-0.060478549999448294,-0.060478549999448294,11.133686142037968,11.133686142037968,11.133686142037968,0.0,0.0,0.0,34.894822557762325
2022-07-08,23.821387754102297,28.25767219676105,41.22760672424741,23.821387754102297,23.821387754102297,10.801219788070327,10.801219788070327,10.801219788070327,-0.46011495202454344,-0.46011495202454344,-0.46011495202454344,11.26133474009487,11.26133474009487,11.26133474009487,0.0,0.0,0.0,34.622607542172624
2022-07-09,23.82116054248079,29.805114513274138,41.80450200196172,23.82116054248079,23.82116054248079,11.434796612466698,11.434796612466698,11.434796612466698,0.06142651573618158,0.06142651573618158,0.06142651573618158,11.373370096730516,11.373370096730516,11.373370096730516,0.0,0.0,0.0,35.25595715494749
2022-07-10,23.82093333085928,29.324211926128193,41.65318675548012,23.82093333085928,23.82093333085928,11.744892052602856,11.744892052602856,11.744892052602856,0.27756591849935636,0.27756591849935636,0.27756591849935636,11.4673261341035,11.4673261341035,11.4673261341035,0.0,0.0,0.0,35.56582538346213
2022-07-11,23.820706119237776,29.087611685947486,42.14052213450758,23.820706119237776,23.820706119237776,11.907721103471973,11.907721103471973,11.907721103471973,0.3667490234013808,0.3667490234013808,0.3667490234013808,11.540972080070592,11.540972080070592,11.540972080070592,0.0,0.0,0.0,35.72842722270975
2022-07-12,23.82047890761627,28.817119377631137,41.18549518843562,23.82047890761627,23.82047890761627,11.040415852094773,11.040415852094773,11.040415852094773,-0.5519292038359536,-0.5519292038359536,-0.5519292038359536,11.592345055930727,11.592345055930727,11.592345055930727,0.0,0.0,0.0,34.860894759711044
2022-07-13,23.820251695994763,29.254420024658494,41.97744573603474,23.820251695994763,23.820251695994763,11.986559219919348,11.986559219919348,11.986559219919348,0.36678124822269426,0.36678124822269426,0.36678124822269426,11.619777971696655,11.619777971696655,11.619777971696655,0.0,0.0,0.0,35.80681091591411
2022-07-14,23.820024484373253,29.43482331698776,41.93976748929731,23.820024484373253,23.820024484373253,11.561443813753694,11.561443813753694,11.561443813753694,-0.060478549997481874,-0.060478549997481874,-0.060478549997481874,11.621922363751178,11.621922363751178,11.621922363751178,0.0,0.0,0.0,35.38146829812695
2022-07-15,23.819797272751746,28.993124888416094,41.37942091194189,23.819797272751746,23.819797272751746,11.13765095378511,11.13765095378511,11.13765095378511,-0.4601149520230433,-0.4601149520230433,-0.4601149520230433,11.597765905808153,11.597765905808153,11.597765905808153,0.0,0.0,0.0,34.957448226536854
2022-07-16,23.819570061130243,28.89388647421431,41.824732221468246,23.819570061130243,23.819570061130243,11.608070935795357,11.608070935795357,11.608070935795357,0.06142651573397592,0.06142651573397592,0.06142651573397592,11.54664442006138,11.54664442006138,11.54664442006138,0.0,0.0,0.0,35.427640996925604
2022-07-17,23.819342849508732,29.2752821860705,42.20223013670843,23.819342849508732,23.819342849508732,11.74581422786196,11.74581422786196,11.74581422786196,0.2775659185004175,0.2775659185004175,0.2775659185004175,11.468248309361543,11.468248309361543,11.468248309361543,0.0,0.0,0.0,35.56515707737069
2022-07-18,23.819115637887226,29.131431307030258,42.11412153271836,23.819115637887226,23.819115637887226,11.729372444947755,11.729372444947755,11.729372444947755,0.36674902340053855,0.36674902340053855,0.36674902340053855,11.362623421547216,11.362623421547216,11.362623421547216,0.0,0.0,0.0,35.54848808283498
2022-07-19,23.81888842626572,28.576466572882925,40.7982499502301,23.81888842626572,23.81888842626572,10.678237238504824,10.678237238504824,10.678237238504824,-0.5519292038363085,-0.5519292038363085,-0.5519292038363085,11.230166442341133,11.230166442341133,11.230166442341133,0.0,0.0,0.0,34.49712566477054
2022-07-20,23.818661214644212,29.118870785753334,41.5100786254427,23.818661214644212,23.818661214644212,11.438396240585963,11.438396240585963,11.438396240585963,0.36678124822401903,0.36678124822401903,0.36678124822401903,11.071614992361944,11.071614992361944,11.071614992361944,0.0,0.0,0.0,35.257057455230175
2022-07-21,23.81843400347925,28.080171399224056,40.662744417288884,23.81843400347925,23.81843400347925,10.827554125981239,10.827554125981239,10.827554125981239,-0.06047854999936235,-0.06047854999936235,-0.06047854999936235,10.888032675980602,10.888032675980602,10.888032675980602,0.0,0.0,0.0,34.64598812946049
2022-07-22,23.818206792314292,27.983501601859178,40.04585112333971,23.818206792314292,23.818206792314292,10.22067444240528,10.22067444240528,10.22067444240528,-0.46011495202291736,-0.46011495202291736,-0.46011495202291736,10.680789394428196,10.680789394428196,10.680789394428196,0.0,0.0,0.0,34.03888123471957
2022-07-23,23.817979581149334,28.341166978679578,40.73119057659853,23.817979581149334,23.817979581149334,10.512963808191486,10.512963808191486,10.512963808191486,0.06142651573310025,0.06142651573310025,0.06142651573310025,10.451537292458386,10.451537292458386,10.451537292458386,0.0,0.0,0.0,34.33094338934082
2022-07-24,23.817752369984376,27.73144216703988,40.368070327512605,23.817752369984376,23.817752369984376,10.479748675446949,10.479748675446949,10.479748675446949,0.27756591849889767,0.27756591849889767,0.27756591849889767,10.202182756948051,10.202182756948051,10.202182756948051,0.0,0.0,0.0,34.297501045431325
2022-07-25,23.817525158819418,28.19728277286335,39.69344528917786,23.817525158819418,23.817525158819418,10.301603950623257,10.301603950623257,10.301603950623257,0.36674902340056537,0.36674902340056537,0.36674902340056537,9.934854927222691,9.934854927222691,9.934854927222691,0.0,0.0,0.0,34.119129109442675
2022-07-26,23.817297947654456,27.328882325780327,39.740162275375305,23.817297947654456,23.817297947654456,9.09994200713628,9.09994200713628,9.09994200713628,-0.5519292038360885,-0.5519292038360885,-0.5519292038360885,9.651871210972367,9.651871210972367,9.651871210972367,0.0,0.0,0.0,32.91723995479074
2022-07-27,23.8170707364895,26.984792610927187,39.533994107458085,23.8170707364895,23.8170707364895,9.722481575025997,9.722481575025997,9.722481575025997,0.36678124822243746,0.36678124822243746,0.36678124822243746,9.355700326803559,9.355700326803559,9.355700326803559,0.0,0.0,0.0,33.5395523115155
2022-08-01,23.815934680664704,25.22043177798561,38.12696837772381,23.815934680664704,23.815934680664704,8.135789289228004,8.135789289228004,8.135789289228004,0.366749023399723,0.366749023399723,0.366749023399723,7.7690402658282816,7.7690402658282816,7.7690402658282816,0.0,0.0,0.0,31.951723969892708
2022-08-02,23.815707469499745,24.569044546969884,37.29234554902993,23.815707469499745,23.815707469499745,6.897108195218273,6.897108195218273,6.897108195218273,-0.5519292038358685,-0.5519292038358685,-0.5519292038358685,7.4490373990541405,7.4490373990541405,7.4490373990541405,0.0,0.0,0.0,30.71281566471802
2022-08-03,23.815480258334787,25.03838178935492,37.97019974730896,23.815480258334787,23.815480258334787,7.500778121279915,7.500778121279915,7.500778121279915,0.3667812482237623,0.3667812482237623,0.3667812482237623,7.133996873056154,7.133996873056154,7.133996873056154,0.0,0.0,0.0,31.316258379614702
2022-08-04,23.81525304716983,24.367554102604924,36.56453109153537,23.81525304716983,23.81525304716983,6.765675519002087,6.765675519002087,6.765675519002087,-0.06047854999927641,-0.06047854999927641,-0.06047854999927641,6.8261540690013645,6.8261540690013645,6.8261540690013645,0.0,0.0,0.0,30.580928566171917
2022-08-05,23.815025836004867,23.705794288336925,36.174429234224796,23.815025836004867,23.815025836004867,6.067428911276631,6.067428911276631,6.067428911276631,-0.4601149520262677,-0.4601149520262677,-0.4601149520262677,6.527543863302898,6.527543863302898,6.527543863302898,0.0,0.0,0.0,29.8824547472815
2022-08-06,23.814798624839913,24.187632747414586,36.26540725172215,23.814798624839913,23.814798624839913,6.301396155749317,6.301396155749317,6.301396155749317,0.06142651573513085,0.06142651573513085,0.06142651573513085,6.239969640014186,6.239969640014186,6.239969640014186,0.0,0.0,0.0,30.11619478058923
2022-08-07,23.814571413674955,23.417343492267193,36.20940297563863,23.814571413674955,23.814571413674955,6.242541766522839,6.242541766522839,6.242541766522839,0.2775659184993745,0.2775659184993745,0.2775659184993745,5.964975848023465,5.964975848023465,5.964975848023465,0.0,0.0,0.0,30.057113180197796
2022-08-08,23.814344202509993,22.788485666997705,35.72999617121596,23.814344202509993,23.814344202509993,6.070573582209638,6.070573582209638,6.070573582209638,0.3667490233988807,0.3667490233988807,0.3667490233988807,5.703824558810758,5.703824558810758,5.703824558810758,0.0,0.0,0.0,29.884917784719633
2022-08-09,23.814116991345035,22.802204470333358,34.99415622807867,23.814116991345035,23.814116991345035,4.905547239728651,4.905547239728651,4.905547239728651,-0.5519292038361562,-0.5519292038361562,-0.5519292038361562,5.457476443564806,5.457476443564806,5.457476443564806,0.0,0.0,0.0,28.719664231073686
2022-08-10,23.813889780180077,22.847891911751503,35.86464711056279,23.813889780180077,23.813889780180077,5.59335779318002,5.59335779318002,5.59335779318002,0.3667812482237379,0.3667812482237379,0.3667812482237379,5.2265765449562815,5.2265765449562815,5.2265765449562815,0.0,0.0,0.0,29.407247573360095
2022-08-11,23.81366256901512,22.395604223414164,34.789488632090084,23.81366256901512,23.81366256901512,4.950966618286396,4.950966618286396,4.950966618286396,-0.06047855000115694,-0.06047855000115694,-0.06047855000115694,5.011445168287553,5.011445168287553,5.011445168287553,0.0,0.0,0.0,28.764629187301516
2022-08-12,23.813435357850157,21.6167759067035,34.073475887838136,23.813435357850157,23.813435357850157,4.351959206678183,4.351959206678183,4.351959206678183,-0.46011495202402486,-0.46011495202402486,-0.46011495202402486,4.812074158702208,4.812074158702208,4.812074158702208,0.0,0.0,0.0,28.16539456452834
2022-08-13,23.813208146685202,22.427384256828525,35.01063653575134,23.813208146685202,23.813208146685202,4.68955528113016,4.68955528113016,4.68955528113016,0.06142651573614613,0.06142651573614613,0.06142651573614613,4.628128765394014,4.628128765394014,4.628128765394014,0.0,0.0,0.0,28.502763427815363
2022-08-14,23.81298093552024,22.66400650708849,34.33395926561196,23.81298093552024,23.81298093552024,4.7365211387375545,4.7365211387375545,4.7365211387375545,0.2775659185004357,0.2775659185004357,0.2775659185004357,4.458955220237118,4.458955220237118,4.458955220237118,0.0,0.0,0.0,28.549502074257795
2022-08-15,23.812753724355282,22.180378177608148,34.744613632123155,23.812753724355282,23.812753724355282,4.670343100532055,4.670343100532055,4.670343100532055,0.36674902339890747,0.36674902339890747,0.36674902339890747,4.303594077133147,4.303594077133147,4.303594077133147,0.0,0.0,0.0,28.483096824887337
2022-08-16,23.812526513190324,20.857191247528963,33.35833454800215,23.812526513190324,23.812526513190324,3.608870066310576,3.608870066310576,3.608870066310576,-0.5519292038354288,-0.5519292038354288,-0.5519292038354288,4.160799270146005,4.160799270146005,4.160799270146005,0.0,0.0,0.0,27.4213965795009
2022-08-17,23.812299302025366,21.74901380879371,34.758544831383354,23.812299302025366,23.812299302025366,4.3958440021348935,4.3958440021348935,4.3958440021348935,0.3667812482237135,0.3667812482237135,0.3667812482237135,4.029062753911179,4.029062753911179,4.029062753911179,0.0,0.0,0.0,28.20814330416026
2022-08-18,23.812072090860404,21.173441711608582,33.65176469270844,23.812072090860404,23.812072090860404,3.8461659399945267,3.8461659399945267,3.8461659399945267,-0.06047854999893914,-0.06047854999893914,-0.06047854999893914,3.906644489993466,3.906644489993466,3.906644489993466,0.0,0.0,0.0,27.658238030854932
2022-08-19,23.81184487969545,20.89651629833293,33.528834948383206,23.81184487969545,23.81184487969545,3.3314924872215315,3.3314924872215315,3.3314924872215315,-0.4601149520246416,-0.4601149520246416,-0.4601149520246416,3.791607439246173,3.791607439246173,3.791607439246173,0.0,0.0,0.0,27.14333736691698
2022-08-20,23.811617668530488,21.33472159567373,34.17562140453642,23.811617668530488,23.811617668530488,3.7432836303026495,3.7432836303026495,3.7432836303026495,0.061426515735270464,0.061426515735270464,0.061426515735270464,3.681857114567379,3.681857114567379,3.681857114567379,0.0,0.0,0.0,27.554901298833137
2022-08-21,23.81139045736553,21.075351417126953,33.48252462716539,23.81139045736553,23.81139045736553,3.8527510613671607,3.8527510613671607,3.8527510613671607,0.2775659185002064,0.2775659185002064,0.2775659185002064,3.575185142866954,3.575185142866954,3.575185142866954,0.0,0.0,0.0,27.66414151873269
2022-08-22,23.81116324620057,21.066734191021077,33.88905175060172,23.81116324620057,23.81116324620057,3.8360652052039454,3.8360652052039454,3.8360652052039454,0.36674902340085574,0.36674902340085574,0.36674902340085574,3.469316181803089,3.469316181803089,3.469316181803089,0.0,0.0,0.0,27.647228451404516
2022-08-23,23.810936035035613,20.621112719190013,33.4112922326908,23.810936035035613,23.810936035035613,2.810028234784518,2.810028234784518,2.810028234784518,-0.5519292038362913,-0.5519292038362913,-0.5519292038362913,3.3619574386208093,3.3619574386208093,3.3619574386208093,0.0,0.0,0.0,26.62096426982013
2022-08-24,23.810708823870655,21.214986323309688,33.328506524974145,23.810708823870655,23.810708823870655,3.617631196044538,3.617631196044538,3.617631196044538,0.36678124822368907,0.36678124822368907,0.36678124822368907,3.2508499478208495,3.2508499478208495,3.2508499478208495,0.0,0.0,0.0,27.428340019915193
2022-08-25,23.810481612705694,20.658672062156157,33.502409461676415,23.810481612705694,23.810481612705694,3.073342134314632,3.073342134314632,3.073342134314632,-0.06047855000081966,-0.06047855000081966,-0.06047855000081966,3.1338206843154515,3.1338206843154515,3.1338206843154515,0.0,0.0,0.0,26.883823747020326
2022-08-26,23.81025440154074,20.440672500846404,32.691720811217834,23.81025440154074,23.81025440154074,2.5487195699781573,2.5487195699781573,2.5487195699781573,-0.4601149520231415,-0.4601149520231415,-0.4601149520231415,3.008834522001299,3.008834522001299,3.008834522001299,0.0,0.0,0.0,26.358973971518896
2022-08-27,23.810027190375777,20.563903953688573,33.415907856260915,23.810027190375777,23.810027190375777,2.9354715127215054,2.9354715127215054,2.9354715127215054,0.06142651573817678,0.06142651573817678,0.06142651573817678,2.8740449969833284,2.8740449969833284,2.8740449969833284,0.0,0.0,0.0,26.745498703097283
2022-09-01,23.808891134550983,19.343686116006154,32.152379068739414,23.808891134550983,23.808891134550983,1.9469390603927381,1.9469390603927381,1.9469390603927381,-0.0604785499988532,-0.0604785499988532,-0.0604785499988532,2.0074176103915913,2.0074176103915913,2.0074176103915913,0.0,0.0,0.0,25.75583019494372
2022-09-02,23.808663923386025,19.20988226308811,31.76029173595644,23.808663923386025,23.808663923386025,1.3310817873691794,1.3310817873691794,1.3310817873691794,-0.46011495202164143,-0.46011495202164143,-0.46011495202164143,1.7911967393908208,1.7911967393908208,1.7911967393908208,0.0,0.0,0.0,25.139745710755204
2022-09-03,23.808436712221067,19.33481379699424,31.89493975778943,23.808436712221067,23.808436712221067,1.6224763969204286,1.6224763969204286,1.6224763969204286,0.06142651573408011,0.06142651573408011,0.06142651573408011,1.5610498811863487,1.5610498811863487,1.5610498811863487,0.0,0.0,0.0,25.430913109141496
2022-09-04,23.808209501056105,18.932453606760863,31.964258149336423,23.808209501056105,23.808209501056105,1.5955416232002866,1.5955416232002866,1.5955416232002866,0.27756591849974777,0.27756591849974777,0.27756591849974777,1.3179757047005387,1.3179757047005387,1.3179757047005387,0.0,0.0,0.0,25.40375112425639
2022-09-05,23.80798228989115,18.891638068694206,31.30277633156175,23.80798228989115,23.80798228989115,1.4301440203003848,1.4301440203003848,1.4301440203003848,0.3667490234000402,0.3667490234000402,0.3667490234000402,1.0633949969003447,1.0633949969003447,1.0633949969003447,0.0,0.0,0.0,25.238126310191536
2022-09-06,23.807755078726192,17.880919481024744,30.45117678148398,23.807755078726192,23.807755078726192,0.24720738867401862,0.24720738867401862,0.24720738867401862,-0.5519292038363589,-0.5519292038363589,-0.5519292038363589,0.7991365925103775,0.7991365925103775,0.7991365925103775,0.0,0.0,0.0,24.05496246740021
2022-09-07,23.80752786756123,18.180826561053177,30.82452423144118,23.80752786756123,23.80752786756123,0.8941949287154048,0.8941949287154048,0.8941949287154048,0.36678124822364033,0.36678124822364033,0.36678124822364033,0.5274136804917645,0.5274136804917645,0.5274136804917645,0.0,0.0,0.0,24.701722796276634
2022-09-08,23.807300656396272,17.542759125465068,30.166100459059624,23.807300656396272,23.807300656396272,0.19031204136438695,0.19031204136438695,0.19031204136438695,-0.06047854999663542,-0.06047854999663542,-0.06047854999663542,0.2507905913610224,0.2507905913610224,0.2507905913610224,0.0,0.0,0.0,23.99761269776066
2022-09-09,23.807073445231314,17.389911693749113,29.473277912404495,23.807073445231314,23.807073445231314,-0.4879745647318829,-0.4879745647318829,-0.4879745647318829,-0.460114952024375,-0.460114952024375,-0.460114952024375,-0.02785961270750783,-0.02785961270750783,-0.02785961270750783,0.0,0.0,0.0,23.319098880499432
2022-09-10,23.806846234066356,17.151915957042704,29.91598975037187,23.806846234066356,23.806846234066356,-0.24397968568246203,-0.24397968568246203,-0.24397968568246203,0.061426515735095395,0.061426515735095395,0.061426515735095395,-0.3054062014175575,-0.3054062014175575,-0.3054062014175575,0.0,0.0,0.0,23.562866548383894
2022-09-11,23.806619022901394,17.417804420529936,29.76672687688725,23.806619022901394,23.806619022901394,-0.30095381115147596,-0.30095381115147596,-0.30095381115147596,0.27756591850080903,0.27756591850080903,0.27756591850080903,-0.5785197296522849,-0.5785197296522849,-0.5785197296522849,0.0,0.0,0.0,23.505665211749918
2022-09-12,23.80639181173644,16.90009245445102,29.661368190713908,23.80639181173644,23.80639181173644,-0.47698887991568956,-0.47698887991568956,-0.47698887991568956,0.3667490233996324,0.3667490233996324,0.3667490233996324,-0.8437379033153221,-0.8437379033153221,-0.8437379033153221,0.0,0.0,0.0,23.32940293182075
2022-09-13,23.806164600571478,15.831254711335381,28.657469916657714,23.806164600571478,23.806164600571478,-1.6494663835529595,-1.6494663835529595,-1.6494663835529595,-0.5519292038366466,-0.5519292038366466,-0.5519292038366466,-1.0975371797163127,-1.0975371797163127,-1.0975371797163127,0.0,0.0,0.0,22.15669821701852
2022-09-14,23.80593738940652,16.533805288541163,28.867012602063248,23.80593738940652,23.80593738940652,-0.9696274936438756,-0.9696274936438756,-0.9696274936438756,0.36678124822340796,0.36678124822340796,0.36678124822340796,-1.3364087418672834,-1.3364087418672834,-1.3364087418672834,0.0,0.0,0.0,22.836309895762643
2022-09-15,23.80571017824156,15.975209640938477,28.62349311775703,23.80571017824156,23.80571017824156,-1.6174158771194354,-1.6174158771194354,-1.6174158771194354,-0.06047854999659241,-0.06047854999659241,-0.06047854999659241,-1.5569373271228428,-1.5569373271228428,-1.5569373271228428,0.0,0.0,0.0,22.188294301122127
2022-09-16,23.805482967076603,15.262527473331355,27.719232206266117,23.805482967076603,23.805482967076603,-2.215996212343441,-2.215996212343441,-2.215996212343441,-0.46011495202287483,-0.46011495202287483,-0.46011495202287483,-1.7558812603205662,-1.7558812603205662,-1.7558812603205662,0.0,0.0,0.0,21.589486754733162
2022-09-17,23.80525575591164,15.272789273894752,27.798592150915848,23.80525575591164,23.80525575591164,-1.8688254289149753,-1.8688254289149753,-1.8688254289149753,0.06142651573421973,0.06142651573421973,0.06142651573421973,-1.9302519446491948,-1.9302519446491948,-1.9302519446491948,0.0,0.0,0.0,21.936430326996668
2022-09-18,23.805028544746687,15.576913332754003,28.39460369704071,23.805028544746687,23.805028544746687,-1.7998250854008133,-1.7998250854008133,-1.7998250854008133,0.2775659184989342,0.2775659184989342,0.2775659184989342,-2.0773910038997476,-2.0773910038997476,-2.0773910038997476,0.0,0.0,0.0,22.005203459345875
2022-09-19,23.804801333450886,15.702691526950087,28.35360238535686,23.804801333450886,23.804801333450886,-1.8282942271752078,-1.8282942271752078,-1.8282942271752078,0.3667490234020152,0.3667490234020152,0.3667490234020152,-2.195043250577223,-2.195043250577223,-2.195043250577223,0.0,0.0,0.0,21.97650710627568
2022-09-20,23.804574122155085,14.75174820408862,27.46946176680954,23.804574122155085,23.804574122155085,-2.833352881833216,-2.833352881833216,-2.833352881833216,-0.5519292038359191,-0.5519292038359191,-0.5519292038359191,-2.2814236779972967,-2.2814236779972967,-2.2814236779972967,0.0,0.0,0.0,20.971221240321867
2022-09-21,23.804346910859284,15.901221933644644,28.374108208871565,23.804346910859284,23.804346910859284,-1.9684954939592572,-1.9684954939592572,-1.9684954939592572,0.3667812482233836,0.3667812482233836,0.3667812482233836,-2.3352767421826406,-2.3352767421826406,-2.3352767421826406,0.0,0.0,0.0,21.835851416900027
2022-09-22,23.804119699563483,15.099006788756213,27.87834134682074,23.804119699563483,23.804119699563483,-2.4164048612413347,-2.4164048612413347,-2.4164048612413347,-0.06047854999847294,-0.06047854999847294,-0.06047854999847294,-2.3559263112428614,-2.3559263112428614,-2.3559263112428614,0.0,0.0,0.0,21.387714838322147
2022-09-23,23.803892488267685,14.92183116711266,27.066246452331253,23.803892488267685,23.803892488267685,-2.8034297672038475,-2.8034297672038475,-2.8034297672038475,-0.46011495202349156,-0.46011495202349156,-0.46011495202349156,-2.343314815180356,-2.343314815180356,-2.343314815180356,0.0,0.0,0.0,21.000462721063837
2022-09-24,23.80366527697188,15.345972178493627,27.645847768935102,23.80366527697188,23.80366527697188,-2.236603809703693,-2.236603809703693,-2.236603809703693,0.06142651573334408,0.06142651573334408,0.06142651573334408,-2.2980303254370376,-2.2980303254370376,-2.2980303254370376,0.0,0.0,0.0,21.56706146726819
2022-09-25,23.80343806567608,15.1899794243961,28.640071946792677,23.80343806567608,23.80343806567608,-1.9437546093999174,-1.9437546093999174,-1.9437546093999174,0.27756591849999546,0.27756591849999546,0.27756591849999546,-2.221320527899913,-2.221320527899913,-2.221320527899913,0.0,0.0,0.0,21.859683456276162
2022-09-26,23.80321085438028,15.769633284468012,28.79226241990202,23.80321085438028,23.80321085438028,-1.748343797664954,-1.748343797664954,-1.748343797664954,0.3667490234016074,0.3667490234016074,0.3667490234016074,-2.115092821066561,-2.115092821066561,-2.115092821066561,0.0,0.0,0.0,22.054867056715324
2022-09-27,23.80298364308448,14.690159234336098,27.227873950307472,23.80298364308448,23.80298364308448,-2.533829271144122,-2.533829271144122,-2.533829271144122,-0.5519292038362068,-0.5519292038362068,-0.5519292038362068,-1.9819000673079155,-1.9819000673079155,-1.9819000673079155,0.0,0.0,0.0,21.26915437194036
2022-10-01,23.802074797901277,16.272384701484874,28.584718914501106,23.802074797901277,23.802074797901277,-1.189694058633287,-1.189694058633287,-1.189694058633287,0.06142651573625038,0.06142651573625038,0.06142651573625038,-1.2511205743695375,-1.2511205743695375,-1.2511205743695375,0.0,0.0,0.0,22.61238073926799
2022-10-02,23.801847586605476,16.632094916723098,29.209400261134768,23.801847586605476,23.801847586605476,-0.763623589836575,-0.763623589836575,-0.763623589836575,0.2775659184984755,0.2775659184984755,0.2775659184984755,-1.0411895083350504,-1.0411895083350504,-1.0411895083350504,0.0,0.0,0.0,23.038223996768902
2022-10-03,23.801620375309675,17.313631231273177,29.0632869469148,23.801620375309675,23.801620375309675,-0.46384226644460097,-0.46384226644460097,-0.46384226644460097,0.3667490234007651,0.3667490234007651,0.3667490234007651,-0.830591289845366,-0.830591289845366,-0.830591289845366,0.0,0.0,0.0,23.337778108865074
2022-10-04,23.801393164013874,15.939358676232176,28.28423518827647,23.801393164013874,23.801393164013874,-1.1767742096674465,-1.1767742096674465,-1.1767742096674465,-0.5519292038359868,-0.5519292038359868,-0.5519292038359868,-0.6248450058314596,-0.6248450058314596,-0.6248450058314596,0.0,0.0,0.0,22.624618954346428
2022-10-05,23.801165952718073,17.533290741392012,30.305340981404076,23.801165952718073,23.801165952718073,-0.06275497668467425,-0.06275497668467425,-0.06275497668467425,0.36678124822177766,0.36678124822177766,0.36678124822177766,-0.4295362249064519,-0.4295362249064519,-0.4295362249064519,0.0,0.0,0.0,23.7384109760334
2022-10-06,23.80093874142227,17.325413594121088,29.849872645719994,23.80093874142227,23.80093874142227,-0.31068459960796,-0.31068459960796,-0.31068459960796,-0.06047855000031049,-0.06047855000031049,-0.06047855000031049,-0.2502060496076496,-0.2502060496076496,-0.2502060496076496,0.0,0.0,0.0,23.49025414181431
2022-10-07,23.80071153012647,16.809808316318552,29.489677979429928,23.80071153012647,23.80071153012647,-0.5523533269469706,-0.5523533269469706,-0.5523533269469706,-0.46011495202398234,-0.46011495202398234,-0.46011495202398234,-0.09223837492298825,-0.09223837492298825,-0.09223837492298825,0.0,0.0,0.0,23.2483582031795
2022-10-08,23.80048431883067,17.1079595364259,30.066085699986857,23.80048431883067,23.80048431883067,0.10067865115229661,0.10067865115229661,0.10067865115229661,0.061426515735374686,0.061426515735374686,0.061426515735374686,0.039252135416921935,0.039252135416921935,0.039252135416921935,0.0,0.0,0.0,23.901162969982966
2022-10-09,23.800257107534872,18.144889206739954,29.850582042286952,23.800257107534872,23.800257107534872,0.4170947120617691,0.4170947120617691,0.4170947120617691,0.27756591849953666,0.27756591849953666,0.27756591849953666,0.13952879356223247,0.13952879356223247,0.13952879356223247,0.0,0.0,0.0,24.21735181959664
2022-10-10,23.80002989623907,18.16928312772205,30.499677007572448,23.80002989623907,23.80002989623907,0.5710848259683994,0.5710848259683994,0.5710848259683994,0.36674902340035737,0.36674902340035737,0.36674902340035737,0.20433580256804199,0.20433580256804199,0.20433580256804199,0.0,0.0,0.0,24.37111472220747
2022-10-11,23.799802684943266,17.00657490545458,29.782202586307722,23.799802684943266,23.799802684943266,-0.32193633983072506,-0.32193633983072506,-0.32193633983072506,-0.5519292038363418,-0.5519292038363418,-0.5519292038363418,0.22999286400561672,0.22999286400561672,0.22999286400561672,0.0,0.0,0.0,23.477866345112542
2022-10-12,23.799575473647465,18.110858630501486,30.417133372709667,23.799575473647465,23.799575473647465,0.5802603831710919,0.5802603831710919,0.5802603831710919,0.36678124822175323,0.36678124822175323,0.36678124822175323,0.21347913494933865,0.21347913494933865,0.21347913494933865,0.0,0.0,0.0,24.379835856818556
2022-10-13,23.799348262351668,17.912061889716426,30.530610574142003,23.799348262351668,23.799348262351668,0.0920258358530553,0.0920258358530553,0.0920258358530553,-0.06047854999834402,-0.06047854999834402,-0.06047854999834402,0.1525043858513993,0.1525043858513993,0.1525043858513993,0.0,0.0,0.0,23.89137409820472
2022-10-14,23.799121051055867,17.328570207315565,30.15065116779137,23.799121051055867,23.799121051055867,-0.4145494896069901,-0.4145494896069901,-0.4145494896069901,-0.4601149520224822,-0.4601149520224822,-0.4601149520224822,0.04556546241549205,0.04556546241549205,0.04556546241549205,0.0,0.0,0.0,23.384571561448876
2022-10-15,23.798893839760066,17.24456718166826,29.83786889086571,23.798893839760066,23.798893839760066,-0.04658702600919706,-0.04658702600919706,-0.04658702600919706,0.06142651573505998,0.06142651573505998,0.06142651573505998,-0.10801354174425704,-0.10801354174425704,-0.10801354174425704,0.0,0.0,0.0,23.75230681375087
2022-10-16,23.798666628464265,17.791085285462124,29.767926377998734,23.798666628464265,23.798666628464265,-0.030492726865023103,-0.030492726865023103,-0.030492726865023103,0.2775659184989525,0.2775659184989525,0.2775659184989525,-0.3080586453639756,-0.3080586453639756,-0.3080586453639756,0.0,0.0,0.0,23.76817390159924
2022-10-17,23.798439417168463,17.427176489071634,29.664865742234053,23.798439417168463,23.798439417168463,-0.18679270524773894,-0.18679270524773894,-0.18679270524773894,0.36674902339951504,0.36674902339951504,0.36674902339951504,-0.5535417286472539,-0.5535417286472539,-0.5535417286472539,0.0,0.0,0.0,23.611646711920724
2022-10-18,23.798212205872662,15.781285325718217,28.305790077779836,23.798212205872662,23.798212205872662,-1.3945243137035566,-1.3945243137035566,-1.3945243137035566,-0.5519292038361219,-0.5519292038361219,-0.5519292038361219,-0.8425951098674348,-0.8425951098674348,-0.8425951098674348,0.0,0.0,0.0,22.403687892169106
2022-10-19,23.79798499457686,16.7732805909407,28.772904225329786,23.79798499457686,23.79798499457686,-0.8057637026608735,-0.8057637026608735,-0.8057637026608735,0.3667812482217289,0.3667812482217289,0.3667812482217289,-1.1725449508826025,-1.1725449508826025,-1.1725449508826025,0.0,0.0,0.0,22.99222129191599
2022-10-20,23.79775778328106,15.978179476445801,28.800884826336805,23.79775778328106,23.79775778328106,-1.6004415963269174,-1.6004415963269174,-1.6004415963269174,-0.06047855000022455,-0.06047855000022455,-0.06047855000022455,-1.5399630463266927,-1.5399630463266927,-1.5399630463266927,0.0,0.0,0.0,22.197316186954144
2022-10-21,23.797530571985263,15.510509155122262,27.818038445565946,23.797530571985263,23.797530571985263,-2.4008510579782714,-2.4008510579782714,-2.4008510579782714,-0.46011495202309893,-0.46011495202309893,-0.46011495202309893,-1.9407361059551724,-1.9407361059551724,-1.9407361059551724,0.0,0.0,0.0,21.39667951400699
2022-10-22,23.797303360689458,15.70754863642828,27.46870646697444,23.797303360689458,23.797303360689458,-2.308724691125303,-2.308724691125303,-2.308724691125303,0.06142651573418433,0.06142651573418433,0.06142651573418433,-2.3701512068594877,-2.3701512068594877,-2.3701512068594877,0.0,0.0,0.0,21.488578669564156
2022-10-23,23.797076149393657,15.267968415038506,27.69855279798754,23.797076149393657,23.797076149393657,-2.545429764436788,-2.545429764436788,-2.545429764436788,0.2775659184987231,0.2775659184987231,0.2775659184987231,-2.822995682935511,-2.822995682935511,-2.822995682935511,0.0,0.0,0.0,21.25164638495687
2022-10-24,23.796848938097856,14.871629945156823,26.917974801978808,23.796848938097856,23.796848938097856,-2.9269203203890544,-2.9269203203890544,-2.9269203203890544,0.36674902339954185,0.36674902339954185,0.36674902339954185,-3.2936693437885958,-3.2936693437885958,-3.2936693437885958,0.0,0.0,0.0,20.8699286177088
2022-10-25,23.79662172680206,13.165854715751992,25.690103774830856,23.79662172680206,23.79662172680206,-4.328235788083329,-4.328235788083329,-4.328235788083329,-0.5519292038364095,-0.5519292038364095,-0.5519292038364095,-3.7763065842469192,-3.7763065842469192,-3.7763065842469192,0.0,0.0,0.0,19.46838593871873
2022-10-26,23.796394515506258,13.725297653695886,25.848997468527255,23.796394515506258,23.796394515506258,-3.8981244195139637,-3.8981244195139637,-3.8981244195139637,0.3667812482230537,0.3667812482230537,0.3667812482230537,-4.264905667737017,-4.264905667737017,-4.264905667737017,0.0,0.0,0.0,19.898270095992295
2022-10-27,23.796167304210456,12.807219846611696,25.282654697558492,23.796167304210456,23.796167304210456,-4.813940800084878,-4.813940800084878,-4.813940800084878,-0.06047854999800677,-0.06047854999800677,-0.06047854999800677,-4.753462250086871,-4.753462250086871,-4.753462250086871,0.0,0.0,0.0,18.982226504125578
2022-11-01,23.79503124773145,10.069069677556092,22.646972579185167,23.79503124773145,23.79503124773145,-7.553891072657391,-7.553891072657391,-7.553891072657391,-0.551929203836257,-0.551929203836257,-0.551929203836257,-7.001961868821134,-7.001961868821134,-7.001961868821134,0.0,0.0,0.0,16.241140175074058
2022-11-02,23.794804036435654,10.04571629433651,22.73087831991477,23.794804036435654,23.794804036435654,-7.013700697699243,-7.013700697699243,-7.013700697699243,0.3667812482243784,0.3667812482243784,0.3667812482243784,-7.380481945923621,-7.380481945923621,-7.380481945923621,0.0,0.0,0.0,16.78110333873641
2022-11-03,23.79457682513985,9.888295478599122,21.87254227243151,23.79457682513985,23.79457682513985,-7.7880067739983,-7.7880067739983,-7.7880067739983,-0.06047854999796379,-0.06047854999796379,-0.06047854999796379,-7.727528224000335,-7.727528224000335,-7.727528224000335,0.0,0.0,0.0,16.006570051141548
2022-11-04,23.794349613844048,9.024178585580888,21.95046384050163,23.794349613844048,23.794349613844048,-8.50148870140555,-8.50148870140555,-8.50148870140555,-0.4601149520243325,-0.4601149520243325,-0.4601149520243325,-8.04137374938122,-8.04137374938122,-8.04137374938122,0.0,0.0,0.0,15.292860912438497
2022-11-05,23.794122402548247,9.328689672732802,22.05852833105382,23.794122402548247,23.794122402548247,-8.259756100692913,-8.259756100692913,-8.259756100692913,0.06142651573621491,0.06142651573621491,0.06142651573621491,-8.321182616429127,-8.321182616429127,-8.321182616429127,0.0,0.0,0.0,15.534366301855334
2022-11-06,23.79389519125245,9.043791501685876,21.759630555572453,23.79389519125245,23.79389519125245,-8.289462549655648,-8.289462549655648,-8.289462549655648,0.277565918499555,0.277565918499555,0.277565918499555,-8.567028468155202,-8.567028468155202,-8.567028468155202,0.0,0.0,0.0,15.504432641596802
2022-11-07,23.79366797995665,9.096344533048264,21.764165679654724,23.79366797995665,23.79366797995665,-8.413142160891496,-8.413142160891496,-8.413142160891496,0.3667490234010823,0.3667490234010823,0.3667490234010823,-8.779891184292577,-8.779891184292577,-8.779891184292577,0.0,0.0,0.0,15.380525819065152
2022-11-08,23.793440768660847,7.9906824291371725,20.514768601385086,23.793440768660847,23.793440768660847,-9.513560804301514,-9.513560804301514,-9.513560804301514,-0.5519292038365445,-0.5519292038365445,-0.5519292038365445,-8.961631600464969,-8.961631600464969,-8.961631600464969,0.0,0.0,0.0,14.279879964359333
2022-11-09,23.793213557365043,8.514825314812782,21.96908264946822,23.793213557365043,23.793213557365043,-8.748163383639062,-8.748163383639062,-8.748163383639062,0.36678124822435404,0.36678124822435404,0.36678124822435404,-9.114944631863414,-9.114944631863414,-9.114944631863414,0.0,0.0,0.0,15.045050173725981
2022-11-10,23.792986346069245,8.4703363226443,20.43350770893046,23.792986346069245,23.792986346069245,-9.303770252339953,-9.303770252339953,-9.303770252339953,-0.06047854999792078,-0.06047854999792078,-0.06047854999792078,-9.243291702342033,-9.243291702342033,-9.243291702342033,0.0,0.0,0.0,14.489216093729292
2022-11-11,23.792759134773444,7.462133158885802,20.063602195189798,23.792759134773444,23.792759134773444,-9.810928843832622,-9.810928843832622,-9.810928843832622,-0.46011495202283226,-0.46011495202283226,-0.46011495202283226,-9.35081389180979,-9.35081389180979,-9.35081389180979,0.0,0.0,0.0,13.981830290940822
2022-11-12,23.792531923477643,8.281492016810505,20.50643893836961,23.792531923477643,23.792531923477643,-9.380801182578569,-9.380801182578569,-9.380801182578569,0.06142651573400925,0.06142651573400925,0.06142651573400925,-9.442227698312578,-9.442227698312578,-9.442227698312578,0.0,0.0,0.0,14.411730740899074
2022-11-13,23.792304712181842,8.120202526783283,20.915398646685574,23.792304712181842,23.792304712181842,-9.245139835508152,-9.245139835508152,-9.245139835508152,0.27756591850061624,0.27756591850061624,0.27756591850061624,-9.522705754008767,-9.522705754008767,-9.522705754008767,0.0,0.0,0.0,14.54716487667369
2022-11-14,23.79207750088604,8.694667641467118,20.488235574003138,23.79207750088604,23.79207750088604,-9.230996201311527,-9.230996201311527,-9.230996201311527,0.36674902340067456,0.36674902340067456,0.36674902340067456,-9.5977452247122,-9.5977452247122,-9.5977452247122,0.0,0.0,0.0,14.561081299574514
2022-11-15,23.79185028959024,7.097142513664126,19.865634865347015,23.79185028959024,23.79185028959024,-10.22495615444463,-10.22495615444463,-10.22495615444463,-0.551929203835817,-0.551929203835817,-0.551929203835817,-9.673026950608813,-9.673026950608813,-9.673026950608813,0.0,0.0,0.0,13.56689413514561
2022-11-16,23.79162307848425,8.235132950049543,20.637077940828878,23.79162307848425,23.79162307848425,-9.387487394020873,-9.387487394020873,-9.387487394020873,0.36678124822432967,0.36678124822432967,0.36678124822432967,-9.7542686422452,-9.7542686422452,-9.7542686422452,0.0,0.0,0.0,14.404135684463377
2022-11-17,23.791395867378263,7.836977810964687,19.78057745551904,23.791395867378263,23.791395867378263,-9.907554173774244,-9.907554173774244,-9.907554173774244,-0.06047854999980131,-0.06047854999980131,-0.06047854999980131,-9.847075623774444,-9.847075623774444,-9.847075623774444,0.0,0.0,0.0,13.883841693604019
2022-11-18,23.791168656272273,6.599503155353992,19.639703990908764,23.791168656272273,23.791168656272273,-10.416907661547798,-10.416907661547798,-10.416907661547798,-0.46011495202482317,-0.46011495202482317,-0.46011495202482317,-9.956792709522974,-9.956792709522974,-9.956792709522974,0.0,0.0,0.0,13.374260994724475
2022-11-19,23.790941445166283,7.676162049021316,20.287886463586492,23.790941445166283,23.790941445166283,-10.026934291219282,-10.026934291219282,-10.026934291219282,0.06142651573313358,0.06142651573313358,0.06142651573313358,-10.088360806952418,-10.088360806952418,-10.088360806952418,0.0,0.0,0.0,13.764007153947
2022-11-20,23.790714234060292,7.296548390657714,20.091006471513033,23.790714234060292,23.790714234060292,-9.968615839544269,-9.968615839544269,-9.968615839544269,0.27756591850038687,0.27756591850038687,0.27756591850038687,-10.246181758044656,-10.246181758044656,-10.246181758044656,0.0,0.0,0.0,13.822098394516024
2022-11-21,23.790487022954302,7.700172357266245,19.955001864205357,23.790487022954302,23.790487022954302,-10.067245739786017,-10.067245739786017,-10.067245739786017,0.3667490234002667,0.3667490234002667,0.3667490234002667,-10.433994763186282,-10.433994763186282,-10.433994763186282,0.0,0.0,0.0,13.723241283168285
2022-11-22,23.790259811848316,5.808403627218891,18.827897459080813,23.790259811848316,23.790259811848316,-11.206696683966667,-11.206696683966667,-11.206696683966667,-0.5519292038361047,-0.5519292038361047,-0.5519292038361047,-10.654767480130563,-10.654767480130563,-10.654767480130563,0.0,0.0,0.0,12.583563127881648
2022-11-23,23.79003260074233,7.23131606838842,19.382709887899946,23.79003260074233,23.79003260074233,-10.543823312862179,-10.543823312862179,-10.543823312862179,0.3667812482227481,0.3667812482227481,0.3667812482227481,-10.910604561084927,-10.910604561084927,-10.910604561084927,0.0,0.0,0.0,13.24620928788015
2022-11-24,23.78980538963634,6.693233163742999,18.429146841176625,23.78980538963634,23.78980538963634,-11.263154540922192,-11.263154540922192,-11.263154540922192,-0.06047855000168181,-0.06047855000168181,-0.06047855000168181,-11.202675990920511,-11.202675990920511,-11.202675990920511,0.0,0.0,0.0,12.526650848714146
2022-11-25,23.78957817853035,5.574523880477318,18.04844653484142,23.78957817853035,23.78957817853035,-11.991282080316717,-11.991282080316717,-11.991282080316717,-0.46011495202332314,-0.46011495202332314,-0.46011495202332314,-11.531167128293392,-11.531167128293392,-11.531167128293392,0.0,0.0,0.0,11.798296098213632
2022-11-26,23.789350967424358,6.010930120991951,18.680681209339,23.789350967424358,23.789350967424358,-11.83382532430738,-11.83382532430738,-11.83382532430738,0.06142651573603986,0.06142651573603986,0.06142651573603986,-11.89525184004342,-11.89525184004342,-11.89525184004342,0.0,0.0,0.0,11.955525643116978
2022-11-27,23.78912375631837,5.726850953532,17.792325150047255,23.78912375631837,23.78912375631837,-12.015523651446493,-12.015523651446493,-12.015523651446493,0.2775659185001576,0.2775659185001576,0.2775659185001576,-12.29308956994665,-12.29308956994665,-12.29308956994665,0.0,0.0,0.0,11.773600104871878
2022-12-01,23.78821491189441,3.421005620100292,16.21094119247503,23.78821491189441,23.78821491189441,-14.211985462345273,-14.211985462345273,-14.211985462345273,-0.060478550001638855,-0.060478550001638855,-0.060478550001638855,-14.151506912343637,-14.151506912343637,-14.151506912343637,0.0,0.0,0.0,9.576229449549137
2022-12-02,23.787987700788424,2.486212041088601,15.29391258751547,23.787987700788424,23.787987700788424,-15.11790841971427,-15.11790841971427,-15.11790841971427,-0.46011495202393976,-0.46011495202393976,-0.46011495202393976,-14.65779346769033,-14.65779346769033,-14.65779346769033,0.0,0.0,0.0,8.670079281074154
2022-12-03,23.787760489682437,2.776514435801813,14.892473503003202,23.787760489682437,23.787760489682437,-15.10685767267477,-15.10685767267477,-15.10685767267477,0.06142651573516419,0.06142651573516419,0.06142651573516419,-15.168284188409933,-15.168284188409933,-15.168284188409933,0.0,0.0,0.0,8.680902817007667
2022-12-04,23.787533278576447,2.300097709950704,14.791419176216706,23.787533278576447,23.787533278576447,-15.398311502352197,-15.398311502352197,-15.398311502352197,0.2775659184995733,0.2775659184995733,0.2775659184995733,-15.675877420851771,-15.675877420851771,-15.675877420851771,0.0,0.0,0.0,8.38922177622425
2022-12-05,23.787306067470457,1.2796218273630802,14.505191159151165,23.787306067470457,23.787306067470457,-15.806459614559962,-15.806459614559962,-15.806459614559962,0.36674902340224175,0.36674902340224175,0.36674902340224175,-16.173208637962205,-16.173208637962205,-16.173208637962205,0.0,0.0,0.0,7.9808464529104945
2022-12-06,23.787078856364467,0.35094192639660693,13.169769978682872,23.787078856364467,23.787078856364467,-17.204738397419217,-17.204738397419217,-17.204738397419217,-0.5519292038361724,-0.5519292038361724,-0.5519292038361724,-16.652809193583042,-16.652809193583042,-16.652809193583042,0.0,0.0,0.0,6.58234045894525
2022-12-07,23.786851645258476,1.2802616378058145,13.601053364483844,23.786851645258476,23.786851645258476,-16.740487489044924,-16.740487489044924,-16.740487489044924,0.3667812482226993,0.3667812482226993,0.3667812482226993,-17.107268737267624,-17.107268737267624,-17.107268737267624,0.0,0.0,0.0,7.046364156213553
2022-12-08,23.78662443415249,-0.16431182572864578,12.225352647002037,23.78662443415249,23.78662443415249,-17.58987601199772,-17.58987601199772,-17.58987601199772,-0.06047855000159587,-0.06047855000159587,-0.06047855000159587,-17.529397461996123,-17.529397461996123,-17.529397461996123,0.0,0.0,0.0,6.196748422154769
2022-12-09,23.7863972230465,-0.9500314474099383,12.068742612027327,23.7863972230465,23.7863972230465,-18.372499299911283,-18.372499299911283,-18.372499299911283,-0.4601149520238139,-0.4601149520238139,-0.4601149520238139,-17.91238434788747,-17.91238434788747,-17.91238434788747,0.0,0.0,0.0,5.413897923135217
2022-12-10,23.78617001194051,-0.893193156210996,11.978716475819054,23.78617001194051,23.78617001194051,-18.188521134037853,-18.188521134037853,-18.188521134037853,0.06142651573617949,0.06142651573617949,0.06142651573617949,-18.249947649774032,-18.249947649774032,-18.249947649774032,0.0,0.0,0.0,5.597648877902657
2022-12-11,23.78594280083452,-0.8712354687711387,11.370418946433642,23.78594280083452,23.78594280083452,-18.258908134743045,-18.258908134743045,-18.258908134743045,0.27756591850063445,0.27756591850063445,0.27756591850063445,-18.536474053243676,-18.536474053243676,-18.536474053243676,0.0,0.0,0.0,5.527034666091474
2022-12-12,23.78571558972853,-1.1000467012551054,11.538507962738803,23.78571558972853,23.78571558972853,-18.400394165135044,-18.400394165135044,-18.400394165135044,0.3667490234013995,0.3667490234013995,0.3667490234013995,-18.767143188536444,-18.767143188536444,-18.767143188536444,0.0,0.0,0.0,5.385321424593485
2022-12-13,23.785488378622542,-1.8926080470880846,10.667129232962315,23.785488378622542,23.785488378622542,-19.489963741822105,-19.489963741822105,-19.489963741822105,-0.5519292038359526,-0.5519292038359526,-0.5519292038359526,-18.93803453798615,-18.93803453798615,-18.93803453798615,0.0,0.0,0.0,4.295524636800437
2022-12-14,23.785261167516556,-1.1797399086784408,10.959682516688238,23.785261167516556,23.785261167516556,-18.67943294398996,-18.67943294398996,-18.67943294398996,0.3667812482240241,0.3667812482240241,0.3667812482240241,-19.04621419221398,-19.04621419221398,-19.04621419221398,0.0,0.0,0.0,5.105828223526597
2022-12-15,23.785033956410565,-1.8765991226621548,11.034445880431193,23.785033956410565,23.785033956410565,-19.15027794266161,-19.15027794266161,-19.15027794266161,-0.06047854999745461,-0.06047854999745461,-0.06047854999745461,-19.08979939266416,-19.08979939266416,-19.08979939266416,0.0,0.0,0.0,4.634756013748955
2022-12-16,23.784806745304575,-1.3006030835953797,10.717639130718078,23.784806745304575,23.784806745304575,-19.528114283450034,-19.528114283450034,-19.528114283450034,-0.4601149520244306,-0.4601149520244306,-0.4601149520244306,-19.067999331425604,-19.067999331425604,-19.067999331425604,0.0,0.0,0.0,4.256692461854541
2022-12-17,23.784579534198585,-1.236871094084558,11.26257958898734,23.784579534198585,23.784579534198585,-18.919704734730292,-18.919704734730292,-18.919704734730292,0.06142651573530382,0.06142651573530382,0.06142651573530382,-18.981131250465598,-18.981131250465598,-18.981131250465598,0.0,0.0,0.0,4.864874799468293
2022-12-18,23.784352323092598,-0.9308643577455433,11.328056665949507,23.784352323092598,23.784352323092598,-18.55304555871473,-18.55304555871473,-18.55304555871473,0.27756591849911466,0.27756591849911466,0.27756591849911466,-18.830611477213843,-18.830611477213843,-18.830611477213843,0.0,0.0,0.0,5.2313067643778695
2022-12-19,23.784125111986608,-0.7995437792312768,11.730841632591764,23.784125111986608,23.784125111986608,-18.252172613740708,-18.252172613740708,-18.252172613740708,0.3667490234014262,0.3667490234014262,0.3667490234014262,-18.618921637142133,-18.618921637142133,-18.618921637142133,0.0,0.0,0.0,5.5319524982459
2022-12-20,23.783897900880618,-1.435634029226215,11.528171115234585,23.783897900880618,23.783897900880618,-18.90148008540262,-18.90148008540262,-18.90148008540262,-0.5519292038363074,-0.5519292038363074,-0.5519292038363074,-18.349550881566316,-18.349550881566316,-18.349550881566316,0.0,0.0,0.0,4.8824178154779965
2022-12-21,23.783670689774628,-0.27131594721118457,12.21001677738924,23.783670689774628,23.783670689774628,-17.660134297318304,-17.660134297318304,-17.660134297318304,0.36678124822399977,0.36678124822399977,0.36678124822399977,-18.026915545542305,-18.026915545542305,-18.026915545542305,0.0,0.0,0.0,6.123536392456323
2022-12-22,23.783443478668637,0.0946774493538078,12.246211284140795,23.783443478668637,23.783443478668637,-17.71673674206858,-17.71673674206858,-17.71673674206858,-0.060478549999335135,-0.060478549999335135,-0.060478549999335135,-17.656258192069245,-17.656258192069245,-17.656258192069245,0.0,0.0,0.0,6.066706736600057
2022-12-23,23.78321626756265,0.1263981455196726,12.254354591510088,23.78321626756265,23.78321626756265,-17.703643443488485,-17.703643443488485,-17.703643443488485,-0.46011495202293046,-0.46011495202293046,-0.46011495202293046,-17.243528491465554,-17.243528491465554,-17.243528491465554,0.0,0.0,0.0,6.079572824074166
2022-12-24,23.78298905645666,0.6282701476142473,13.027688204538062,23.78298905645666,23.78298905645666,-16.73382230082625,-16.73382230082625,-16.73382230082625,0.06142651573631914,0.06142651573631914,0.06142651573631914,-16.79524881656257,-16.79524881656257,-16.79524881656257,0.0,0.0,0.0,7.049166755630409
2022-12-25,23.782761845350674,1.5535497931490512,14.154910449564357,23.782761845350674,23.782761845350674,-16.040801876040188,-16.040801876040188,-16.040801876040188,0.27756591850017576,0.27756591850017576,0.27756591850017576,-16.318367794540364,-16.318367794540364,-16.318367794540364,0.0,0.0,0.0,7.741959969310486
2022-12-26,23.782534634244684,1.966897789698654,14.393921448550977,23.782534634244684,23.782534634244684,-15.453356312716606,-15.453356312716606,-15.453356312716606,0.3667490234005839,0.3667490234005839,0.3667490234005839,-15.820105336117189,-15.820105336117189,-15.820105336117189,0.0,0.0,0.0,8.329178321528078
2022-12-27,23.782307423138693,1.608811596923828,14.037359022383939,23.782307423138693,23.782307423138693,-15.85972205927187,-15.85972205927187,-15.85972205927187,-0.5519292038360876,-0.5519292038360876,-0.5519292038360876,-15.307792855435784,-15.307792855435784,-15.307792855435784,0.0,0.0,0.0,7.922585363866823
2023-01-01,23.781171367608746,5.5394643892701785,17.432034808048765,23.781171367608746,23.781171367608746,-12.502431415486628,-12.502431415486628,-12.502431415486628,0.27756591849830103,0.27756591849830103,0.27756591849830103,-12.779997333984928,-12.779997333984928,-12.779997333984928,0.0,0.0,0.0,11.278739952122118
2023-01-02,23.780944156502756,5.7064770466063,18.047944294738233,23.780944156502756,23.780944156502756,-11.95724450753929,-11.95724450753929,-11.95724450753929,0.36674902339974164,0.36674902339974164,0.36674902339974164,-12.323993530939031,-12.323993530939031,-12.323993530939031,0.0,0.0,0.0,11.823699648963466
2023-01-03,23.78071694539677,4.946442278577289,17.26505051194347,23.78071694539677,23.78071694539677,-12.44761437337301,-12.44761437337301,-12.44761437337301,-0.5519292038363751,-0.5519292038363751,-0.5519292038363751,-11.895685169536636,-11.895685169536636,-11.895685169536636,0.0,0.0,0.0,11.333102572023758
2023-01-04,23.780489734290782,6.204045172717161,18.554112523754092,23.780489734290782,23.780489734290782,-11.131404967003743,-11.131404967003743,-11.131404967003743,0.3667812482253001,0.3667812482253001,0.3667812482253001,-11.498186215229042,-11.498186215229042,-11.498186215229042,0.0,0.0,0.0,12.64908476728704
2023-01-05,23.780262523184792,6.333269457957962,18.927693766036565,23.780262523184792,23.780262523184792,-11.194136388386188,-11.194136388386188,-11.194136388386188,-0.060478549998997815,-0.060478549998997815,-0.060478549998997815,-11.13365783838719,-11.13365783838719,-11.13365783838719,0.0,0.0,0.0,12.586126134798604
2023-01-06,23.7800353120788,6.065526313908843,18.59091022823012,23.7800353120788,23.7800353120788,-11.263397590834897,-11.263397590834897,-11.263397590834897,-0.4601149520241639,-0.4601149520241639,-0.4601149520241639,-10.803282638810733,-10.803282638810733,-10.803282638810733,0.0,0.0,0.0,12.516637721243905
2023-01-07,23.77980810097281,6.842180565072884,19.28427911100711,23.77980810097281,23.77980810097281,-10.445836193179577,-10.445836193179577,-10.445836193179577,0.06142651573512873,0.06142651573512873,0.06142651573512873,-10.507262708914707,-10.507262708914707,-10.507262708914707,0.0,0.0,0.0,13.333971907793234
2023-01-08,23.779580889866825,8.009507574352694,20.13118227965771,23.779580889866825,23.779580889866825,-9.967275427580395,-9.967275427580395,-9.967275427580395,0.27756591849936224,0.27756591849936224,0.27756591849936224,-10.244841346079758,-10.244841346079758,-10.244841346079758,0.0,0.0,0.0,13.81230546228643
2023-01-09,23.779353678760835,7.949366025845924,20.156994406388687,23.779353678760835,23.779353678760835,-9.647598625498077,-9.647598625498077,-9.647598625498077,0.36674902339933385,0.36674902339933385,0.36674902339933385,-10.01434764889741,-10.01434764889741,-10.01434764889741,0.0,0.0,0.0,14.131755053262758
2023-01-10,23.779126467654844,7.038704065608252,19.89144106734958,23.779126467654844,23.779126467654844,-10.365191883252914,-10.365191883252914,-10.365191883252914,-0.5519292038356477,-0.5519292038356477,-0.5519292038356477,-9.813262679417265,-9.813262679417265,-9.813262679417265,0.0,0.0,0.0,13.41393458440193
2023-01-11,23.778899256548854,8.72696269734397,20.43450646613527,23.778899256548854,23.778899256548854,-9.271524109278563,-9.271524109278563,-9.271524109278563,0.36678124822236946,0.36678124822236946,0.36678124822236946,-9.638305357500931,-9.638305357500931,-9.638305357500931,0.0,0.0,0.0,14.507375147270292
2023-01-12,23.778672045442864,7.980448217798023,19.975624782359517,23.778672045442864,23.778672045442864,-9.546014336880575,-9.546014336880575,-9.546014336880575,-0.060478549997031346,-0.060478549997031346,-0.060478549997031346,-9.485535786883544,-9.485535786883544,-9.485535786883544,0.0,0.0,0.0,14.23265770856229
2023-01-13,23.778444834336877,7.9654136652924,20.32522796349656,23.778444834336877,23.778444834336877,-9.810588258630103,-9.810588258630103,-9.810588258630103,-0.4601149520226638,-0.4601149520226638,-0.4601149520226638,-9.350473306607439,-9.350473306607439,-9.350473306607439,0.0,0.0,0.0,13.967856575706774
2023-01-14,23.778217623089045,7.859868002850798,20.874306672867778,23.778217623089045,23.778217623089045,-9.166799710282058,-9.166799710282058,-9.166799710282058,0.06142651573425306,0.06142651573425306,0.06142651573425306,-9.22822622601631,-9.22822622601631,-9.22822622601631,0.0,0.0,0.0,14.611417912806987
2023-01-15,23.777990411841216,9.101867269981812,21.07487185765483,23.777990411841216,23.777990411841216,-8.836064025737707,-8.836064025737707,-8.836064025737707,0.2775659184991329,0.2775659184991329,0.2775659184991329,-9.113629944236841,-9.113629944236841,-9.113629944236841,0.0,0.0,0.0,14.941926386103509
2023-01-16,23.777763200593384,8.637856899752052,21.025665000561613,23.777763200593384,23.777763200593384,-8.634640958412762,-8.634640958412762,-8.634640958412762,0.36674902340128207,0.36674902340128207,0.36674902340128207,-9.001389981814043,-9.001389981814043,-9.001389981814043,0.0,0.0,0.0,15.143122242180622
2023-01-17,23.77753598934556,7.893254819803933,20.565710148911112,23.77753598934556,23.77753598934556,-9.438155570434493,-9.438155570434493,-9.438155570434493,-0.5519292038359352,-0.5519292038359352,-0.5519292038359352,-8.886226366598557,-8.886226366598557,-8.886226366598557,0.0,0.0,0.0,14.339380418911066
2023-01-18,23.77730877809773,8.961354982584975,20.965589234877534,23.77730877809773,23.77730877809773,-8.396234571189769,-8.396234571189769,-8.396234571189769,0.36678124822234504,0.36678124822234504,0.36678124822234504,-8.763015819412113,-8.763015819412113,-8.763015819412113,0.0,0.0,0.0,15.381074206907961
2023-01-19,23.777081566849898,8.818742761861998,20.9033307031686,23.777081566849898,23.777081566849898,-8.687406826607864,-8.687406826607864,-8.687406826607864,-0.060478549998911876,-0.060478549998911876,-0.060478549998911876,-8.626928276608952,-8.626928276608952,-8.626928276608952,0.0,0.0,0.0,15.089674740242033
2023-01-20,23.77685435560207,8.084837178163339,21.110447477041966,23.77685435560207,23.77685435560207,-8.933669415212009,-8.933669415212009,-8.933669415212009,-0.4601149520232805,-0.4601149520232805,-0.4601149520232805,-8.473554463188728,-8.473554463188728,-8.473554463188728,0.0,0.0,0.0,14.84318494039006
2023-01-21,23.776627144354244,9.0952208410924,22.077552191757647,23.776627144354244,23.776627144354244,-8.237594970684583,-8.237594970684583,-8.237594970684583,0.06142651573715938,0.06142651573715938,0.06142651573715938,-8.299021486421744,-8.299021486421744,-8.299021486421744,0.0,0.0,0.0,15.53903217366966
2023-01-22,23.77639993310641,9.996513340557776,22.34723937274924,23.77639993310641,23.77639993310641,-7.822527830239527,-7.822527830239527,-7.822527830239527,0.27756591849890355,0.27756591849890355,0.27756591849890355,-8.10009374873843,-8.10009374873843,-8.10009374873843,0.0,0.0,0.0,15.953872102866885
2023-01-23,23.776172721858583,10.296951409531692,22.534959383235456,23.776172721858583,23.776172721858583,-7.507507847473682,-7.507507847473682,-7.507507847473682,0.3667490234013088,0.3667490234013088,0.3667490234013088,-7.874256870874991,-7.874256870874991,-7.874256870874991,0.0,0.0,0.0,16.2686648743849
2023-01-24,23.775945510610754,9.391861967841962,21.611775212642602,23.775945510610754,23.775945510610754,-8.171711965308518,-8.171711965308518,-8.171711965308518,-0.5519292038362229,-0.5519292038362229,-0.5519292038362229,-7.619782761472294,-7.619782761472294,-7.619782761472294,0.0,0.0,0.0,15.604233545302236
2023-01-25,23.775718299362925,10.396377389938952,23.4548126013887,23.775718299362925,23.775718299362925,-6.968993207418235,-6.968993207418235,-6.968993207418235,0.3667812482236698,0.3667812482236698,0.3667812482236698,-7.3357744556419044,-7.3357744556419044,-7.3357744556419044,0.0,0.0,0.0,16.806725091944692
2023-01-26,23.775491088115096,10.628146584810242,23.384135162976985,23.775491088115096,23.775491088115096,-7.0826684098104264,-7.0826684098104264,-7.0826684098104264,-0.06047854999886889,-0.06047854999886889,-0.06047854999886889,-7.022189859811558,-7.022189859811558,-7.022189859811558,0.0,0.0,0.0,16.69282267830467
2023-01-27,23.775263876867264,10.309215288672734,23.128225048363486,23.775263876867264,23.775263876867264,-7.139959022097531,-7.139959022097531,-7.139959022097531,-0.4601149520210377,-0.4601149520210377,-0.4601149520210377,-6.679844070076492,-6.679844070076492,-6.679844070076492,0.0,0.0,0.0,16.635304854769732
2023-02-01,23.77412782062812,13.65964049597956,25.79663126621246,23.77412782062812,23.77412782062812,-4.254390009650068,-4.254390009650068,-4.254390009650068,0.36678124822208824,0.36678124822208824,0.36678124822208824,-4.621171257872156,-4.621171257872156,-4.621171257872156,0.0,0.0,0.0,19.51973781097805
2023-02-02,23.77390060938029,13.475989812200517,25.563837539740984,23.77390060938029,23.77390060938029,-4.227007733162539,-4.227007733162539,-4.227007733162539,-0.06047854999882596,-0.06047854999882596,-0.06047854999882596,-4.166529183163713,-4.166529183163713,-4.166529183163713,0.0,0.0,0.0,19.546892876217754
2023-02-03,23.773673398132463,13.140509197024741,25.725808610101986,23.773673398132463,23.773673398132463,-4.168964863534842,-4.168964863534842,-4.168964863534842,-0.4601149520237713,-0.4601149520237713,-0.4601149520237713,-3.70884991151107,-3.70884991151107,-3.70884991151107,0.0,0.0,0.0,19.60470853459762
2023-02-04,23.773446186884634,14.907878358434708,26.558988546643306,23.773446186884634,23.773446186884634,-3.1921822761673933,-3.1921822761673933,-3.1921822761673933,0.06142651573596901,0.06142651573596901,0.06142651573596901,-3.2536087919033623,-3.2536087919033623,-3.2536087919033623,0.0,0.0,0.0,20.58126391071724
2023-02-05,23.773218975636805,14.682526324651167,27.898977739967428,23.773218975636805,23.773218975636805,-2.5288167718537022,-2.5288167718537022,-2.5288167718537022,0.27756591849973544,0.27756591849973544,0.27756591849973544,-2.806382690353438,-2.806382690353438,-2.806382690353438,0.0,0.0,0.0,21.244402203783103
2023-02-06,23.772991764388973,15.93780334352643,28.472055877205754,23.772991764388973,23.772991764388973,-2.0059725063428457,-2.0059725063428457,-2.0059725063428457,0.36674902340005877,0.36674902340005877,0.36674902340005877,-2.3727215297429045,-2.3727215297429045,-2.3727215297429045,0.0,0.0,0.0,21.767019258046126
2023-02-07,23.772764553141144,14.759658502090103,27.308684494072924,23.772764553141144,23.772764553141144,-2.5099508971175406,-2.5099508971175406,-2.5099508971175406,-0.5519292038368655,-0.5519292038368655,-0.5519292038368655,-1.9580216932806749,-1.9580216932806749,-1.9580216932806749,0.0,0.0,0.0,21.262813656023603
2023-02-08,23.77253734189332,16.31025807852342,29.202784709822843,23.77253734189332,23.77253734189332,-1.2006230581360486,-1.2006230581360486,-1.2006230581360486,0.36678124822341307,0.36678124822341307,0.36678124822341307,-1.5674043063594616,-1.5674043063594616,-1.5674043063594616,0.0,0.0,0.0,22.57191428375727
2023-02-09,23.772310130645486,15.794381784011572,29.106038595626725,23.772310130645486,23.772310130645486,-1.26607979066261,-1.26607979066261,-1.26607979066261,-0.06047854999878298,-0.06047854999878298,-0.06047854999878298,-1.205601240663827,-1.205601240663827,-1.205601240663827,0.0,0.0,0.0,22.506230339982878
2023-02-10,23.772082919397658,15.988139309004875,28.939217027296603,23.772082919397658,23.772082919397658,-1.3369663974268984,-1.3369663974268984,-1.3369663974268984,-0.46011495202227126,-0.46011495202227126,-0.46011495202227126,-0.8768514454046271,-0.8768514454046271,-0.8768514454046271,0.0,0.0,0.0,22.43511652197076
2023-02-11,23.77185570814983,16.79236322627634,29.136589449461102,23.77185570814983,23.77185570814983,-0.5233833950145382,-0.5233833950145382,-0.5233833950145382,0.061426515735093334,0.061426515735093334,0.061426515735093334,-0.5848099107496316,-0.5848099107496316,-0.5848099107496316,0.0,0.0,0.0,23.24847231313529
2023-02-12,23.771628496902,17.210353381923657,30.54555132530009,23.771628496902,23.771628496902,-0.0549052980568738,-0.0549052980568738,-0.0549052980568738,0.27756591849915113,0.27756591849915113,0.27756591849915113,-0.33247121655602496,-0.33247121655602496,-0.33247121655602496,0.0,0.0,0.0,23.716723198845127
2023-02-13,23.77140128565417,17.606779164460633,30.3881715971295,23.77140128565417,23.77140128565417,0.24463979811214753,0.24463979811214753,0.24463979811214753,0.366749023399651,0.366749023399651,0.366749023399651,-0.12210922528750345,-0.12210922528750345,-0.12210922528750345,0.0,0.0,0.0,24.016041083766318
2023-02-14,23.77117407440634,16.91127173191741,29.867002488734183,23.77117407440634,23.77117407440634,-0.5071632561276153,-0.5071632561276153,-0.5071632561276153,-0.5519292038356305,-0.5519292038356305,-0.5519292038356305,0.04476594770801524,0.04476594770801524,0.04476594770801524,0.0,0.0,0.0,23.264010818278724
2023-02-15,23.770946863158514,18.202606046989473,30.36999298323187,23.770946863158514,23.770946863158514,0.5342142472679924,0.5342142472679924,0.5342142472679924,0.36678124822203956,0.36678124822203956,0.36678124822203956,0.1674329990459529,0.1674329990459529,0.1674329990459529,0.0,0.0,0.0,24.305161110426507
2023-02-16,23.770719651910685,17.43204895616423,30.385685722796758,23.770719651910685,23.770719651910685,0.18548775372525134,0.18548775372525134,0.18548775372525134,-0.06047855000066348,-0.06047855000066348,-0.06047855000066348,0.24596630372591483,0.24596630372591483,0.24596630372591483,0.0,0.0,0.0,23.956207405635936
2023-02-17,23.770492440662853,17.675846684305764,29.916892969504733,23.770492440662853,23.770492440662853,-0.17889015204421338,-0.17889015204421338,-0.17889015204421338,-0.4601149520228879,-0.4601149520228879,-0.4601149520228879,0.28122479997867456,0.28122479997867456,0.28122479997867456,0.0,0.0,0.0,23.59160228861864
2023-02-18,23.770265229415024,18.054277899344044,30.40687490133181,23.770265229415024,23.770265229415024,0.33625006057198126,0.33625006057198126,0.33625006057198126,0.06142651573421769,0.06142651573421769,0.06142651573421769,0.27482354483776356,0.27482354483776356,0.27482354483776356,0.0,0.0,0.0,24.106515289987005
2023-02-19,23.7700380181672,18.058625338372035,30.56258902523459,23.7700380181672,23.7700380181672,0.5066549208239899,0.5066549208239899,0.5066549208239899,0.2775659185002124,0.2775659185002124,0.2775659185002124,0.22908900232377744,0.22908900232377744,0.22908900232377744,0.0,0.0,0.0,24.27669293899119
2023-02-20,23.769810806919367,18.411897618809636,30.209665847878153,23.769810806919367,23.769810806919367,0.5137485233149193,0.5137485233149193,0.5137485233149193,0.3667490233992432,0.3667490233992432,0.3667490233992432,0.14699949991567618,0.14699949991567618,0.14699949991567618,0.0,0.0,0.0,24.283559330234286
2023-02-21,23.769583595671538,16.497641289752366,29.033651240689476,23.769583595671538,23.769583595671538,-0.5198165857521647,-0.5198165857521647,-0.5198165857521647,-0.551929203835918,-0.551929203835918,-0.551929203835918,0.032112618083753375,0.032112618083753375,0.032112618083753375,0.0,0.0,0.0,23.249767009919374
2023-02-22,23.76935638442371,17.63962869864551,30.27630298116773,23.76935638442371,23.76935638442371,0.25526280281263924,0.25526280281263924,0.25526280281263924,0.36678124822336433,0.36678124822336433,0.36678124822336433,-0.111518445410725,-0.111518445410725,-0.111518445410725,0.0,0.0,0.0,24.024619187236347
2023-02-23,23.76912917317588,17.40273633839419,29.908029989899674,23.76912917317588,23.76912917317588,-0.3399158259902263,-0.3399158259902263,-0.3399158259902263,-0.06047854999844568,-0.06047854999844568,-0.06047854999844568,-0.2794372759917806,-0.2794372759917806,-0.2794372759917806,0.0,0.0,0.0,23.429213347185655
2023-02-24,23.76890196192805,16.56767307877461,29.099975274643167,23.76890196192805,23.76890196192805,-0.9269979428724542,-0.9269979428724542,-0.9269979428724542,-0.46011495202276204,-0.46011495202276204,-0.46011495202276204,-0.4668829908496923,-0.4668829908496923,-0.4668829908496923,0.0,0.0,0.0,22.841904019055598
2023-02-25,23.76867475068022,17.144689287266573,29.408396908338112,23.76867475068022,23.76867475068022,-0.6074663120918211,-0.6074663120918211,-0.6074663120918211,0.06142651573712394,0.06142651573712394,0.06142651573712394,-0.6688928278289451,-0.6688928278289451,-0.6688928278289451,0.0,0.0,0.0,23.1612084385884
2023-02-26,23.768447539432394,16.686127816435995,28.885579231222984,23.768447539432394,23.768447539432394,-0.6028401232351108,-0.6028401232351108,-0.6028401232351108,0.27756591849869255,0.27756591849869255,0.27756591849869255,-0.8804060417338034,-0.8804060417338034,-0.8804060417338034,0.0,0.0,0.0,23.165607416197282
2023-02-27,23.76822032818456,17.21148649785859,29.009397992528456,23.76822032818456,23.76822032818456,-0.7296175916941638,-0.7296175916941638,-0.7296175916941638,0.3667490233984008,0.3667490233984008,0.3667490233984008,-1.0963666150925646,-1.0963666150925646,-1.0963666150925646,0.0,0.0,0.0,23.038602736490397
2023-03-01,23.767765905688904,16.318682937807267,28.97469805603524,23.767765905688904,23.767765905688904,-1.1552371625328355,-1.1552371625328355,-1.1552371625328355,0.366781248224689,0.366781248224689,0.366781248224689,-1.5220184107575245,-1.5220184107575245,-1.5220184107575245,0.0,0.0,0.0,22.61252874315607
2023-03-02,23.767538694441075,15.909802982361034,27.996752985428056,23.767538694441075,23.767538694441075,-1.7829609516453975,-1.7829609516453975,-1.7829609516453975,-0.06047855000032618,-0.06047855000032618,-0.06047855000032618,-1.7224824016450713,-1.7224824016450713,-1.7224824016450713,0.0,0.0,0.0,21.98457774279568
2023-03-03,23.767311483193247,15.242463041019302,27.51877848785075,23.767311483193247,23.767311483193247,-2.3692156722042785,-2.3692156722042785,-2.3692156722042785,-0.46011495202337876,-0.46011495202337876,-0.46011495202337876,-1.9091007201808998,-1.9091007201808998,-1.9091007201808998,0.0,0.0,0.0,21.39809581098897
2023-03-04,23.767084271945418,15.357709957475244,28.10250957530805,23.767084271945418,23.767084271945418,-2.016756710599678,-2.016756710599678,-2.016756710599678,0.06142651573624827,0.06142651573624827,0.06142651573624827,-2.0781832263359266,-2.0781832263359266,-2.0781832263359266,0.0,0.0,0.0,21.75032756134574
2023-03-05,23.76685706069759,15.806931573150527,28.231144114552407,23.76685706069759,23.76685706069759,-1.948950072191324,-1.948950072191324,-1.948950072191324,0.27756591849975376,0.27756591849975376,0.27756591849975376,-2.2265159906910776,-2.2265159906910776,-2.2265159906910776,0.0,0.0,0.0,21.817906988506266
2023-03-06,23.76662984944976,15.391668236916086,28.17448154992345,23.76662984944976,23.76662984944976,-1.984652007487511,-1.984652007487511,-1.984652007487511,0.3667490234007837,0.3667490234007837,0.3667490234007837,-2.3514010308882947,-2.3514010308882947,-2.3514010308882947,0.0,0.0,0.0,21.78197784196225
2023-03-07,23.766402638201928,14.420473899418191,26.93864439760355,23.766402638201928,23.766402638201928,-3.0026118467439327,-3.0026118467439327,-3.0026118467439327,-0.5519292038365607,-0.5519292038365607,-0.5519292038365607,-2.450682642907372,-2.450682642907372,-2.450682642907372,0.0,0.0,0.0,20.763790791457996
2023-03-08,23.7661754269541,15.281239571283203,28.13442576277381,23.7661754269541,23.7661754269541,-2.155978997587056,-2.155978997587056,-2.155978997587056,0.36678124822331554,0.36678124822331554,0.36678124822331554,-2.522760245810371,-2.522760245810371,-2.522760245810371,0.0,0.0,0.0,21.610196429367043
2023-03-09,23.765948215706274,14.815703581552771,27.07365111174606,23.765948215706274,23.765948215706274,-2.6270665542098124,-2.6270665542098124,-2.6270665542098124,-0.060478549998359714,-0.060478549998359714,-0.060478549998359714,-2.566588004211453,-2.566588004211453,-2.566588004211453,0.0,0.0,0.0,21.138881661496463
2023-03-10,23.76572100445844,13.993472978571118,26.973512931698103,23.76572100445844,23.76572100445844,-3.0417767721091207,-3.0417767721091207,-3.0417767721091207,-0.4601149520239954,-0.4601149520239954,-0.4601149520239954,-2.581661820085125,-2.581661820085125,-2.581661820085125,0.0,0.0,0.0,20.72394423234932
2023-03-11,23.765493793210613,15.282978299698753,27.554716820699852,23.765493793210613,23.765493793210613,-2.5065680706613795,-2.5065680706613795,-2.5065680706613795,0.061426515734042585,0.061426515734042585,0.061426515734042585,-2.567994586395422,-2.567994586395422,-2.567994586395422,0.0,0.0,0.0,21.258925722549233
2023-03-12,23.765266582196045,15.035095662467054,27.58301166088903,23.765266582196045,23.765266582196045,-2.248514943598256,-2.248514943598256,-2.248514943598256,0.2775659185008149,0.2775659185008149,0.2775659185008149,-2.526080862099071,-2.526080862099071,-2.526080862099071,0.0,0.0,0.0,21.51675163859779
2023-03-13,23.76503937118147,15.248437349016084,27.995390804843165,23.76503937118147,23.76503937118147,-2.0901033317551576,-2.0901033317551576,-2.0901033317551576,0.3667490234003759,0.3667490234003759,0.3667490234003759,-2.4568523551555335,-2.4568523551555335,-2.4568523551555335,0.0,0.0,0.0,21.674936039426314
2023-03-14,23.7648121601669,14.554719032425414,27.06907593576225,23.7648121601669,23.7648121601669,-2.9135549861684096,-2.9135549861684096,-2.9135549861684096,-0.5519292038363407,-0.5519292038363407,-0.5519292038363407,-2.3616257823320685,-2.3616257823320685,-2.3616257823320685,0.0,0.0,0.0,20.85125717399849
2023-03-15,23.764584949152326,15.980868622406595,28.28785171646799,23.764584949152326,23.764584949152326,-1.8752635600380998,-1.8752635600380998,-1.8752635600380998,0.36678124822464026,0.36678124822464026,0.36678124822464026,-2.24204480826274,-2.24204480826274,-2.24204480826274,0.0,0.0,0.0,21.889321389114226
2023-03-16,23.764357738137758,15.206278499746984,27.765889798288168,23.764357738137758,23.764357738137758,-2.1604963992405195,-2.1604963992405195,-2.1604963992405195,-0.060478550000240244,-0.060478550000240244,-0.060478550000240244,-2.1000178492402797,-2.1000178492402797,-2.1000178492402797,0.0,0.0,0.0,21.60386133889724
2023-03-17,23.764130527123186,15.057033640494476,27.59806702654705,23.764130527123186,23.764130527123186,-2.397768510980597,-2.397768510980597,-2.397768510980597,-0.4601149520246121,-0.4601149520246121,-0.4601149520246121,-1.9376535589559851,-1.9376535589559851,-1.9376535589559851,0.0,0.0,0.0,21.36636201614259
2023-03-18,23.763903316108614,15.726755317218462,28.35640696123832,23.763903316108614,23.763903316108614,-1.6957692788143273,-1.6957692788143273,-1.6957692788143273,0.06142651573316694,0.06142651573316694,0.06142651573316694,-1.7571957945474943,-1.7571957945474943,-1.7571957945474943,0.0,0.0,0.0,22.068134037294286
2023-03-19,23.763676105094042,15.932359587491693,28.617769286919234,23.763676105094042,23.763676105094042,-1.2833938755804075,-1.2833938755804075,-1.2833938755804075,0.2775659184992951,0.2775659184992951,0.2775659184992951,-1.5609597940797024,-1.5609597940797024,-1.5609597940797024,0.0,0.0,0.0,22.480282229513634
2023-03-20,23.76344889407947,16.902089708730422,29.30265279942086,23.76344889407947,23.76344889407947,-0.9845221609501096,-0.9845221609501096,-0.9845221609501096,0.3667490234004026,0.3667490234004026,0.3667490234004026,-1.3512711843505123,-1.3512711843505123,-1.3512711843505123,0.0,0.0,0.0,22.77892673312936
2023-03-21,23.7632216830649,15.804911394251542,27.62768754593949,23.7632216830649,23.7632216830649,-1.6823384891406816,-1.6823384891406816,-1.6823384891406816,-0.5519292038361209,-0.5519292038361209,-0.5519292038361209,-1.1304092853045606,-1.1304092853045606,-1.1304092853045606,0.0,0.0,0.0,22.080883193924215
2023-03-22,23.762994472050327,17.234970586831437,29.274190694495992,23.762994472050327,23.762994472050327,-0.5337747417460978,-0.5337747417460978,-0.5337747417460978,0.36678124822305874,0.36678124822305874,0.36678124822305874,-0.9005559899691565,-0.9005559899691565,-0.9005559899691565,0.0,0.0,0.0,23.22921973030423
2023-03-23,23.762767261035755,17.270391108174774,29.19979922190239,23.762767261035755,23.762767261035755,-0.7242298330884034,-0.7242298330884034,-0.7242298330884034,-0.06047855000212075,-0.06047855000212075,-0.06047855000212075,-0.6637512830862825,-0.6637512830862825,-0.6637512830862825,0.0,0.0,0.0,23.03853742794735
2023-03-24,23.762540050021183,16.755484347965798,29.20118628038293,23.762540050021183,23.762540050021183,-0.8819711765893838,-0.8819711765893838,-0.8819711765893838,-0.4601149520231121,-0.4601149520231121,-0.4601149520231121,-0.4218562245662718,-0.4218562245662718,-0.4218562245662718,0.0,0.0,0.0,22.8805688734318
2023-03-25,23.762312839006615,17.334563806915863,29.23200037582977,23.762312839006615,23.762312839006615,-0.11509745726883605,-0.11509745726883605,-0.11509745726883605,0.061426515734182265,0.061426515734182265,0.061426515734182265,-0.1765239730030183,-0.1765239730030183,-0.1765239730030183,0.0,0.0,0.0,23.64721538173778
2023-03-26,23.762085627992043,17.92223544077134,30.360973282268855,23.762085627992043,23.762085627992043,0.34838675114022877,0.34838675114022877,0.34838675114022877,0.27756591850035633,0.27756591850035633,0.27756591850035633,0.0708208326398724,0.0708208326398724,0.0708208326398724,0.0,0.0,0.0,24.110472379132272
2023-03-27,23.76185841697747,18.316258908304103,30.54851500122538,23.76185841697747,23.76185841697747,0.6857432942571364,0.6857432942571364,0.6857432942571364,0.3667490234023509,0.3667490234023509,0.3667490234023509,0.3189942708547855,0.3189942708547855,0.3189942708547855,0.0,0.0,0.0,24.447601711234608
2023-04-01,23.760722361904612,19.50265212887285,31.575965401093804,23.760722361904612,23.760722361904612,1.608996973671187,1.608996973671187,1.608996973671187,0.06142651573519752,0.06142651573519752,0.06142651573519752,1.5475704579359895,1.5475704579359895,1.5475704579359895,0.0,0.0,0.0,25.369719335575798
2023-04-02,23.76049515089004,19.39337789582273,31.497074853563873,23.76049515089004,23.76049515089004,2.066472281963454,2.066472281963454,2.066472281963454,0.277565918499772,0.277565918499772,0.277565918499772,1.7889063634636824,1.7889063634636824,1.7889063634636824,0.0,0.0,0.0,25.826967432853493
2023-04-03,23.76026793987547,20.029127260850675,32.70320778317532,23.76026793987547,23.76026793987547,2.395713181198386,2.395713181198386,2.395713181198386,0.3667490234019431,0.3667490234019431,0.3667490234019431,2.0289641577964423,2.0289641577964423,2.0289641577964423,0.0,0.0,0.0,26.155981121073854
2023-04-04,23.7600407288609,19.095743653280298,32.15044218728231,23.7600407288609,23.7600407288609,1.7161413790474753,1.7161413790474753,1.7161413790474753,-0.5519292038361886,-0.5519292038361886,-0.5519292038361886,2.268070582883664,2.268070582883664,2.268070582883664,0.0,0.0,0.0,25.476182107908375
2023-04-05,23.759813517846325,20.425251395505,32.82442591293395,23.759813517846325,23.759813517846325,2.873399872923113,2.873399872923113,2.873399872923113,0.36678124822435904,0.36678124822435904,0.36678124822435904,2.5066186246987536,2.5066186246987536,2.5066186246987536,0.0,0.0,0.0,26.633213390769438
2023-04-06,23.759586306831757,20.1215901940495,32.26232592193178,23.759586306831757,23.759586306831757,2.6845561108117066,2.6845561108117066,2.6845561108117066,-0.060478549999859986,-0.060478549999859986,-0.060478549999859986,2.745034660811567,2.745034660811567,2.745034660811567,0.0,0.0,0.0,26.444142417643462
2023-04-07,23.75935909581718,19.914855469243797,32.93019800521212,23.75935909581718,23.75935909581718,2.5236321051730606,2.5236321051730606,2.5236321051730606,-0.46011495202360286,-0.46011495202360286,-0.46011495202360286,2.9837470571966636,2.9837470571966636,2.9837470571966636,0.0,0.0,0.0,26.282991200990242
2023-04-08,23.759131884802613,20.922392653019998,33.584594422001096,23.759131884802613,23.759131884802613,3.2845837203527624,3.2845837203527624,3.2845837203527624,0.061426515736212876,0.061426515736212876,0.061426515736212876,3.2231572046165495,3.2231572046165495,3.2231572046165495,0.0,0.0,0.0,27.043715605155377
2023-04-09,23.75890467378804,21.486495853627034,33.84405402523905,23.75890467378804,23.75890467378804,3.741179774750288,3.741179774750288,3.741179774750288,0.27756591849954265,0.27756591849954265,0.27756591849954265,3.4636138562507455,3.4636138562507455,3.4636138562507455,0.0,0.0,0.0,27.50008444853833
2023-04-10,23.75867746277347,21.481183649538554,34.117676336959875,23.75867746277347,23.75867746277347,4.072140500396979,4.072140500396979,4.072140500396979,0.3667490234011009,0.3667490234011009,0.3667490234011009,3.705391476995879,3.705391476995879,3.705391476995879,0.0,0.0,0.0,27.83081796317045
2023-04-11,23.758450251758898,21.23335771009508,33.275466861298064,23.758450251758898,23.758450251758898,3.3967439427851875,3.3967439427851875,3.3967439427851875,-0.5519292038354611,-0.5519292038354611,-0.5519292038354611,3.948673146620649,3.948673146620649,3.948673146620649,0.0,0.0,0.0,27.155194194544087
2023-04-12,23.758223040744326,21.68059415650151,34.563938896742116,23.758223040744326,23.758223040744326,4.560319627590266,4.560319627590266,4.560319627590266,0.3667812482243347,0.3667812482243347,0.3667812482243347,4.193538379365931,4.193538379365931,4.193538379365931,0.0,0.0,0.0,28.318542668334594
2023-04-13,23.757995829729758,21.390515396513784,33.81667506004695,23.757995829729758,23.757995829729758,4.379477487737741,4.379477487737741,4.379477487737741,-0.060478549997893545,-0.060478549997893545,-0.060478549997893545,4.439956037735635,4.439956037735635,4.439956037735635,0.0,0.0,0.0,28.1374733174675
2023-04-14,23.757768618715183,21.72830638532708,34.62289119836133,23.757768618715183,23.757768618715183,4.227667382056543,4.227667382056543,4.227667382056543,-0.46011495202421954,-0.46011495202421954,-0.46011495202421954,4.6877823340807625,4.6877823340807625,4.6877823340807625,0.0,0.0,0.0,27.985436000771728
2023-04-15,23.757541407700614,22.62489904994804,35.23220494876576,23.757541407700614,23.757541407700614,4.998190251702577,4.998190251702577,4.998190251702577,0.06142651573533718,0.06142651573533718,0.06142651573533718,4.936763735967241,4.936763735967241,4.936763735967241,0.0,0.0,0.0,28.755731659403192
2023-04-16,23.75731419668604,22.7695598919597,35.61578625907732,23.75731419668604,23.75731419668604,5.464110344277537,5.464110344277537,5.464110344277537,0.2775659184993134,0.2775659184993134,0.2775659184993134,5.186544425778223,5.186544425778223,5.186544425778223,0.0,0.0,0.0,29.221424540963575
2023-04-17,23.75708698567147,23.400346723314428,35.55979417681725,23.75708698567147,23.75708698567147,5.803426839827005,5.803426839827005,5.803426839827005,0.3667490234002585,0.3667490234002585,0.3667490234002585,5.436677816426747,5.436677816426747,5.436677816426747,0.0,0.0,0.0,29.560513825498475
2023-04-18,23.756859774656895,22.668876563581147,35.199974763936225,23.756859774656895,23.756859774656895,5.134712294036132,5.134712294036132,5.134712294036132,-0.5519292038363237,-0.5519292038363237,-0.5519292038363237,5.686641497872456,5.686641497872456,5.686641497872456,0.0,0.0,0.0,28.891572068693026
2023-04-19,23.756632563642327,23.938872934412032,35.62525261807078,23.756632563642327,23.756632563642327,6.302636135078345,6.302636135078345,6.302636135078345,0.3667812482243103,0.3667812482243103,0.3667812482243103,5.935854886854035,5.935854886854035,5.935854886854035,0.0,0.0,0.0,30.059268698720672
2023-04-20,23.756405352627752,23.51511995799042,36.05567751118671,23.756405352627752,23.756405352627752,6.123220227609078,6.123220227609078,6.123220227609078,-0.06047854999977405,-0.06047854999977405,-0.06047854999977405,6.183698777608851,6.183698777608851,6.183698777608851,0.0,0.0,0.0,29.87962558023683
2023-04-21,23.756178141613184,23.64899082472235,35.91374984870533,23.756178141613184,23.756178141613184,5.969420994089565,5.969420994089565,5.969420994089565,-0.4601149520227194,-0.4601149520227194,-0.4601149520227194,6.429535946112285,6.429535946112285,6.429535946112285,0.0,0.0,0.0,29.725599135702748
2023-04-22,23.755950930598612,24.44454619414137,37.154755106436866,23.755950930598612,23.755950930598612,6.734158461104392,6.734158461104392,6.734158461104392,0.0614265157382435,0.0614265157382435,0.0614265157382435,6.672731945366149,6.672731945366149,6.672731945366149,0.0,0.0,0.0,30.490109391703005
2023-04-23,23.75572371958404,24.739676964917745,37.05379339119887,23.75572371958404,23.75572371958404,7.190241162865982,7.190241162865982,7.190241162865982,0.277565918498729,0.277565918498729,0.277565918498729,6.912675244367254,6.912675244367254,6.912675244367254,0.0,0.0,0.0,30.94596488245002
2023-04-24,23.75549650856947,25.178844284650207,36.93127257775141,23.75549650856947,23.75549650856947,7.5155449308110205,7.5155449308110205,7.5155449308110205,0.36674902340028526,0.36674902340028526,0.36674902340028526,7.148795907410737,7.148795907410737,7.148795907410737,0.0,0.0,0.0,31.27104143938049
2023-04-25,23.755269297554896,23.878100343773,37.36372945954295,23.755269297554896,23.755269297554896,6.828652877603431,6.828652877603431,6.828652877603431,-0.5519292038361038,-0.5519292038361038,-0.5519292038361038,7.380582081439535,7.380582081439535,7.380582081439535,0.0,0.0,0.0,30.583922175158328
2023-04-26,23.755042086540325,25.554972618822543,37.72141467694407,23.755042086540325,23.755042086540325,7.974374902564545,7.974374902564545,7.974374902564545,0.3667812482227289,0.3667812482227289,0.3667812482227289,7.607593654341816,7.607593654341816,7.607593654341816,0.0,0.0,0.0,31.72941698910487
2023-04-27,23.754814875525753,24.870081750423445,37.6288227496501,23.754814875525753,23.754814875525753,7.768994012908584,7.768994012908584,7.768994012908584,-0.06047854999973106,-0.06047854999973106,-0.06047854999973106,7.8294725629083155,7.8294725629083155,7.8294725629083155,0.0,0.0,0.0,31.52380888843434
2023-05-01,23.75390603146747,26.393784891360244,39.11585881068998,23.75390603146747,23.75390603146747,9.02837671082797,9.02837671082797,9.02837671082797,0.36674902339944304,0.36674902339944304,0.36674902339944304,8.661627687428528,8.661627687428528,8.661627687428528,0.0,0.0,0.0,32.782282742295436
2023-05-02,23.753678820452897,25.78889526577277,38.21831755227294,23.753678820452897,23.753678820452897,8.30365011597666,8.30365011597666,8.30365011597666,-0.5519292038363913,-0.5519292038363913,-0.5519292038363913,8.855579319813051,8.855579319813051,8.855579319813051,0.0,0.0,0.0,32.057328936429556
2023-05-03,23.753451609438326,27.14261380732429,39.07829172947894,23.753451609438326,23.753451609438326,9.410842135578237,9.410842135578237,9.410842135578237,0.36678124822270447,0.36678124822270447,0.36678124822270447,9.044060887355533,9.044060887355533,9.044060887355533,0.0,0.0,0.0,33.164293745016565
2023-05-04,23.753224398423754,26.210326465454834,39.403937901429835,23.753224398423754,23.753224398423754,9.166772804324367,9.166772804324367,9.166772804324367,-0.060478549997513266,-0.060478549997513266,-0.060478549997513266,9.227251354321881,9.227251354321881,9.227251354321881,0.0,0.0,0.0,32.91999720274812
2023-05-05,23.752997187409182,26.182688896145375,38.61193346489787,23.752997187409182,23.752997187409182,8.945242923115519,8.945242923115519,8.945242923115519,-0.46011495202395286,-0.46011495202395286,-0.46011495202395286,9.40535787513947,9.40535787513947,9.40535787513947,0.0,0.0,0.0,32.6982401105247
2023-05-06,23.75276997639461,27.238129439911248,40.0009048180725,23.75276997639461,23.75276997639461,9.64002246323114,9.64002246323114,9.64002246323114,0.0614265157351621,0.0614265157351621,0.0614265157351621,9.578595947495979,9.578595947495979,9.578595947495979,0.0,0.0,0.0,33.39279243962575
2023-05-07,23.75254276538004,27.21050826355621,40.24897817737947,23.75254276538004,23.75254276538004,10.024734535131053,10.024734535131053,10.024734535131053,0.27756591849956097,0.27756591849956097,0.27756591849956097,9.747168616631491,9.747168616631491,9.747168616631491,0.0,0.0,0.0,33.77727730051109
2023-05-08,23.752315554365467,27.71824129722818,39.89037291018131,23.752315554365467,23.752315554365467,10.277994550582356,10.277994550582356,10.277994550582356,0.3667490233990352,0.3667490233990352,0.3667490233990352,9.911245527183322,9.911245527183322,9.911245527183322,0.0,0.0,0.0,34.03031010494782
2023-05-09,23.752088343350895,27.48303138369062,39.7372259296027,23.752088343350895,23.752088343350895,9.519013431722966,9.519013431722966,9.519013431722966,-0.551929203836679,-0.551929203836679,-0.551929203836679,10.070942635559645,10.070942635559645,10.070942635559645,0.0,0.0,0.0,33.27110177507386
2023-05-10,23.751861132677806,28.530663114069803,40.71834304526667,23.751861132677806,23.751861132677806,10.59308463348904,10.59308463348904,10.59308463348904,0.36678124822402924,0.36678124822402924,0.36678124822402924,10.22630338526501,10.22630338526501,10.22630338526501,0.0,0.0,0.0,34.344945766166845
2023-05-11,23.751633922004718,28.30510464694463,40.22078467587695,23.751633922004718,23.751633922004718,10.316803560257668,10.316803560257668,10.316803560257668,-0.06047854999747031,-0.06047854999747031,-0.06047854999747031,10.377282110255138,10.377282110255138,10.377282110255138,0.0,0.0,0.0,34.06843748226238
2023-05-12,23.75140671133163,27.632110602524744,39.88286617621521,23.75140671133163,23.75140671133163,10.063615416439372,10.063615416439372,10.063615416439372,-0.46011495202245273,-0.46011495202245273,-0.46011495202245273,10.523730368461825,10.523730368461825,10.523730368461825,0.0,0.0,0.0,33.815022127771
2023-05-13,23.751179500658544,28.33992112655608,41.01343336926768,23.751179500658544,23.751179500658544,10.726813336895264,10.726813336895264,10.726813336895264,0.06142651573617742,0.06142651573617742,0.06142651573617742,10.665386821159085,10.665386821159085,10.665386821159085,0.0,0.0,0.0,34.477992837553806
2023-05-14,23.750952289985456,28.201089637811656,41.351805956286796,23.750952289985456,23.750952289985456,11.079437085031211,11.079437085031211,11.079437085031211,0.27756591849933165,0.27756591849933165,0.27756591849933165,10.801871166531878,10.801871166531878,10.801871166531878,0.0,0.0,0.0,34.830389375016665
2023-05-15,23.750725079312367,28.55680668585562,41.69416320666356,23.750725079312367,23.750725079312367,11.299431534367196,11.299431534367196,11.299431534367196,0.36674902340141796,0.36674902340141796,0.36674902340141796,10.932682510965778,10.932682510965778,10.932682510965778,0.0,0.0,0.0,35.05015661367956
2023-05-16,23.75049786863928,27.833649078703896,40.79319076679913,23.75049786863928,23.75049786863928,10.505273219388283,10.505273219388283,10.505273219388283,-0.5519292038359515,-0.5519292038359515,-0.5519292038359515,11.057202423224235,11.057202423224235,11.057202423224235,0.0,0.0,0.0,34.25577108802756
2023-05-17,23.75027065796619,29.157288575494682,40.974950896864186,23.75027065796619,23.75027065796619,11.541484017149058,11.541484017149058,11.541484017149058,0.36678124822265573,0.36678124822265573,0.36678124822265573,11.174702768926402,11.174702768926402,11.174702768926402,0.0,0.0,0.0,35.29175467511525
2023-05-18,23.750043447293102,28.3349963934614,41.25429586761378,23.750043447293102,23.750043447293102,11.223879720266526,11.223879720266526,11.223879720266526,-0.06047854999935081,-0.06047854999935081,-0.06047854999935081,11.284358270265876,11.284358270265876,11.284358270265876,0.0,0.0,0.0,34.973923167559626
2023-05-19,23.749816236620013,29.08646849630223,40.90962944776811,23.749816236620013,23.749816236620013,10.925148631309732,10.925148631309732,10.925148631309732,-0.46011495202306957,-0.46011495202306957,-0.46011495202306957,11.3852635833328,11.3852635833328,11.3852635833328,0.0,0.0,0.0,34.674964867929745
2023-05-20,23.749589025946925,29.372577191641174,41.61683878078081,23.749589025946925,23.749589025946925,11.537881053134837,11.537881053134837,11.537881053134837,0.061426515733971725,0.061426515733971725,0.061426515733971725,11.476454537400866,11.476454537400866,11.476454537400866,0.0,0.0,0.0,35.287470079081764
2023-05-21,23.749361815273836,29.569379750464492,41.79733621955283,23.749361815273836,23.749361815273836,11.834498960116987,11.834498960116987,11.834498960116987,0.27756591850039286,0.27756591850039286,0.27756591850039286,11.556933041616592,11.556933041616592,11.556933041616592,0.0,0.0,0.0,35.583860775390825
2023-05-22,23.749134604600748,29.776874981665706,42.03219234753297,23.749134604600748,23.749134604600748,11.992444062313988,11.992444062313988,11.992444062313988,0.3667490234010102,0.3667490234010102,0.3667490234010102,11.625695038912976,11.625695038912976,11.625695038912976,0.0,0.0,0.0,35.741578666914734
2023-05-23,23.74890739392766,28.906077872406943,41.47090916886345,23.74890739392766,23.74890739392766,11.12983157464719,11.12983157464719,11.12983157464719,-0.5519292038362391,-0.5519292038362391,-0.5519292038362391,11.681760778483428,11.681760778483428,11.681760778483428,0.0,0.0,0.0,34.87873896857485
2023-05-24,23.74868018325457,29.505279537779426,41.70768341164927,23.74868018325457,23.74868018325457,12.090987838273408,12.090987838273408,12.090987838273408,0.36678124822398045,0.36678124822398045,0.36678124822398045,11.724206590049427,11.724206590049427,11.724206590049427,0.0,0.0,0.0,35.83966802152798
2023-05-25,23.748452972581482,29.257140887940484,41.61459527672659,23.748452972581482,23.748452972581482,11.691718728145535,11.691718728145535,11.691718728145535,-0.06047854999930785,-0.06047854999930785,-0.06047854999930785,11.752197278144845,11.752197278144845,11.752197278144845,0.0,0.0,0.0,35.44017170072702
2023-05-26,23.748225761908394,29.00507786383071,41.16579839813068,23.748225761908394,23.748225761908394,11.304903262664798,11.304903262664798,11.304903262664798,-0.4601149520229436,-0.4601149520229436,-0.4601149520229436,11.765018214687743,11.765018214687743,11.765018214687743,0.0,0.0,0.0,35.053129024573195
2023-05-27,23.747998551235305,29.60138607452632,41.72898142427618,23.747998551235305,23.747998551235305,11.82353271019009,11.82353271019009,11.82353271019009,0.06142651573498706,0.06142651573498706,0.06142651573498706,11.762106194455102,11.762106194455102,11.762106194455102,0.0,0.0,0.0,35.57153126142539
2023-06-01,23.746862497869863,29.02919797682164,41.53885488902084,23.746862497869863,23.746862497869863,11.445292162863987,11.445292162863987,11.445292162863987,-0.060478550001188354,-0.060478550001188354,-0.060478550001188354,11.505770712865177,11.505770712865177,11.505770712865177,0.0,0.0,0.0,35.19215466073385
2023-06-02,23.746635287196774,28.576711199366986,40.83810033656318,23.746635287196774,23.746635287196774,10.94816546051508,10.94816546051508,10.94816546051508,-0.46011495202356023,-0.46011495202356023,-0.46011495202356023,11.408280412538637,11.408280412538637,11.408280412538637,0.0,0.0,0.0,34.69480074771185
2023-06-03,23.746408076523686,28.79347441186095,41.40880546438078,23.746408076523686,23.746408076523686,11.358713375857386,11.358713375857386,11.358713375857386,0.061426515736002364,0.061426515736002364,0.061426515736002364,11.297286860121384,11.297286860121384,11.297286860121384,0.0,0.0,0.0,35.10512145238107
2023-06-04,23.746180865850597,28.601172125653733,41.7701955962371,23.746180865850597,23.746180865850597,11.451691450705829,11.451691450705829,11.451691450705829,0.27756591849993417,0.27756591849993417,0.27756591849993417,11.174125532205895,11.174125532205895,11.174125532205895,0.0,0.0,0.0,35.19787231655643
2023-06-05,23.74595365517751,29.29171470263937,41.40213169816426,23.74595365517751,23.74595365517751,11.407125947792375,11.407125947792375,11.407125947792375,0.3667490233997601,0.3667490233997601,0.3667490233997601,11.040376924392614,11.040376924392614,11.040376924392614,0.0,0.0,0.0,35.15307960296988
2023-06-06,23.74572644450442,27.530510362130258,40.80542443390143,23.74572644450442,23.74572644450442,10.345918896202493,10.345918896202493,10.345918896202493,-0.5519292038363741,-0.5519292038363741,-0.5519292038363741,10.897848100038866,10.897848100038866,10.897848100038866,0.0,0.0,0.0,34.09164534070691
2023-06-07,23.74549923383133,28.56334364402116,40.914939452104456,23.74549923383133,23.74549923383133,11.115329605687727,11.115329605687727,11.115329605687727,0.3667812482223745,0.3667812482223745,0.3667812482223745,10.748548357465353,10.748548357465353,10.748548357465353,0.0,0.0,0.0,34.86082883951906
2023-06-08,23.745272023158243,27.78159110959451,40.19869532982351,23.745272023158243,23.745272023158243,10.534180898965376,10.534180898965376,10.534180898965376,-0.060478549999221906,-0.060478549999221906,-0.060478549999221906,10.594659448964597,10.594659448964597,10.594659448964597,0.0,0.0,0.0,34.27945292212362
2023-06-09,23.745044812485155,28.00470345770207,39.713649413572945,23.745044812485155,23.745044812485155,9.978385974081366,9.978385974081366,9.978385974081366,-0.46011495202417707,-0.46011495202417707,-0.46011495202417707,10.438500926105544,10.438500926105544,10.438500926105544,0.0,0.0,0.0,33.723430786566524
2023-06-10,23.744817601812066,27.933141605919335,40.157361512781435,23.744817601812066,23.744817601812066,10.343917828373266,10.343917828373266,10.343917828373266,0.06142651573512667,0.06142651573512667,0.06142651573512667,10.28249131263814,10.28249131263814,10.28249131263814,0.0,0.0,0.0,34.08873543018533
2023-06-11,23.744590391138978,27.628816403211186,40.56484310956961,23.744590391138978,23.744590391138978,10.406671833773395,10.406671833773395,10.406671833773395,0.27756591849934986,0.27756591849934986,0.27756591849934986,10.129105915274046,10.129105915274046,10.129105915274046,0.0,0.0,0.0,34.15126222491237
2023-06-12,23.74436318046589,27.784171441056507,40.57461497856478,23.74436318046589,23.74436318046589,10.347581194624125,10.347581194624125,10.347581194624125,0.3667490233989178,0.3667490233989178,0.3667490233989178,9.980832171225206,9.980832171225206,9.980832171225206,0.0,0.0,0.0,34.091944375090016
2023-06-13,23.7441359697928,26.91172588437346,39.70138794361675,23.7441359697928,23.7441359697928,9.28819429347161,9.28819429347161,9.28819429347161,-0.5519292038361542,-0.5519292038361542,-0.5519292038361542,9.840123497307765,9.840123497307765,9.840123497307765,0.0,0.0,0.0,33.03233026326441
2023-06-14,23.743908759119712,27.87057808623017,39.94351634172174,23.743908759119712,23.743908759119712,10.0761338954399,10.0761338954399,10.0761338954399,0.3667812482223502,0.3667812482223502,0.3667812482223502,9.70935264721755,9.70935264721755,9.70935264721755,0.0,0.0,0.0,33.820042654559614
2023-06-15,23.743681548446624,26.977327885467496,39.06661822783475,23.743681548446624,23.743681548446624,9.53028705036508,9.53028705036508,9.53028705036508,-0.060478550001102416,-0.060478550001102416,-0.060478550001102416,9.590765600366183,9.590765600366183,9.590765600366183,0.0,0.0,0.0,33.273968598811706
2023-06-16,23.743454337773535,26.398056534055662,39.66995174014791,23.743454337773535,23.743454337773535,9.026322045264235,9.026322045264235,9.026322045264235,-0.4601149520240511,-0.4601149520240511,-0.4601149520240511,9.486436997288289,9.486436997288289,9.486436997288289,0.0,0.0,0.0,32.76977638303777
2023-06-17,23.743227127100447,26.537975053946177,39.50655722279184,23.743227127100447,23.743227127100447,9.459654619354183,9.459654619354183,9.459654619354183,0.06142651573425102,0.06142651573425102,0.06142651573425102,9.398228103619932,9.398228103619932,9.398228103619932,0.0,0.0,0.0,33.20288174645463
2023-06-18,23.742999916427358,27.130614194974598,39.6817140318845,23.742999916427358,23.742999916427358,9.60531414661335,9.60531414661335,9.60531414661335,0.2775659184991206,0.2775659184991206,0.2775659184991206,9.32774822811423,9.32774822811423,9.32774822811423,0.0,0.0,0.0,33.34831406304071
2023-06-19,23.74277270575427,26.777395510214927,39.59307810427095,23.74277270575427,23.74277270575427,9.643069465308278,9.643069465308278,9.643069465308278,0.36674902339894455,0.36674902339894455,0.36674902339894455,9.276320441909332,9.276320441909332,9.276320441909332,0.0,0.0,0.0,33.38584217106255
2023-06-20,23.74254549508118,26.518888603926513,38.45873016838881,23.74254549508118,23.74254549508118,8.693023144743078,8.693023144743078,8.693023144743078,-0.5519292038359342,-0.5519292038359342,-0.5519292038359342,9.24495234857901,9.24495234857901,9.24495234857901,0.0,0.0,0.0,32.43556863982426
2023-06-21,23.742318284408093,27.086305340701053,39.9188799643406,23.742318284408093,23.742318284408093,9.601093788362286,9.601093788362286,9.601093788362286,0.36678124822367486,0.36678124822367486,0.36678124822367486,9.23431254013861,9.23431254013861,9.23431254013861,0.0,0.0,0.0,33.34341207277038
2023-06-22,23.742091073735004,26.584539038751963,39.289563798784236,23.742091073735004,23.742091073735004,9.184234696296175,9.184234696296175,9.184234696296175,-0.06047854999888461,-0.06047854999888461,-0.06047854999888461,9.244713246295058,9.244713246295058,9.244713246295058,0.0,0.0,0.0,32.92632577003118
2023-06-23,23.741863863061916,26.544563912414876,39.01522230348179,23.741863863061916,23.741863863061916,8.815984594206332,8.815984594206332,8.815984594206332,-0.460114952022551,-0.460114952022551,-0.460114952022551,9.276099546228883,9.276099546228883,9.276099546228883,0.0,0.0,0.0,32.55784845726825
2023-06-24,23.741636652388827,27.11993025753741,39.27452219735377,23.741636652388827,23.741636652388827,9.389471883423209,9.389471883423209,9.389471883423209,0.0614265157352663,0.0614265157352663,0.0614265157352663,9.328045367687942,9.328045367687942,9.328045367687942,0.0,0.0,0.0,33.13110853581203
2023-06-25,23.74140944171574,27.870472551795608,39.92055063295923,23.74140944171574,23.74140944171574,9.677322269326801,9.677322269326801,9.677322269326801,0.2775659184988912,0.2775659184988912,0.2775659184988912,9.399756350827909,9.399756350827909,9.399756350827909,0.0,0.0,0.0,33.41873171104254
2023-06-26,23.74118223104265,27.166367116389182,40.01850166014858,23.74118223104265,23.74118223104265,9.85682853107579,9.85682853107579,9.85682853107579,0.3667490234013273,0.3667490234013273,0.3667490234013273,9.490079507674462,9.490079507674462,9.490079507674462,0.0,0.0,0.0,33.59801076211844
2023-06-27,23.74095502036956,26.395803209166232,38.925181224837715,23.74095502036956,23.74095502036956,9.04559026202668,9.04559026202668,9.04559026202668,-0.5519292038362892,-0.5519292038362892,-0.5519292038362892,9.597519465862968,9.597519465862968,9.597519465862968,0.0,0.0,0.0,32.78654528239624
2023-07-01,23.740046177677204,27.99727302344907,40.648761282135574,23.740046177677204,23.740046177677204,10.219398690016872,10.219398690016872,10.219398690016872,0.06142651573628163,0.06142651573628163,0.06142651573628163,10.15797217428059,10.15797217428059,10.15797217428059,0.0,0.0,0.0,33.959444867694074
2023-07-02,23.739818967004116,27.684929044091437,40.5494746204096,23.739818967004116,23.739818967004116,10.596027774861458,10.596027774861458,10.596027774861458,0.2775659184999525,0.2775659184999525,0.2775659184999525,10.318461856361507,10.318461856361507,10.318461856361507,0.0,0.0,0.0,34.33584674186557
2023-07-03,23.73959175633103,28.453814228150527,40.59107297939561,23.73959175633103,23.73959175633103,10.848282770460063,10.848282770460063,10.848282770460063,0.3667490234009195,0.3667490234009195,0.3667490234009195,10.481533747059144,10.481533747059144,10.481533747059144,0.0,0.0,0.0,34.5878745267911
2023-07-04,23.739364545657942,27.371819711624482,39.88156620595463,23.739364545657942,23.739364545657942,10.092273587329553,10.092273587329553,10.092273587329553,-0.5519292038365768,-0.5519292038365768,-0.5519292038365768,10.64420279116613,10.64420279116613,10.64420279116613,0.0,0.0,0.0,33.83163813298749
2023-07-05,23.739137334984854,28.81292684799353,41.09036862462568,23.739137334984854,23.739137334984854,11.170225947784209,11.170225947784209,11.170225947784209,0.3667812482249753,0.3667812482249753,0.3667812482249753,10.803444699559234,10.803444699559234,10.803444699559234,0.0,0.0,0.0,34.909363282769064
2023-07-06,23.738910124311765,28.540233143041856,40.862453990854036,23.738910124311765,23.738910124311765,10.895765671499365,10.895765671499365,10.895765671499365,-0.06047854999879867,-0.06047854999879867,-0.06047854999879867,10.956244221498164,10.956244221498164,10.956244221498164,0.0,0.0,0.0,34.634675795811134
2023-07-07,23.738682913638673,27.831146117970754,40.32331589220094,23.738682913638673,23.738682913638673,10.639527928408308,10.639527928408308,10.639527928408308,-0.46011495202378444,-0.46011495202378444,-0.46011495202378444,11.099642880432093,11.099642880432093,11.099642880432093,0.0,0.0,0.0,34.37821084204698
2023-07-08,23.738455702353665,28.898596951371886,41.14094018071966,23.738455702353665,23.738455702353665,11.292211855805615,11.292211855805615,11.292211855805615,0.06142651573407595,0.06142651573407595,0.06142651573407595,11.230785340071538,11.230785340071538,11.230785340071538,0.0,0.0,0.0,35.03066755815928
2023-07-09,23.73822849106866,29.38252859918899,42.05083371548687,23.73822849106866,23.73822849106866,11.624529533345841,11.624529533345841,11.624529533345841,0.27756591850101364,0.27756591850101364,0.27756591850101364,11.346963614844828,11.346963614844828,11.346963614844828,0.0,0.0,0.0,35.362758024414504
2023-07-10,23.73800127978365,29.417311336338617,41.690555132079524,23.73800127978365,23.73800127978365,11.812407423195346,11.812407423195346,11.812407423195346,0.36674902340007726,0.36674902340007726,0.36674902340007726,11.445658399795269,11.445658399795269,11.445658399795269,0.0,0.0,0.0,35.550408702979
2023-07-11,23.737774068498645,28.40487474244662,40.967717277427035,23.737774068498645,23.737774068498645,10.972647663500616,10.972647663500616,10.972647663500616,-0.5519292038358494,-0.5519292038358494,-0.5519292038358494,11.524576867336467,11.524576867336467,11.524576867336467,0.0,0.0,0.0,34.71042173199926
2023-07-12,23.737546857213637,29.04714432657669,42.15816221467929,23.737546857213637,23.737546857213637,11.94846760817412,11.94846760817412,11.94846760817412,0.3667812482249509,0.3667812482249509,0.3667812482249509,11.58168635994917,11.58168635994917,11.58168635994917,0.0,0.0,0.0,35.68601446538776
2023-07-13,23.73731964592863,29.38158858508787,41.84242517169731,23.73731964592863,23.73731964592863,11.554764946539056,11.554764946539056,11.554764946539056,-0.060478549996580894,-0.060478549996580894,-0.060478549996580894,11.615243496535637,11.615243496535637,11.615243496535637,0.0,0.0,0.0,35.29208459246769
2023-07-14,23.73709243464362,28.220555314702555,41.46102159257243,23.73709243464362,23.73709243464362,11.163703351443477,11.163703351443477,11.163703351443477,-0.46011495202440117,-0.46011495202440117,-0.46011495202440117,11.62381830346788,11.62381830346788,11.62381830346788,0.0,0.0,0.0,34.9007957860871
2023-07-15,23.736865223358617,29.046863446057284,41.60416455817797,23.736865223358617,23.736865223358617,11.66773959291104,11.66773959291104,11.66773959291104,0.06142651573320025,0.06142651573320025,0.06142651573320025,11.606313077177841,11.606313077177841,11.606313077177841,0.0,0.0,0.0,35.404604816269654
2023-07-16,23.73663801207361,29.142201972901272,41.79868269888734,23.73663801207361,23.73663801207361,11.839541699807715,11.839541699807715,11.839541699807715,0.2775659185007844,0.2775659185007844,0.2775659185007844,11.56197578130693,11.56197578130693,11.56197578130693,0.0,0.0,0.0,35.57617971188132
2023-07-17,23.7364108007886,28.962817169920736,42.069704146290384,23.7364108007886,23.7364108007886,11.857156899428944,11.857156899428944,11.857156899428944,0.3667490233996695,0.3667490233996695,0.3667490233996695,11.490407876029273,11.490407876029273,11.490407876029273,0.0,0.0,0.0,35.59356770021755
2023-07-18,23.736183589503593,28.03240498732,41.01750759917054,23.736183589503593,23.736183589503593,10.839637364703037,10.839637364703037,10.839637364703037,-0.5519292038361371,-0.5519292038361371,-0.5519292038361371,11.391566568539174,11.391566568539174,11.391566568539174,0.0,0.0,0.0,34.575820954206634
2023-07-19,23.73595637821859,28.86630672587303,42.07054288112937,23.73595637821859,23.73595637821859,11.632542808548644,11.632542808548644,11.632542808548644,0.3667812482233694,0.3667812482233694,0.3667812482233694,11.265761560325274,11.265761560325274,11.265761560325274,0.0,0.0,0.0,35.36849918676723
2023-07-20,23.735729166933577,28.802596102133233,40.826911328610855,23.735729166933577,23.735729166933577,11.053167897632774,11.053167897632774,11.053167897632774,-0.060478549996537914,-0.060478549996537914,-0.060478549996537914,11.11364644762931,11.11364644762931,11.11364644762931,0.0,0.0,0.0,34.78889706456635
2023-07-21,23.735501955648573,28.456822028819754,40.2678755889654,23.735501955648573,23.735501955648573,10.476090053418108,10.476090053418108,10.476090053418108,-0.46011495202290104,-0.46011495202290104,-0.46011495202290104,10.93620500544101,10.93620500544101,10.93620500544101,0.0,0.0,0.0,34.21159200906668
2023-07-22,23.735274744363565,28.66246392886944,40.48099203753195,23.735274744363565,23.735274744363565,10.796159167748637,10.796159167748637,10.796159167748637,0.06142651573610655,0.06142651573610655,0.06142651573610655,10.73473265201253,10.73473265201253,10.73473265201253,0.0,0.0,0.0,34.531433912112206
2023-07-23,23.735047533078557,28.536629214054496,40.601760185562355,23.735047533078557,23.735047533078557,10.78837936819028,10.78837936819028,10.78837936819028,0.27756591849761897,0.27756591849761897,0.27756591849761897,10.510813449692662,10.510813449692662,10.510813449692662,0.0,0.0,0.0,34.523426901268834
2023-07-24,23.73482032179355,27.69284712098005,40.68726272327008,23.73482032179355,23.73482032179355,10.63304207232841,10.63304207232841,10.63304207232841,0.36674902340205223,0.36674902340205223,0.36674902340205223,10.266293048926357,10.266293048926357,10.266293048926357,0.0,0.0,0.0,34.36786239412196
2023-07-25,23.734593110508545,26.709795429919737,39.53064545465861,23.734593110508545,23.734593110508545,9.45131882172449,9.45131882172449,9.45131882172449,-0.5519292038359171,-0.5519292038359171,-0.5519292038359171,10.003248025560406,10.003248025560406,10.003248025560406,0.0,0.0,0.0,33.18591193223303
2023-07-26,23.734365899223533,27.42362707263984,39.97372595530518,23.734365899223533,23.734365899223533,10.090733345684493,10.090733345684493,10.090733345684493,0.36678124822469416,0.36678124822469416,0.36678124822469416,9.723952097459799,9.723952097459799,9.723952097459799,0.0,0.0,0.0,33.825099244908024
2023-07-27,23.73413868793853,26.674688648365255,39.9944925290589,23.73413868793853,23.73413868793853,9.370361185314806,9.370361185314806,9.370361185314806,-0.06047854999841842,-0.06047854999841842,-0.06047854999841842,9.430839735313226,9.430839735313226,9.430839735313226,0.0,0.0,0.0,33.10449987325333
2023-08-01,23.73300263151349,24.129939406594897,37.64460867228359,23.73300263151349,23.73300263151349,7.297608822992232,7.297608822992232,7.297608822992232,-0.5519292038362047,-0.5519292038362047,-0.5519292038362047,7.849538026828437,7.849538026828437,7.849538026828437,0.0,0.0,0.0,31.03061145450572
2023-08-02,23.732775420228485,25.63687889273717,37.64323676016589,23.732775420228485,23.732775420228485,7.89544539493638,7.89544539493638,7.89544539493638,0.36678124822332064,0.36678124822332064,0.36678124822332064,7.52866414671306,7.52866414671306,7.52866414671306,0.0,0.0,0.0,31.628220815164866
2023-08-03,23.732548208943477,24.66956193062877,36.85704538925109,23.732548208943477,23.732548208943477,7.151687812976578,7.151687812976578,7.151687812976578,-0.06047854999645197,-0.06047854999645197,-0.06047854999645197,7.212166362973029,7.212166362973029,7.212166362973029,0.0,0.0,0.0,30.884236021920056
2023-08-04,23.73232099765847,23.332312603924,35.82326618369891,23.73232099765847,23.73232099765847,6.442210019675965,6.442210019675965,6.442210019675965,-0.46011495202339187,-0.46011495202339187,-0.46011495202339187,6.902324971699357,6.902324971699357,6.902324971699357,0.0,0.0,0.0,30.174531017334434
2023-08-05,23.73209378637346,23.7793816381777,36.46906864695071,23.73209378637346,23.73209378637346,6.662654524305975,6.662654524305975,6.662654524305975,0.06142651573624623,0.06142651573624623,0.06142651573624623,6.601228008569729,6.601228008569729,6.601228008569729,0.0,0.0,0.0,30.394748310679436
2023-08-06,23.731866575088457,24.146092049308375,36.91215598429325,23.731866575088457,23.731866575088457,6.588305368508485,6.588305368508485,6.588305368508485,0.2775659184997414,0.2775659184997414,0.2775659184997414,6.310739450008744,6.310739450008744,6.310739450008744,0.0,0.0,0.0,30.320171943596943
2023-08-07,23.731639363803446,23.471927281599946,36.10138978154056,23.731639363803446,23.731639363803446,6.399219863541703,6.399219863541703,6.399219863541703,0.3667490234008022,0.3667490234008022,0.3667490234008022,6.032470840140901,6.032470840140901,6.032470840140901,0.0,0.0,0.0,30.130859227345148
2023-08-08,23.73141215251844,22.09580556430443,34.82322652307351,23.73141215251844,23.73141215251844,5.215827603761252,5.215827603761252,5.215827603761252,-0.5519292038359849,-0.5519292038359849,-0.5519292038359849,5.7677568075972365,5.7677568075972365,5.7677568075972365,0.0,0.0,0.0,28.947239756279693
2023-08-09,23.731184941233433,23.080755315407515,35.65506512840931,23.731184941233433,23.731184941233433,5.884416149013547,5.884416149013547,5.884416149013547,0.3667812482230882,0.3667812482230882,0.3667812482230882,5.517634900790459,5.517634900790459,5.517634900790459,0.0,0.0,0.0,29.61560109024698
2023-08-10,23.730957729948425,22.376621436509698,35.02386755925444,23.730957729948425,23.730957729948425,5.222351578483211,5.222351578483211,5.222351578483211,-0.06047854999833248,-0.06047854999833248,-0.06047854999833248,5.282830128481543,5.282830128481543,5.282830128481543,0.0,0.0,0.0,28.953309308431635
2023-08-11,23.730730518663417,21.72075851599276,34.7221633276537,23.730730518663417,23.730730518663417,4.603629591664289,4.603629591664289,4.603629591664289,-0.4601149520240086,-0.4601149520240086,-0.4601149520240086,5.063744543688297,5.063744543688297,5.063744543688297,0.0,0.0,0.0,28.334360110327708
2023-08-12,23.730503307378413,22.04455565187552,35.145717107616576,23.730503307378413,23.730503307378413,4.921878668570664,4.921878668570664,4.921878668570664,0.061426515735370585,0.061426515735370585,0.061426515735370585,4.860452152835294,4.860452152835294,4.860452152835294,0.0,0.0,0.0,28.652381975949076
2023-08-13,23.730276096093405,23.074210909735264,34.70055903216208,23.730276096093405,23.730276096093405,4.950265286768336,4.950265286768336,4.950265286768336,0.277565918499512,0.277565918499512,0.277565918499512,4.672699368268824,4.672699368268824,4.672699368268824,0.0,0.0,0.0,28.68054138286174
2023-08-14,23.730048884808397,22.345123885729425,35.13667734202656,23.730048884808397,23.730048884808397,4.866660174043366,4.866660174043366,4.866660174043366,0.36674902340082893,0.36674902340082893,0.36674902340082893,4.499911150642537,4.499911150642537,4.499911150642537,0.0,0.0,0.0,28.596709058851765
2023-08-15,23.72982167352339,21.397673257962214,33.44819728259248,23.72982167352339,23.72982167352339,3.7892737046201286,3.7892737046201286,3.7892737046201286,-0.5519292038363398,-0.5519292038363398,-0.5519292038363398,4.341202908456468,4.341202908456468,4.341202908456468,0.0,0.0,0.0,27.51909537814352
2023-08-16,23.729594462238385,21.671842108488168,34.58248955240769,23.729594462238385,23.729594462238385,4.562179383719436,4.562179383719436,4.562179383719436,0.3667812482217147,0.3667812482217147,0.3667812482217147,4.1953981354977214,4.1953981354977214,4.1953981354977214,0.0,0.0,0.0,28.29177384595782
2023-08-17,23.729367250953374,21.39516917211252,33.88266246566792,23.729367250953374,23.729367250953374,4.000573123860574,4.000573123860574,4.000573123860574,-0.06047855000021298,-0.06047855000021298,-0.06047855000021298,4.061051673860787,4.061051673860787,4.061051673860787,0.0,0.0,0.0,27.72994037481395
2023-08-18,23.72914003966837,20.64678017375726,33.58531166616765,23.72914003966837,23.72914003966837,3.476363439571145,3.476363439571145,3.476363439571145,-0.46011495202250835,-0.46011495202250835,-0.46011495202250835,3.936478391593653,3.936478391593653,3.936478391593653,0.0,0.0,0.0,27.205503479239514
2023-08-19,23.72891282838336,20.936130207977065,33.70375677124406,23.72891282838336,23.72891282838336,3.881213476920847,3.881213476920847,3.881213476920847,0.06142651573638586,0.06142651573638586,0.06142651573638586,3.819786961184461,3.819786961184461,3.819786961184461,0.0,0.0,0.0,27.61012630530421
2023-08-20,23.728685617098353,21.510924005597175,34.2363108869316,23.728685617098353,23.728685617098353,3.9864842382919043,3.9864842382919043,3.9864842382919043,0.27756591850021833,0.27756591850021833,0.27756591850021833,3.7089183197916853,3.7089183197916853,3.7089183197916853,0.0,0.0,0.0,27.715169855390258
2023-08-21,23.728458405813345,21.47214738404012,33.919938588853704,23.728458405813345,23.728458405813345,3.968437309692991,3.968437309692991,3.968437309692991,0.36674902339998666,0.36674902339998666,0.36674902339998666,3.6016882862930046,3.6016882862930046,3.6016882862930046,0.0,0.0,0.0,27.696895715506336
2023-08-22,23.72823119452834,20.398505476948326,32.333632542152436,23.72823119452834,23.72823119452834,2.943904502331073,2.943904502331073,2.943904502331073,-0.5519292038361199,-0.5519292038361199,-0.5519292038361199,3.495833706167193,3.495833706167193,3.495833706167193,0.0,0.0,0.0,26.672135696859414
2023-08-23,23.72800398324333,21.408395390316997,34.04283053443946,23.72800398324333,23.72800398324333,3.7558426437035597,3.7558426437035597,3.7558426437035597,0.3667812482230395,0.3667812482230395,0.3667812482230395,3.3890613954805198,3.3890613954805198,3.3890613954805198,0.0,0.0,0.0,27.48384662694689
2023-08-24,23.727776771958325,20.5800410089664,33.47117519514923,23.727776771958325,23.727776771958325,3.218620512485721,3.218620512485721,3.218620512485721,-0.060478550000169995,-0.060478550000169995,-0.060478550000169995,3.279099062485891,3.279099062485891,3.279099062485891,0.0,0.0,0.0,26.946397284444046
2023-08-25,23.727549560673317,20.189671141582547,33.18853574220465,23.727549560673317,23.727549560673317,2.703632350355736,2.703632350355736,2.703632350355736,-0.46011495202524205,-0.46011495202524205,-0.46011495202524205,3.163747302380978,3.163747302380978,3.163747302380978,0.0,0.0,0.0,26.431181911029054
2023-08-26,23.72732234938831,20.709957084749917,33.190253822779795,23.72732234938831,23.72732234938831,3.1023582061482506,3.1023582061482506,3.1023582061482506,0.061426515736071156,0.061426515736071156,0.061426515736071156,3.0409316904121795,3.0409316904121795,3.0409316904121795,0.0,0.0,0.0,26.82968055553656
2023-08-27,23.7270951381033,20.484364174469114,33.20333260231683,23.7270951381033,23.7270951381033,3.1863198621022004,3.1863198621022004,3.1863198621022004,0.2775659184986984,0.2775659184986984,0.2775659184986984,2.9087539436035024,2.9087539436035024,2.9087539436035024,0.0,0.0,0.0,26.913415000205504
2023-09-01,23.725959081678266,18.976699689510554,31.695896293999155,23.725959081678266,23.725959081678266,1.5991055637286382,1.5991055637286382,1.5991055637286382,-0.4601149520237419,-0.4601149520237419,-0.4601149520237419,2.05922051575238,2.05922051575238,2.05922051575238,0.0,0.0,0.0,25.325064645406904
2023-09-02,23.725731870393258,19.043703762417238,31.669793362400124,23.725731870393258,23.725731870393258,1.908013665564262,1.908013665564262,1.908013665564262,0.061426515737086455,0.061426515737086455,0.061426515737086455,1.8465871498271758,1.8465871498271758,1.8465871498271758,0.0,0.0,0.0,25.63374553595752
2023-09-03,23.725504659108253,18.823524466029433,31.56062241326826,23.725504659108253,23.725504659108253,1.8974107429708562,1.8974107429708562,1.8974107429708562,0.2775659184997596,0.2775659184997596,0.2775659184997596,1.6198448244710966,1.6198448244710966,1.6198448244710966,0.0,0.0,0.0,25.62291540207911
2023-09-04,23.725277447823245,19.541788767101185,31.86189577290076,23.725277447823245,23.725277447823245,1.7466346246058413,1.7466346246058413,1.7466346246058413,0.36674902339873655,0.36674902339873655,0.36674902339873655,1.3798856012071046,1.3798856012071046,1.3798856012071046,0.0,0.0,0.0,25.471912072429088
2023-09-05,23.725050236540874,17.838650703136715,30.607919348868815,23.725050236540874,23.725050236540874,0.5760964775813713,0.5760964775813713,0.5760964775813713,-0.5519292038362549,-0.5519292038362549,-0.5519292038362549,1.1280256814176262,1.1280256814176262,1.1280256814176262,0.0,0.0,0.0,24.301146714122243
2023-09-06,23.724823025258498,18.732605205535833,30.547873313910042,23.724823025258498,23.724823025258498,1.232774981603504,1.232774981603504,1.232774981603504,0.3667812482229907,0.3667812482229907,0.3667812482229907,0.8659937333805136,0.8659937333805136,0.8659937333805136,0.0,0.0,0.0,24.957598006862003
2023-09-07,23.724595813976126,18.067211398584156,30.364635243162184,23.724595813976126,23.724595813976126,0.5354310531514318,0.5354310531514318,0.5354310531514318,-0.06047854999790926,-0.06047854999790926,-0.06047854999790926,0.595909603149341,0.595909603149341,0.595909603149341,0.0,0.0,0.0,24.260026867127557
2023-09-08,23.72436860269375,17.073201040475038,30.152922859403063,23.72436860269375,23.72436860269375,-0.13986149192708938,-0.13986149192708938,-0.13986149192708938,-0.4601149520222418,-0.4601149520222418,-0.4601149520222418,0.32025346009515243,0.32025346009515243,0.32025346009515243,0.0,0.0,0.0,23.584507110766662
2023-09-09,23.724141391411376,17.894273002864992,29.72175620528012,23.724141391411376,23.724141391411376,0.10325215976391355,0.10325215976391355,0.10325215976391355,0.06142651573621079,0.06142651573621079,0.06142651573621079,0.04182564402770276,0.04182564402770276,0.04182564402770276,0.0,0.0,0.0,23.82739355117529
2023-09-10,23.723914180129004,17.433765120331337,29.783052543666393,23.723914180129004,23.723914180129004,0.041263620482915694,0.041263620482915694,0.041263620482915694,0.2775659184995303,0.2775659184995303,0.2775659184995303,-0.2363022980166146,-0.2363022980166146,-0.2363022980166146,0.0,0.0,0.0,23.76517780061192
2023-09-11,23.72368696884663,17.35620192277638,30.167180747342027,23.72368696884663,23.72368696884663,-0.1440956526794226,-0.1440956526794226,-0.1440956526794226,0.3667490234006848,0.3667490234006848,0.3667490234006848,-0.5108446760801074,-0.5108446760801074,-0.5108446760801074,0.0,0.0,0.0,23.579591316167207
2023-09-12,23.723459757564257,16.096338010855014,28.504392745510042,23.723459757564257,23.723459757564257,-1.3302951016943454,-1.3302951016943454,-1.3302951016943454,-0.5519292038365425,-0.5519292038365425,-0.5519292038365425,-0.7783658978578029,-0.7783658978578029,-0.7783658978578029,0.0,0.0,0.0,22.39316465586991
2023-09-13,23.72323254628188,17.011649928029783,29.215542868509107,23.72323254628188,23.72323254628188,-0.6685695080106054,-0.6685695080106054,-0.6685695080106054,0.36678124822296626,0.36678124822296626,0.36678124822296626,-1.0353507562335718,-1.0353507562335718,-1.0353507562335718,0.0,0.0,0.0,23.054663038271276
2023-09-14,23.723005334999506,16.791292954133322,29.104045874923,23.723005334999506,23.723005334999506,-1.3387579968022036,-1.3387579968022036,-1.3387579968022036,-0.060478549999789764,-0.060478549999789764,-0.060478549999789764,-1.2782794468024137,-1.2782794468024137,-1.2782794468024137,0.0,0.0,0.0,22.3842473381973
2023-09-15,23.722778123717134,15.719357958918907,27.741165051962135,23.722778123717134,23.722778123717134,-1.9638207850688416,-1.9638207850688416,-1.9638207850688416,-0.4601149520228585,-0.4601149520228585,-0.4601149520228585,-1.503705833045983,-1.503705833045983,-1.503705833045983,0.0,0.0,0.0,21.758957338648294
2023-09-16,23.72255091243476,16.077099527880282,28.69748310670886,23.72255091243476,23.72255091243476,-1.6469108231948613,-1.6469108231948613,-1.6469108231948613,0.0614265157340051,0.0614265157340051,0.0614265157340051,-1.7083373389288663,-1.7083373389288663,-1.7083373389288663,0.0,0.0,0.0,22.075640089239897
2023-09-17,23.722323701152384,15.854053217868032,28.052582257210112,23.722323701152384,23.722323701152384,-1.611548824525683,-1.611548824525683,-1.611548824525683,0.2775659184993009,0.2775659184993009,0.2775659184993009,-1.889114743024984,-1.889114743024984,-1.889114743024984,0.0,0.0,0.0,22.1107748766267
2023-09-18,23.72209648987001,15.597177425643514,28.17819546709521,23.72209648987001,23.72209648987001,-1.6765410556312168,-1.6765410556312168,-1.6765410556312168,0.3667490234007116,0.3667490234007116,0.3667490234007116,-2.0432900790319284,-2.0432900790319284,-2.0432900790319284,0.0,0.0,0.0,22.045555434238796
2023-09-19,23.721869278587636,14.471465793880096,27.250116036677056,23.721869278587636,23.721869278587636,-2.720430021850603,-2.720430021850603,-2.720430021850603,-0.551929203835815,-0.551929203835815,-0.551929203835815,-2.1685008180147882,-2.1685008180147882,-2.1685008180147882,0.0,0.0,0.0,21.001439256737033
2023-09-20,23.721642067305265,15.446107338695947,28.623683518341426,23.721642067305265,23.721642067305265,-1.896057272266219,-1.896057272266219,-1.896057272266219,0.36678124822429103,0.36678124822429103,0.36678124822429103,-2.26283852049051,-2.26283852049051,-2.26283852049051,0.0,0.0,0.0,21.825584795039045
2023-09-21,23.72141485602289,14.833711102122745,27.09004192280967,23.72141485602289,23.72141485602289,-2.385388753081464,-2.385388753081464,-2.385388753081464,-0.060478549999746785,-0.060478549999746785,-0.060478549999746785,-2.3249102030817177,-2.3249102030817177,-2.3249102030817177,0.0,0.0,0.0,21.336026102941425
2023-09-22,23.721187644740514,14.308990755422867,27.04607307944221,23.721187644740514,23.721187644740514,-2.8140057173816624,-2.8140057173816624,-2.8140057173816624,-0.46011495202273245,-0.46011495202273245,-0.46011495202273245,-2.35389076535893,-2.35389076535893,-2.35389076535893,0.0,0.0,0.0,20.907181927358852
2023-09-23,23.720960433458142,15.652434126229714,27.600310620569132,23.720960433458142,23.720960433458142,-2.2881384512768324,-2.2881384512768324,-2.2881384512768324,0.061426515733129454,0.061426515733129454,0.061426515733129454,-2.349564967009962,-2.349564967009962,-2.349564967009962,0.0,0.0,0.0,21.43282198218131
2023-09-24,23.720733222175767,15.565242014755613,27.758648845642558,23.720733222175767,23.720733222175767,-2.0347917133746733,-2.0347917133746733,-2.0347917133746733,0.27756591849907164,0.27756591849907164,0.27756591849907164,-2.3123576318737453,-2.3123576318737453,-2.3123576318737453,0.0,0.0,0.0,21.685941508801093
2023-09-25,23.720506010893395,15.502457219177069,27.885052585599368,23.720506010893395,23.720506010893395,-1.8766019572017525,-1.8766019572017525,-1.8766019572017525,0.36674902339986926,0.36674902339986926,0.36674902339986926,-2.2433509806016216,-2.2433509806016216,-2.2433509806016216,0.0,0.0,0.0,21.84390405369164
2023-09-26,23.72027879961102,14.793514293667819,27.03585990935634,23.72027879961102,23.72027879961102,-2.6962174576279274,-2.6962174576279274,-2.6962174576279274,-0.5519292038361027,-0.5519292038361027,-0.5519292038361027,-2.144288253791825,-2.144288253791825,-2.144288253791825,0.0,0.0,0.0,21.024061341983092
2023-09-27,23.720051588328644,15.935395790561705,28.18058801957836,23.720051588328644,23.720051588328644,-1.650781828917629,-1.650781828917629,-1.650781828917629,0.3667812482227095,0.3667812482227095,0.3667812482227095,-2.0175630771403386,-2.0175630771403386,-2.0175630771403386,0.0,0.0,0.0,22.069269759411014
2023-10-01,23.71914274319915,16.718743132054293,29.076932476852182,23.71914274319915,23.71914274319915,-1.0253014412165005,-1.0253014412165005,-1.0253014412165005,0.2775659185001329,0.2775659185001329,0.2775659185001329,-1.3028673597166334,-1.3028673597166334,-1.3028673597166334,0.0,0.0,0.0,22.69384130198265
2023-10-02,23.718915531916775,16.41071543915937,29.722281474715235,23.718915531916775,23.718915531916775,-0.7271983775880444,-0.7271983775880444,-0.7271983775880444,0.3667490233994615,0.3667490233994615,0.3667490233994615,-1.0939474009875059,-1.0939474009875059,-1.0939474009875059,0.0,0.0,0.0,22.99171715432873
2023-10-03,23.718688320634403,16.389578267509076,28.557470031053363,23.718688320634403,23.718688320634403,-1.4349327445035613,-1.4349327445035613,-1.4349327445035613,-0.5519292038363903,-0.5519292038363903,-0.5519292038363903,-0.8830035406671709,-0.8830035406671709,-0.8830035406671709,0.0,0.0,0.0,22.28375557613084
2023-10-04,23.718461109352027,16.911001236052883,29.758722754057843,23.718461109352027,23.718461109352027,-0.30874010264724105,-0.30874010264724105,-0.30874010264724105,0.3667812482240343,0.3667812482240343,0.3667812482240343,-0.6755213508712754,-0.6755213508712754,-0.6755213508712754,0.0,0.0,0.0,23.409721006704785
2023-10-05,23.718233898069656,16.982313204199563,28.922723777355586,23.718233898069656,23.718233898069656,-0.5375586071956373,-0.5375586071956373,-0.5375586071956373,-0.06047854999966084,-0.06047854999966084,-0.06047854999966084,-0.47708005719597646,-0.47708005719597646,-0.47708005719597646,0.0,0.0,0.0,23.180675290874017
2023-10-06,23.71800668678728,16.283867749528945,28.938174176900475,23.71800668678728,23.71800668678728,-0.7533573724600606,-0.7533573724600606,-0.7533573724600606,-0.460114952023966,-0.460114952023966,-0.460114952023966,-0.29324242043609455,-0.29324242043609455,-0.29324242043609455,0.0,0.0,0.0,22.964649314327218
2023-10-07,23.717779475504905,17.699754613781923,30.01043101396548,23.717779475504905,23.717779475504905,-0.06801569559008658,-0.06801569559008658,-0.06801569559008658,0.06142651573516005,0.06142651573516005,0.06142651573516005,-0.12944221132524664,-0.12944221132524664,-0.12944221132524664,0.0,0.0,0.0,23.649763779914817
2023-10-08,23.717552264222533,18.078922240319258,30.47666136707559,23.717552264222533,23.717552264222533,0.2866941503028864,0.2866941503028864,0.2866941503028864,0.2775659184995486,0.2775659184995486,0.2775659184995486,0.009128231803337819,0.009128231803337819,0.009128231803337819,0.0,0.0,0.0,24.00424641452542
2023-10-09,23.717325052940158,17.59850657759919,30.798278152977158,23.717325052940158,23.717325052940158,0.4843768314069637,0.4843768314069637,0.4843768314069637,0.3667490234018443,0.3667490234018443,0.3667490234018443,0.11762780800511936,0.11762780800511936,0.11762780800511936,0.0,0.0,0.0,24.20170188434712
2023-10-10,23.717097841657782,17.14252190662611,30.218445361987726,23.717097841657782,23.717097841657782,-0.36025794149447327,-0.36025794149447327,-0.36025794149447327,-0.5519292038356628,-0.5519292038356628,-0.5519292038356628,0.19167126234118959,0.19167126234118959,0.19167126234118959,0.0,0.0,0.0,23.35683990016331
2023-10-11,23.71687063037541,17.942683498610347,30.2799943963158,23.71687063037541,23.71687063037541,0.5942073445457933,0.5942073445457933,0.5942073445457933,0.3667812482226608,0.3667812482226608,0.3667812482226608,0.22742609632313246,0.22742609632313246,0.22742609632313246,0.0,0.0,0.0,24.311077974921204
2023-10-12,23.716643419093035,17.45821034931012,30.203403708465544,23.716643419093035,23.716643419093035,0.16122084758746208,0.16122084758746208,0.16122084758746208,-0.06047855000154134,-0.06047855000154134,-0.06047855000154134,0.22169939758900345,0.22169939758900345,0.22169939758900345,0.0,0.0,0.0,23.877864266680497
2023-10-13,23.716416207810664,17.13481790036294,30.11110527054734,23.716416207810664,23.716416207810664,-0.28810256587654265,-0.28810256587654265,-0.28810256587654265,-0.4601149520238402,-0.4601149520238402,-0.4601149520238402,0.17201238614729744,0.17201238614729744,0.17201238614729744,0.0,0.0,0.0,23.42831364193412
2023-10-14,23.716188996528288,17.585607601514088,30.133844207683033,23.716188996528288,23.716188996528288,0.13808722804820586,0.13808722804820586,0.13808722804820586,0.06142651573428438,0.06142651573428438,0.06142651573428438,0.07666071231392148,0.07666071231392148,0.07666071231392148,0.0,0.0,0.0,23.854276224576495
2023-10-15,23.715961785245913,17.383417797687528,30.07247984897918,23.715961785245913,23.715961785245913,0.2123247511410436,0.2123247511410436,0.2123247511410436,0.2775659185006098,0.2775659185006098,0.2775659185006098,-0.0652411673595662,-0.0652411673595662,-0.0652411673595662,0.0,0.0,0.0,23.928286536386956
2023-10-16,23.71573457396354,17.354443759368845,30.105425992771405,23.71573457396354,23.71573457396354,0.11301615225438072,0.11301615225438072,0.11301615225438072,0.3667490234014365,0.3667490234014365,0.3667490234014365,-0.2537328711470558,-0.2537328711470558,-0.2537328711470558,0.0,0.0,0.0,23.828750726217923
2023-10-17,23.715507362681166,15.603333350960561,28.789687088034057,23.715507362681166,23.715507362681166,-1.0399283900519651,-1.0399283900519651,-1.0399283900519651,-0.5519292038359505,-0.5519292038359505,-0.5519292038359505,-0.48799918621601457,-0.48799918621601457,-0.48799918621601457,0.0,0.0,0.0,22.6755789726292
2023-10-18,23.715280151398794,17.210488425115305,29.894788395826417,23.715280151398794,23.715280151398794,-0.3995986726749061,-0.3995986726749061,-0.3995986726749061,0.36678124822398556,0.36678124822398556,0.36678124822398556,-0.7663799208988916,-0.7663799208988916,-0.7663799208988916,0.0,0.0,0.0,23.31568147872389
2023-10-19,23.71505294011642,16.263547402615053,28.8570567947043,23.71505294011642,23.71505294011642,-1.1468771772113246,-1.1468771772113246,-1.1468771772113246,-0.060478549997400086,-0.060478549997400086,-0.060478549997400086,-1.0863986272139243,-1.0863986272139243,-1.0863986272139243,0.0,0.0,0.0,22.568175762905092
2023-10-20,23.714825728834043,14.979557713343235,28.24938207536676,23.714825728834043,23.714825728834043,-1.9049248123774267,-1.9049248123774267,-1.9049248123774267,-0.46011495202233993,-0.46011495202233993,-0.46011495202233993,-1.444809860355087,-1.444809860355087,-1.444809860355087,0.0,0.0,0.0,21.809900916456616
2023-10-21,23.71459851755167,15.133868861736376,28.16643113446871,23.71459851755167,23.71459851755167,-1.7762376794839765,-1.7762376794839765,-1.7762376794839765,0.06142651573719068,0.06142651573719068,0.06142651573719068,-1.8376641952211674,-1.8376641952211674,-1.8376641952211674,0.0,0.0,0.0,21.938360838067695
2023-10-22,23.714371306269296,15.511511848000051,27.805009731675195,23.714371306269296,23.714371306269296,-1.9828238646150105,-1.9828238646150105,-1.9828238646150105,0.27756591849908985,0.27756591849908985,0.27756591849908985,-2.2603897831141,-2.2603897831141,-2.2603897831141,0.0,0.0,0.0,21.731547441654286
2023-10-23,23.714144094986924,15.542414398152115,27.783133224303615,23.714144094986924,23.714144094986924,-2.3411397921116386,-2.3411397921116386,-2.3411397921116386,0.3667490234010287,0.3667490234010287,0.3667490234010287,-2.7078888155126672,-2.7078888155126672,-2.7078888155126672,0.0,0.0,0.0,21.373004302875287
2023-10-24,23.71391688370455,13.830213598242882,26.177684975886777,23.71391688370455,23.71391688370455,-3.726576081025025,-3.726576081025025,-3.726576081025025,-0.5519292038363054,-0.5519292038363054,-0.5519292038363054,-3.17464687718872,-3.17464687718872,-3.17464687718872,0.0,0.0,0.0,19.987340802679523
2023-10-25,23.713689672422174,14.831526934637662,26.825929906388517,23.713689672422174,23.713689672422174,-3.288071579656339,-3.288071579656339,-3.288071579656339,0.3667812482253103,0.3667812482253103,0.3667812482253103,-3.6548528278816494,-3.6548528278816494,-3.6548528278816494,0.0,0.0,0.0,20.425618092765834
2023-10-26,23.7134624611398,12.867547426419632,25.13809429074473,23.7134624611398,23.7134624611398,-4.203005109871995,-4.203005109871995,-4.203005109871995,-0.06047854999928059,-0.06047854999928059,-0.06047854999928059,-4.142526559872714,-4.142526559872714,-4.142526559872714,0.0,0.0,0.0,19.510457351267807
2023-10-27,23.713235249857426,12.111110415497613,24.845887245197822,23.713235249857426,23.713235249857426,-5.091766698071413,-5.091766698071413,-5.091766698071413,-0.46011495202295666,-0.46011495202295666,-0.46011495202295666,-4.631651746048456,-4.631651746048456,-4.631651746048456,0.0,0.0,0.0,18.621468551786013
2023-11-01,23.712099193445557,10.96472627195608,23.039648103927483,23.712099193445557,23.712099193445557,-6.535917036365054,-6.535917036365054,-6.535917036365054,0.36678124822393676,0.36678124822393676,0.36678124822393676,-6.902698284588991,-6.902698284588991,-6.902698284588991,0.0,0.0,0.0,17.176182157080504
2023-11-02,23.71187198216318,10.28571225670928,22.965055992493223,23.71187198216318,23.71187198216318,-7.349194588095154,-7.349194588095154,-7.349194588095154,-0.06047854999731412,-0.06047854999731412,-0.06047854999731412,-7.2887160380978395,-7.2887160380978395,-7.2887160380978395,0.0,0.0,0.0,16.36267739406803
2023-11-03,23.7116447699295,9.294321138957534,21.88053113147071,23.7116447699295,23.7116447699295,-8.10394171393937,-8.10394171393937,-8.10394171393937,-0.4601149520235734,-0.4601149520235734,-0.4601149520235734,-7.643826761915797,-7.643826761915797,-7.643826761915797,0.0,0.0,0.0,15.607703055990129
2023-11-04,23.71141755769582,9.956156953947723,22.40628987339767,23.71141755769582,23.71141755769582,-7.9046596143941805,-7.9046596143941805,-7.9046596143941805,0.0614265157341093,0.0614265157341093,0.0614265157341093,-7.96608613012829,-7.96608613012829,-7.96608613012829,0.0,0.0,0.0,15.80675794330164
2023-11-05,23.71119034546214,9.68246138127227,22.087107048738655,23.71119034546214,23.71119034546214,-7.9768669810340675,-7.9768669810340675,-7.9768669810340675,0.27756591849827633,0.27756591849827633,0.27756591849827633,-8.254432899532343,-8.254432899532343,-8.254432899532343,0.0,0.0,0.0,15.734323364428072
2023-11-06,23.710963133228457,8.994663889565826,21.704147832720135,23.710963133228457,23.710963133228457,-8.141963754294164,-8.141963754294164,-8.141963754294164,0.3667490233997787,0.3667490233997787,0.3667490233997787,-8.508712777693942,-8.508712777693942,-8.508712777693942,0.0,0.0,0.0,15.568999378934294
2023-11-07,23.710735920994775,7.816249550635439,20.980045763725943,23.710735920994775,23.710735920994775,-9.281609803215025,-9.281609803215025,-9.281609803215025,-0.5519292038363732,-0.5519292038363732,-0.5519292038363732,-8.72968059937865,-8.72968059937865,-8.72968059937865,0.0,0.0,0.0,14.42912611777975
2023-11-08,23.710508708761093,8.607637533889072,20.881827779098067,23.710508708761093,23.710508708761093,-8.552199275466002,-8.552199275466002,-8.552199275466002,0.3667812482252615,0.3667812482252615,0.3667812482252615,-8.918980523691264,-8.918980523691264,-8.918980523691264,0.0,0.0,0.0,15.158309433295091
2023-11-09,23.710281496527415,8.41453483302895,20.502298624975246,23.710281496527415,23.710281496527415,-9.139583042605176,-9.139583042605176,-9.139583042605176,-0.060478549997019806,-0.060478549997019806,-0.060478549997019806,-9.079104492608156,-9.079104492608156,-9.079104492608156,0.0,0.0,0.0,14.570698453922239
2023-11-10,23.710054284293737,7.892640960060036,19.75927322731234,23.710054284293737,23.710054284293737,-9.673444672898691,-9.673444672898691,-9.673444672898691,-0.4601149520241901,-0.4601149520241901,-0.4601149520241901,-9.213329720874501,-9.213329720874501,-9.213329720874501,0.0,0.0,0.0,14.036609611395045
2023-11-11,23.709827072060055,7.848585658689023,20.745768496134367,23.709827072060055,23.709827072060055,-9.26420998857917,-9.26420998857917,-9.26420998857917,0.06142651573323361,0.06142651573323361,0.06142651573323361,-9.325636504312405,-9.325636504312405,-9.325636504312405,0.0,0.0,0.0,14.445617083480885
2023-11-12,23.709599859826373,8.281304426312982,20.941812905941784,23.709599859826373,23.709599859826373,-9.1430422069254,-9.1430422069254,-9.1430422069254,0.27756591849933754,0.27756591849933754,0.27756591849933754,-9.420608125424739,-9.420608125424739,-9.420608125424739,0.0,0.0,0.0,14.566557652900972
2023-11-13,23.70937264759269,8.282328881661229,21.000763540676918,23.70937264759269,23.70937264759269,-9.136566065845317,-9.136566065845317,-9.136566065845317,0.3667490233998054,0.3667490233998054,0.3667490233998054,-9.503315089245122,-9.503315089245122,-9.503315089245122,0.0,0.0,0.0,14.572806581747374
2023-11-14,23.70914543535901,7.379619083258741,19.53167565789752,23.70914543535901,23.70914543535901,-10.13111553082553,-10.13111553082553,-10.13111553082553,-0.5519292038361532,-0.5519292038361532,-0.5519292038361532,-9.579186326989376,-9.579186326989376,-9.579186326989376,0.0,0.0,0.0,13.578029904533478
2023-11-15,23.70891822312533,7.832733982347781,20.507609597147194,23.70891822312533,23.70891822312533,-9.287089101285805,-9.287089101285805,-9.287089101285805,0.36678124822368,0.36678124822368,0.36678124822368,-9.653870349509486,-9.653870349509486,-9.653870349509486,0.0,0.0,0.0,14.421829121839526
2023-11-16,23.708691010891652,7.880479848169639,20.224325290914507,23.708691010891652,23.708691010891652,-9.793568157631057,-9.793568157631057,-9.793568157631057,-0.06047854999697685,-0.06047854999697685,-0.06047854999697685,-9.73308960763408,-9.73308960763408,-9.73308960763408,0.0,0.0,0.0,13.915122853260595
2023-11-17,23.70846379865797,7.017898241650799,20.10913438109722,23.70846379865797,23.70846379865797,-10.282606466644383,-10.282606466644383,-10.282606466644383,-0.46011495202269,-0.46011495202269,-0.46011495202269,-9.822491514621694,-9.822491514621694,-9.822491514621694,0.0,0.0,0.0,13.425857332013587
2023-11-18,23.708236586424288,7.095314584174473,19.864346133048848,23.708236586424288,23.708236586424288,-9.866073185570933,-9.866073185570933,-9.866073185570933,0.06142651573424893,0.06142651573424893,0.06142651573424893,-9.927499701305182,-9.927499701305182,-9.927499701305182,0.0,0.0,0.0,13.842163400853355
2023-11-19,23.708009374190606,7.805858085653603,20.10930693951202,23.708009374190606,23.708009374190606,-9.775603185037154,-9.775603185037154,-9.775603185037154,0.2775659185003988,0.2775659185003988,0.2775659185003988,-10.053169103537552,-10.053169103537552,-10.053169103537552,0.0,0.0,0.0,13.932406189153452
2023-11-20,23.707782161956928,7.9240932774651585,20.689431297260512,23.707782161956928,23.707782161956928,-9.837299399043342,-9.837299399043342,-9.837299399043342,0.36674902340175364,0.36674902340175364,0.36674902340175364,-10.204048422445096,-10.204048422445096,-10.204048422445096,0.0,0.0,0.0,13.870482762913586
2023-11-21,23.707554949723246,5.982802441056217,19.017547073958198,23.707554949723246,23.707554949723246,-10.935982555383365,-10.935982555383365,-10.935982555383365,-0.5519292038359334,-0.5519292038359334,-0.5519292038359334,-10.384053351547433,-10.384053351547433,-10.384053351547433,0.0,0.0,0.0,12.77157239433988
2023-11-22,23.707327737489564,7.687746698305584,19.645471381178453,23.707327737489564,23.707327737489564,-10.229572485550854,-10.229572485550854,-10.229572485550854,0.3667812482236556,0.3667812482236556,0.3667812482236556,-10.596353733774508,-10.596353733774508,-10.596353733774508,0.0,0.0,0.0,13.47775525193871
2023-11-23,23.707100525255886,6.682954522457616,18.832405350730344,23.707100525255886,23.707100525255886,-10.903756050735902,-10.903756050735902,-10.903756050735902,-0.06047854999885735,-0.06047854999885735,-0.06047854999885735,-10.843277500737045,-10.843277500737045,-10.843277500737045,0.0,0.0,0.0,12.803344474519983
2023-11-24,23.706873313022204,5.6841180749052675,18.444110963227832,23.706873313022204,23.706873313022204,-11.586348815428167,-11.586348815428167,-11.586348815428167,-0.4601149520254236,-0.4601149520254236,-0.4601149520254236,-11.126233863402742,-11.126233863402742,-11.126233863402742,0.0,0.0,0.0,12.120524497594037
2023-11-25,23.70664610078852,6.140303791376061,18.467015069392737,23.70664610078852,23.70664610078852,-11.384231260686361,-11.384231260686361,-11.384231260686361,0.06142651573526426,0.06142651573526426,0.06142651573526426,-11.445657776421625,-11.445657776421625,-11.445657776421625,0.0,0.0,0.0,12.32241484010216
2023-11-26,23.706418888554843,6.255494546550758,18.451669827722217,23.706418888554843,23.706418888554843,-11.523411279868252,-11.523411279868252,-11.523411279868252,0.27756591849887885,0.27756591849887885,0.27756591849887885,-11.80097719836713,-11.80097719836713,-11.80097719836713,0.0,0.0,0.0,12.18300760868659
2023-11-27,23.70619167632116,5.47780060181172,17.504235758501142,23.70619167632116,23.70619167632116,-11.82385510574535,-11.82385510574535,-11.82385510574535,0.3667490234013459,0.3667490234013459,0.3667490234013459,-12.190604129146696,-12.190604129146696,-12.190604129146696,0.0,0.0,0.0,11.882336570575811
2023-12-01,23.70528282738644,2.828748006916256,15.432071293863903,23.70528282738644,23.70528282738644,-14.486501969356699,-14.486501969356699,-14.486501969356699,-0.4601149520231808,-0.4601149520231808,-0.4601149520231808,-14.02638701733352,-14.02638701733352,-14.02638701733352,0.0,0.0,0.0,9.218780858029742
2023-12-02,23.70505561515276,3.0149258020371423,15.707122008583,23.70505561515276,23.70505561515276,-14.469131742087995,-14.469131742087995,-14.469131742087995,0.061426515734949526,0.061426515734949526,0.061426515734949526,-14.530558257822946,-14.530558257822946,-14.530558257822946,0.0,0.0,0.0,9.235923873064763
2023-12-03,23.704828402919077,2.6410169151314924,15.367063571233121,23.704828402919077,23.704828402919077,-14.763084132360625,-14.763084132360625,-14.763084132360625,0.2775659184999401,0.2775659184999401,0.2775659184999401,-15.040650050860565,-15.040650050860565,-15.040650050860565,0.0,0.0,0.0,8.941744270558452
2023-12-04,23.704601190685395,1.8570629041256534,14.682684121161557,23.704601190685395,23.704601190685395,-15.182901457060781,-15.182901457060781,-15.182901457060781,0.3667490234005036,0.3667490234005036,0.3667490234005036,-15.549650480461283,-15.549650480461283,-15.549650480461283,0.0,0.0,0.0,8.521699733624613
2023-12-05,23.704373978451713,1.2941357814492795,13.662082261138785,23.704373978451713,23.704373978451713,-16.602175284554505,-16.602175284554505,-16.602175284554505,-0.5519292038354935,-0.5519292038354935,-0.5519292038354935,-16.05024608071901,-16.05024608071901,-16.05024608071901,0.0,0.0,0.0,7.102198693897208
2023-12-06,23.704146766218035,1.5480103880265312,13.62291049968489,23.704146766218035,23.704146766218035,-16.16819783867354,-16.16819783867354,-16.16819783867354,0.3667812482220497,0.3667812482220497,0.3667812482220497,-16.53497908689559,-16.53497908689559,-16.53497908689559,0.0,0.0,0.0,7.535948927544496
2023-12-07,23.703919553984356,0.7611150810503458,12.634668022590144,23.703919553984356,23.703919553984356,-17.056887841537513,-17.056887841537513,-17.056887841537513,-0.06047854999877143,-0.06047854999877143,-0.06047854999877143,-16.996409291538743,-16.996409291538743,-16.996409291538743,0.0,0.0,0.0,6.647031712446843
2023-12-08,23.703692341750674,-0.6963613368549941,12.109487227157466,23.703692341750674,23.703692341750674,-17.887391646934713,-17.887391646934713,-17.887391646934713,-0.46011495202379754,-0.46011495202379754,-0.46011495202379754,-17.42727669491092,-17.42727669491092,-17.42727669491092,0.0,0.0,0.0,5.816300694815961
2023-12-09,23.703465129516992,0.030146316709273327,12.337717487027966,23.703465129516992,23.703465129516992,-17.759234590647377,-17.759234590647377,-17.759234590647377,0.06142651573407388,0.06142651573407388,0.06142651573407388,-17.820661106381454,-17.820661106381454,-17.820661106381454,0.0,0.0,0.0,5.944230538869615
2023-12-10,23.70323791728331,-0.23655688589680504,11.907037936612001,23.70323791728331,23.70323791728331,-17.892568996173928,-17.892568996173928,-17.892568996173928,0.27756591849971074,0.27756591849971074,0.27756591849971074,-18.170134914673636,-18.170134914673636,-18.170134914673636,0.0,0.0,0.0,5.810668921109382
2023-12-11,23.70301070504963,-0.39944156373514167,11.934047576531295,23.70301070504963,23.70301070504963,-18.10315637555461,-18.10315637555461,-18.10315637555461,0.3667490233996613,0.3667490233996613,0.3667490233996613,-18.46990539895427,-18.46990539895427,-18.46990539895427,0.0,0.0,0.0,5.599854329495017
2023-12-12,23.70278349281595,-1.8500223233443698,10.408684678227857,23.70278349281595,23.70278349281595,-19.26687239985647,-19.26687239985647,-19.26687239985647,-0.551929203836356,-0.551929203836356,-0.551929203836356,-18.714943196020112,-18.714943196020112,-18.714943196020112,0.0,0.0,0.0,4.435911092959479
2023-12-13,23.70255628058227,-1.6019105123305377,10.895826991137042,23.70255628058227,23.70255628058227,-18.534312617249643,-18.534312617249643,-18.534312617249643,0.36678124822202535,0.36678124822202535,0.36678124822202535,-18.90109386547167,-18.90109386547167,-18.90109386547167,0.0,0.0,0.0,5.168243663332628
2023-12-14,23.70232906834859,-1.6430608840909098,10.90862522967368,23.70232906834859,23.70232906834859,-19.08564844688794,-19.08564844688794,-19.08564844688794,-0.060478550000651936,-0.060478550000651936,-0.060478550000651936,-19.025169896887288,-19.025169896887288,-19.025169896887288,0.0,0.0,0.0,4.616680621460649
2023-12-15,23.702101856114908,-2.2462445982295782,10.546199621247323,23.702101856114908,23.702101856114908,-19.545135922724555,-19.545135922724555,-19.545135922724555,-0.4601149520222974,-0.4601149520222974,-0.4601149520222974,-19.085020970702256,-19.085020970702256,-19.085020970702256,0.0,0.0,0.0,4.156965933390353
2023-12-16,23.701874643881226,-1.1167302060957005,11.014262106964518,23.701874643881226,23.701874643881226,-19.018154290605114,-19.018154290605114,-19.018154290605114,0.061426515735089185,0.061426515735089185,0.061426515735089185,-19.079580806340203,-19.079580806340203,-19.079580806340203,0.0,0.0,0.0,4.683720353276112
2023-12-17,23.701647431647544,-1.094048661280004,11.166246116064105,23.701647431647544,23.701647431647544,-18.731323575631308,-18.731323575631308,-18.731323575631308,0.2775659184991265,0.2775659184991265,0.2775659184991265,-19.008889494130432,-19.008889494130432,-19.008889494130432,0.0,0.0,0.0,4.970323856016236
2023-12-18,23.701420219413865,-1.2415093578118905,11.665851845526637,23.701420219413865,23.701420219413865,-18.507341774438785,-18.507341774438785,-18.507341774438785,0.36674902339968807,0.36674902339968807,0.36674902339968807,-18.874090797838473,-18.874090797838473,-18.874090797838473,0.0,0.0,0.0,5.19407844497508
2023-12-19,23.701193007180184,-1.83408413720064,11.019937426699656,23.701193007180184,23.701193007180184,-19.229333721346194,-19.229333721346194,-19.229333721346194,-0.5519292038356284,-0.5519292038356284,-0.5519292038356284,-18.677404517510563,-18.677404517510563,-18.677404517510563,0.0,0.0,0.0,4.47185928583399
2023-12-20,23.700965794946505,-0.5349718236898547,11.816538355230191,23.700965794946505,23.700965794946505,-18.05529335463141,-18.05529335463141,-18.05529335463141,0.3667812482233501,0.3667812482233501,0.3667812482233501,-18.42207460285476,-18.42207460285476,-18.42207460285476,0.0,0.0,0.0,5.645672440315096
2023-12-21,23.700738582712823,-0.7690826242215468,11.441986688423972,23.700738582712823,23.700738582712823,-18.172772840635577,-18.172772840635577,-18.172772840635577,-0.06047855000060895,-0.06047855000060895,-0.06047855000060895,-18.112294290634967,-18.112294290634967,-18.112294290634967,0.0,0.0,0.0,5.527965742077246
2023-12-22,23.70051137047914,-0.8245556667024887,11.397801577878115,23.70051137047914,23.70051137047914,-18.21322504302456,-18.21322504302456,-18.21322504302456,-0.4601149520207973,-0.4601149520207973,-0.4601149520207973,-17.753110091003762,-17.753110091003762,-17.753110091003762,0.0,0.0,0.0,5.48728632745458
2023-12-23,23.700284158245463,0.24568846826514923,12.616367087840773,23.700284158245463,23.700284158245463,-17.288880438014612,-17.288880438014612,-17.288880438014612,0.06142651573421351,0.06142651573421351,0.06142651573421351,-17.350306953748824,-17.350306953748824,-17.350306953748824,0.0,0.0,0.0,6.411403720230851
2023-12-24,23.70005694601178,1.0222596040664234,13.259755945994705,23.70005694601178,23.70005694601178,-16.63271147495693,-16.63271147495693,-16.63271147495693,0.27756591849889717,0.27756591849889717,0.27756591849889717,-16.91027739345583,-16.91027739345583,-16.91027739345583,0.0,0.0,0.0,7.06734547105485
2023-12-25,23.6998297337781,1.3006810490328333,13.910238195648029,23.6998297337781,23.6998297337781,-16.073128708214906,-16.073128708214906,-16.073128708214906,0.36674902339884574,0.36674902339884574,0.36674902339884574,-16.439877731613755,-16.439877731613755,-16.439877731613755,0.0,0.0,0.0,7.626701025563193
2023-12-26,23.699602521544417,1.1972673705730534,14.049754763894581,23.699602521544417,23.699602521544417,-16.498204118154263,-16.498204118154263,-16.498204118154263,-0.551929203835916,-0.551929203835916,-0.551929203835916,-15.946274914318344,-15.946274914318344,-15.946274914318344,0.0,0.0,0.0,7.201398403390154
2023-12-27,23.69937530931074,2.1730728412840374,14.884709211313279,23.69937530931074,23.69937530931074,-15.07000633101309,-15.07000633101309,-15.07000633101309,0.3667812482233257,0.3667812482233257,0.3667812482233257,-15.436787579236418,-15.436787579236418,-15.436787579236418,0.0,0.0,0.0,8.629368978297649
2024-01-01,23.698239248697153,5.479523044543874,17.60260680083052,23.698239248697153,23.698239248697153,-12.5311247887589,-12.5311247887589,-12.5311247887589,0.366749023398438,0.366749023398438,0.366749023398438,-12.897873812157338,-12.897873812157338,-12.897873812157338,0.0,0.0,0.0,11.167114459938253
2024-01-02,23.698012036574436,4.430455175503397,16.654427300508942,23.698012036574436,23.698012036574436,-12.987469205327987,-12.987469205327987,-12.987469205327987,-0.5519292038362711,-0.5519292038362711,-0.5519292038362711,-12.435540001491715,-12.435540001491715,-12.435540001491715,0.0,0.0,0.0,10.71054283124645
2024-01-03,23.69778482445172,6.009071447208064,18.2833761646658,23.69778482445172,23.69778482445172,-11.633198282940967,-11.633198282940967,-11.633198282940967,0.36678124822465047,0.36678124822465047,0.36678124822465047,-11.999979531165618,-11.999979531165618,-11.999979531165618,0.0,0.0,0.0,12.064586541510753
2024-01-04,23.697557612329,5.062179277974636,18.22865553841318,23.697557612329,23.697557612329,-11.655016323662506,-11.655016323662506,-11.655016323662506,-0.06047854999834817,-0.06047854999834817,-0.06047854999834817,-11.59453777366416,-11.59453777366416,-11.59453777366416,0.0,0.0,0.0,12.042541288666493
2024-01-05,23.697330400206283,5.7742083508625,18.33222174235134,23.697330400206283,23.697330400206283,-11.68173239362192,-11.68173239362192,-11.68173239362192,-0.4601149520255219,-0.4601149520255219,-0.4601149520255219,-11.221617441596397,-11.221617441596397,-11.221617441596397,0.0,0.0,0.0,12.015598006584364
2024-01-06,23.697103188083567,6.687365619481548,19.04641702443266,23.697103188083567,23.697103188083567,-10.821220375689398,-10.821220375689398,-10.821220375689398,0.06142651573624412,0.06142651573624412,0.06142651573624412,-10.882646891425642,-10.882646891425642,-10.882646891425642,0.0,0.0,0.0,12.875882812394169
2024-01-07,23.69687597596085,6.434486784174576,19.394141844356994,23.69687597596085,23.69687597596085,-10.30050630346845,-10.30050630346845,-10.30050630346845,0.277565918499729,0.277565918499729,0.277565918499729,-10.578072221968181,-10.578072221968181,-10.578072221968181,0.0,0.0,0.0,13.3963696724924
2024-01-08,23.69664876383813,7.222734612178006,20.305150277510336,23.69664876383813,23.69664876383813,-9.940624100587707,-9.940624100587707,-9.940624100587707,0.3667490234008208,0.3667490234008208,0.3667490234008208,-10.307373123988528,-10.307373123988528,-10.307373123988528,0.0,0.0,0.0,13.756024663250424
2024-01-09,23.696421551715414,6.733601404128059,19.33342242565883,23.696421551715414,23.696421551715414,-10.62103106179562,-10.62103106179562,-10.62103106179562,-0.5519292038360512,-0.5519292038360512,-0.5519292038360512,-10.069101857959568,-10.069101857959568,-10.069101857959568,0.0,0.0,0.0,13.075390489919794
2024-01-10,23.6961943395927,7.943632546918221,20.615095889458303,23.6961943395927,23.6961943395927,-9.49416292910796,-9.49416292910796,-9.49416292910796,0.3667812482232769,0.3667812482232769,0.3667812482232769,-9.860944177331238,-9.860944177331238,-9.860944177331238,0.0,0.0,0.0,14.202031410484741
2024-01-11,23.69596712746998,8.005084174934796,19.939847177983186,23.69596712746998,23.69596712746998,-9.740279038260262,-9.740279038260262,-9.740279038260262,-0.0604785500002287,-0.0604785500002287,-0.0604785500002287,-9.679800488260033,-9.679800488260033,-9.679800488260033,0.0,0.0,0.0,13.955688089209719
2024-01-12,23.695739915347264,7.6823372405809796,20.34765768541637,23.695739915347264,23.695739915347264,-9.982000008756719,-9.982000008756719,-9.982000008756719,-0.46011495202402164,-0.46011495202402164,-0.46011495202402164,-9.521885056732696,-9.521885056732696,-9.521885056732696,0.0,0.0,0.0,13.713739906590545
2024-01-13,23.695512703224544,8.030115821850728,20.54013126898141,23.695512703224544,23.695512703224544,-9.321414136270343,-9.321414136270343,-9.321414136270343,0.06142651573403846,0.06142651573403846,0.06142651573403846,-9.382840652004383,-9.382840652004383,-9.382840652004383,0.0,0.0,0.0,14.374098566954201
2024-01-14,23.695285491101828,8.677441743003545,21.276096146938553,23.695285491101828,23.695285491101828,-8.980299742847707,-8.980299742847707,-8.980299742847707,0.2775659185007903,0.2775659185007903,0.2775659185007903,-9.257865661348497,-9.257865661348497,-9.257865661348497,0.0,0.0,0.0,14.71498574825412
2024-01-15,23.69505827897911,8.732121476466192,21.242779126927385,23.69505827897911,23.69505827897911,-8.775101410252589,-8.775101410252589,-8.775101410252589,0.366749023400413,0.366749023400413,0.366749023400413,-9.141850433653001,-9.141850433653001,-9.141850433653001,0.0,0.0,0.0,14.919956868726523
2024-01-16,23.694831066856395,7.885067849240949,20.66277879444655,23.694831066856395,23.694831066856395,-9.581448618582158,-9.581448618582158,-9.581448618582158,-0.5519292038358312,-0.5519292038358312,-0.5519292038358312,-9.029519414746328,-9.029519414746328,-9.029519414746328,0.0,0.0,0.0,14.113382448274237
2024-01-17,23.69460385473368,8.617943328702896,20.987607096568333,23.69460385473368,23.69460385473368,-8.548794281382689,-8.548794281382689,-8.548794281382689,0.3667812482246017,0.3667812482246017,0.3667812482246017,-8.91557552960729,-8.91557552960729,-8.91557552960729,0.0,0.0,0.0,15.14580957335099
2024-01-18,23.69437664261096,8.687626564542855,20.932929638917322,23.69437664261096,23.69437664261096,-8.855321797800416,-8.855321797800416,-8.855321797800416,-0.06047855000018572,-0.06047855000018572,-0.06047855000018572,-8.79484324780023,-8.79484324780023,-8.79484324780023,0.0,0.0,0.0,14.839054844810542
2024-01-19,23.694149430488242,8.215455631887531,20.713332701253897,23.694149430488242,23.694149430488242,-9.122521790228415,-9.122521790228415,-9.122521790228415,-0.4601149520225215,-0.4601149520225215,-0.4601149520225215,-8.662406838205895,-8.662406838205895,-8.662406838205895,0.0,0.0,0.0,14.571627640259827
2024-01-20,23.693922218365525,9.168464328497333,21.693591552228312,23.693922218365525,23.693922218365525,-8.452313959142511,-8.452313959142511,-8.452313959142511,0.06142651573505376,0.06142651573505376,0.06142651573505376,-8.513740474877565,-8.513740474877565,-8.513740474877565,0.0,0.0,0.0,15.241608259223014
2024-01-21,23.69369500624281,9.191392862177969,21.963799179474666,23.69369500624281,23.69369500624281,-8.06726117428785,-8.06726117428785,-8.06726117428785,0.2775659184992703,0.2775659184992703,0.2775659184992703,-8.34482709278712,-8.34482709278712,-8.34482709278712,0.0,0.0,0.0,15.626433831954959
2024-01-22,23.693467794120092,10.14942105951542,21.756032403407087,23.693467794120092,23.693467794120092,-7.785514180277847,-7.785514180277847,-7.785514180277847,0.36674902340000526,0.36674902340000526,0.36674902340000526,-8.152263203677851,-8.152263203677851,-8.152263203677851,0.0,0.0,0.0,15.907953613842245
2024-01-23,23.693240581997372,8.64978913861397,21.427196376864398,23.693240581997372,23.693240581997372,-8.485276463400925,-8.485276463400925,-8.485276463400925,-0.5519292038361188,-0.5519292038361188,-0.5519292038361188,-7.933347259564807,-7.933347259564807,-7.933347259564807,0.0,0.0,0.0,15.207964118596447
2024-01-24,23.69301336987466,10.341394164536752,22.499875352416115,23.69301336987466,23.69301336987466,-7.319368336221786,-7.319368336221786,-7.319368336221786,0.36678124822302016,0.36678124822302016,0.36678124822302016,-7.686149584444806,-7.686149584444806,-7.686149584444806,0.0,0.0,0.0,16.373645033652874
2024-01-25,23.69278615775194,9.285114143020312,22.88898658570401,23.69278615775194,23.69278615775194,-7.470040921970447,-7.470040921970447,-7.470040921970447,-0.06047855000206626,-0.06047855000206626,-0.06047855000206626,-7.40956237196838,-7.40956237196838,-7.40956237196838,0.0,0.0,0.0,16.222745235781492
2024-01-26,23.692558945629223,9.582769836259592,21.99663439994914,23.692558945629223,23.692558945629223,-7.563443707769469,-7.563443707769469,-7.563443707769469,-0.46011495202313824,-0.46011495202313824,-0.46011495202313824,-7.10332875574633,-7.10332875574633,-7.10332875574633,0.0,0.0,0.0,16.129115237859754
2024-01-27,23.692331733506503,10.8510550034117,23.102826338569802,23.692331733506503,23.692331733506503,-6.706623970615219,-6.706623970615219,-6.706623970615219,0.06142651573606908,0.06142651573606908,0.06142651573606908,-6.768050486351288,-6.768050486351288,-6.768050486351288,0.0,0.0,0.0,16.985707762891284
2024-02-01,23.691195672892917,12.29656357574916,25.07473266029418,23.691195672892917,23.691195672892917,-4.794214120020735,-4.794214120020735,-4.794214120020735,-0.06047854999600147,-0.06047854999600147,-0.06047854999600147,-4.7337355700247326,-4.7337355700247326,-4.7337355700247326,0.0,0.0,0.0,18.896981552872184
2024-02-02,23.690968460770204,12.649578574149464,25.395192009442596,23.690968460770204,23.690968460770204,-4.740799211288603,-4.740799211288603,-4.740799211288603,-0.46011495202375496,-0.46011495202375496,-0.46011495202375496,-4.280684259264848,-4.280684259264848,-4.280684259264848,0.0,0.0,0.0,18.9501692494816
2024-02-03,23.690741248647484,13.413109083303153,26.779856088085424,23.690741248647484,23.690741248647484,-3.761831240516928,-3.761831240516928,-3.761831240516928,0.06142651573519342,0.06142651573519342,0.06142651573519342,-3.823257756252121,-3.823257756252121,-3.823257756252121,0.0,0.0,0.0,19.928910008130558
2024-02-04,23.690514036524768,13.738362664584093,26.722033139133828,23.690514036524768,23.690514036524768,-3.089320117626335,-3.089320117626335,-3.089320117626335,0.2775659184997473,0.2775659184997473,0.2775659184997473,-3.3668860361260826,-3.3668860361260826,-3.3668860361260826,0.0,0.0,0.0,20.60119391889843
2024-02-05,23.69028682440205,15.03630767623386,27.615391404132776,23.69028682440205,23.69028682440205,-2.5503836102342112,-2.5503836102342112,-2.5503836102342112,0.3667490234015457,0.3667490234015457,0.3667490234015457,-2.9171326336357573,-2.9171326336357573,-2.9171326336357573,0.0,0.0,0.0,21.13990321416784
2024-02-06,23.69005961227933,14.650275623181857,27.006042400755717,23.69005961227933,23.69005961227933,-3.0314954050389074,-3.0314954050389074,-3.0314954050389074,-0.5519292038361866,-0.5519292038361866,-0.5519292038361866,-2.4795662012027213,-2.4795662012027213,-2.4795662012027213,0.0,0.0,0.0,20.658564207240424
2024-02-07,23.689832400156618,16.079607506556787,28.415682685205503,23.689832400156618,23.689832400156618,-1.692851910534468,-1.692851910534468,-1.692851910534468,0.36678124822297137,0.36678124822297137,0.36678124822297137,-2.059633158757439,-2.059633158757439,-2.059633158757439,0.0,0.0,0.0,21.99698048962215
2024-02-08,23.689605188033898,15.727809820259786,28.021759936487047,23.689605188033898,23.689605188033898,-1.7230130314934966,-1.7230130314934966,-1.7230130314934966,-0.060478549997882,-0.060478549997882,-0.060478549997882,-1.6625344814956147,-1.6625344814956147,-1.6625344814956147,0.0,0.0,0.0,21.9665921565404
2024-02-09,23.68937797591118,16.07986008631794,28.08039316820137,23.68937797591118,23.68937797591118,-1.7532244708005629,-1.7532244708005629,-1.7532244708005629,-0.4601149520236291,-0.4601149520236291,-0.4601149520236291,-1.2931095187769335,-1.2931095187769335,-1.2931095187769335,0.0,0.0,0.0,21.936153505110617
2024-02-10,23.68915076378846,16.702100329695167,28.791179267045663,23.68915076378846,23.68915076378846,-0.894302999070186,-0.894302999070186,-0.894302999070186,0.06142651573431771,0.06142651573431771,0.06142651573431771,-0.9557295148045037,-0.9557295148045037,-0.9557295148045037,0.0,0.0,0.0,22.794847764718277
2024-02-11,23.688923551665745,17.2094482716994,29.731584172600556,23.688923551665745,23.688923551665745,-0.3766372978540959,-0.3766372978540959,-0.3766372978540959,0.277565918499518,0.277565918499518,0.277565918499518,-0.6542032163536139,-0.6542032163536139,-0.6542032163536139,0.0,0.0,0.0,23.31228625381165
2024-02-12,23.688696339543032,17.0543113599779,29.777802967804877,23.688696339543032,23.688696339543032,-0.024947589609769318,-0.024947589609769318,-0.024947589609769318,0.3667490234015725,0.3667490234015725,0.3667490234015725,-0.3916966130113418,-0.3916966130113418,-0.3916966130113418,0.0,0.0,0.0,23.663748749933262
2024-02-13,23.688469127420312,16.80330166061687,29.48232158576485,23.688469127420312,23.688469127420312,-0.722597674582347,-0.722597674582347,-0.722597674582347,-0.5519292038359667,-0.5519292038359667,-0.5519292038359667,-0.1706684707463804,-0.1706684707463804,-0.1706684707463804,0.0,0.0,0.0,22.965871452837966
2024-02-14,23.688241915297596,18.125241578814872,30.474991708019843,23.688241915297596,23.688241915297596,0.37395834746613277,0.37395834746613277,0.37395834746613277,0.3667812482242962,0.3667812482242962,0.3667812482242962,0.007177099241836606,0.007177099241836606,0.007177099241836606,0.0,0.0,0.0,24.062200262763728
2024-02-15,23.688014703174876,17.440074155995614,30.39097443344387,23.688014703174876,23.688014703174876,0.08044168625441535,0.08044168625441535,0.08044168625441535,-0.06047854999783899,-0.06047854999783899,-0.06047854999783899,0.14092023625225433,0.14092023625225433,0.14092023625225433,0.0,0.0,0.0,23.76845638942929
2024-02-16,23.687787491052163,17.063712604281726,29.657044931686205,23.687787491052163,23.687787491052163,-0.22967820882151208,-0.22967820882151208,-0.22967820882151208,-0.4601149520221289,-0.4601149520221289,-0.4601149520221289,0.23043674320061683,0.23043674320061683,0.23043674320061683,0.0,0.0,0.0,23.45810928223065
2024-02-17,23.687560278929446,17.341988026452608,30.47463401967882,23.687560278929446,23.687560278929446,0.3378179380947769,0.3378179380947769,0.3378179380947769,0.061426515735333066,0.061426515735333066,0.061426515735333066,0.27639142235944386,0.27639142235944386,0.27639142235944386,0.0,0.0,0.0,24.025378217024222
2024-02-18,23.687333066806726,18.112352237492097,30.844300753351774,23.687333066806726,23.687333066806726,0.5577797976530245,0.5577797976530245,0.5577797976530245,0.2775659184992887,0.2775659184992887,0.2775659184992887,0.2802138791537359,0.2802138791537359,0.2802138791537359,0.0,0.0,0.0,24.24511286445975
2024-02-19,23.68710585468401,18.05568189582788,30.627616313538464,23.68710585468401,23.68710585468401,0.6108067799020834,0.6108067799020834,0.6108067799020834,0.3667490234007301,0.3667490234007301,0.3667490234007301,0.24405775650135342,0.24405775650135342,0.24405775650135342,0.0,0.0,0.0,24.297912634586094
2024-02-20,23.68687864256129,17.41834210830347,29.664696684098786,23.68687864256129,23.68687864256129,-0.3811844580578605,-0.3811844580578605,-0.3811844580578605,-0.5519292038363216,-0.5519292038363216,-0.5519292038363216,0.1707447457784611,0.1707447457784611,0.1707447457784611,0.0,0.0,0.0,23.30569418450343
2024-02-21,23.686651430438577,17.67021059657656,30.062493400103417,23.686651430438577,23.686651430438577,0.43047630977133694,0.43047630977133694,0.43047630977133694,0.36678124822562086,0.36678124822562086,0.36678124822562086,0.06369506154571607,0.06369506154571607,0.06369506154571607,0.0,0.0,0.0,24.117127740209913
2024-02-22,23.686424218315857,17.099471923398266,29.709019931657643,23.686424218315857,23.686424218315857,-0.13363219226082185,-0.13363219226082185,-0.13363219226082185,-0.06047854999971952,-0.06047854999971952,-0.06047854999971952,-0.07315364226110234,-0.07315364226110234,-0.07315364226110234,0.0,0.0,0.0,23.552792026055034
2024-02-23,23.68619700619314,16.363963417129973,28.64935074979123,23.68619700619314,23.68619700619314,-0.6955516552002523,-0.6955516552002523,-0.6955516552002523,-0.4601149520248626,-0.4601149520248626,-0.4601149520248626,-0.23543670317538978,-0.23543670317538978,-0.23543670317538978,0.0,0.0,0.0,22.99064535099289
2024-02-24,23.685969794070424,17.23817699550295,29.36801800605539,23.685969794070424,23.685969794070424,-0.3570333286865665,-0.3570333286865665,-0.3570333286865665,0.061426515736348344,0.061426515736348344,0.061426515736348344,-0.4184598444229149,-0.4184598444229149,-0.4184598444229149,0.0,0.0,0.0,23.32893646538386
2024-02-25,23.685742581947707,17.13992499044964,30.127703008008545,23.685742581947707,23.685742581947707,-0.33973512284092244,-0.33973512284092244,-0.33973512284092244,0.27756591849870427,0.27756591849870427,0.27756591849870427,-0.6173010413396267,-0.6173010413396267,-0.6173010413396267,0.0,0.0,0.0,23.346007459106787
2024-02-26,23.68551536982499,16.892908776719846,30.1053460914595,23.68551536982499,23.68551536982499,-0.46016530379136233,-0.46016530379136233,-0.46016530379136233,0.3667490234003224,0.3667490234003224,0.3667490234003224,-0.8269143271916847,-0.8269143271916847,-0.8269143271916847,0.0,0.0,0.0,23.225350066033627
2024-02-27,23.68528815770227,15.898552630763518,28.271561896446524,23.68528815770227,23.68528815770227,-1.5941622333052705,-1.5941622333052705,-1.5941622333052705,-0.5519292038366093,-0.5519292038366093,-0.5519292038366093,-1.0422330294686613,-1.0422330294686613,-1.0422330294686613,0.0,0.0,0.0,22.091125924397
2024-03-01,23.68460652133412,14.969459839669792,27.31498803817149,23.68460652133412,23.68460652133412,-2.133625478443577,-2.133625478443577,-2.133625478443577,-0.46011495202336233,-0.46011495202336233,-0.46011495202336233,-1.6735105264202148,-1.6735105264202148,-1.6735105264202148,0.0,0.0,0.0,21.550981042890545
2024-03-02,23.684379309211405,15.74449108197857,28.371062485620122,23.684379309211405,23.684379309211405,-1.8025272388551261,-1.8025272388551261,-1.8025272388551261,0.06142651573414266,0.06142651573414266,0.06142651573414266,-1.8639537545892688,-1.8639537545892688,-1.8639537545892688,0.0,0.0,0.0,21.881852070356278
2024-03-03,23.684152097088685,15.507423299761676,28.415094113736785,23.684152097088685,23.684152097088685,-1.7601749841488605,-1.7601749841488605,-1.7601749841488605,0.2775659184984751,0.2775659184984751,0.2775659184984751,-2.0377409026473354,-2.0377409026473354,-2.0377409026473354,0.0,0.0,0.0,21.923977112939824
2024-03-04,23.68392488496597,15.751946254245254,28.08120508566687,23.68392488496597,23.68392488496597,-1.8247857230340605,-1.8247857230340605,-1.8247857230340605,0.3667490233994801,0.3667490233994801,0.3667490233994801,-2.1915347464335406,-2.1915347464335406,-2.1915347464335406,0.0,0.0,0.0,21.859139161931907
2024-03-05,23.68369767284325,14.730632253857431,26.925805825253015,23.68369767284325,23.68369767284325,-2.874434524360661,-2.874434524360661,-2.874434524360661,-0.5519292038358818,-0.5519292038358818,-0.5519292038358818,-2.322505320524779,-2.322505320524779,-2.322505320524779,0.0,0.0,0.0,20.809263148482586
2024-03-06,23.683470460720535,15.059520661971142,27.467650342317853,23.683470460720535,23.683470460720535,-2.061578373991254,-2.061578373991254,-2.061578373991254,0.36678124822131675,0.36678124822131675,0.36678124822131675,-2.4283596222125703,-2.4283596222125703,-2.4283596222125703,0.0,0.0,0.0,21.621892086729282
2024-03-07,23.683243248597815,15.035561044982487,27.53984518706595,23.683243248597815,23.683243248597815,-2.567836366357922,-2.567836366357922,-2.567836366357922,-0.06047854999745876,-0.06047854999745876,-0.06047854999745876,-2.5073578163604635,-2.5073578163604635,-2.5073578163604635,0.0,0.0,0.0,21.115406882239892
2024-03-08,23.6830160364751,14.598587213416105,27.059297854222105,23.6830160364751,23.6830160364751,-3.018431072398169,-3.018431072398169,-3.018431072398169,-0.46011495202397906,-0.46011495202397906,-0.46011495202397906,-2.5583161203741898,-2.5583161203741898,-2.5583161203741898,0.0,0.0,0.0,20.66458496407693
2024-03-09,23.682788824352382,15.318028940096369,27.70230768226179,23.682788824352382,23.682788824352382,-2.5191703654984385,-2.5191703654984385,-2.5191703654984385,0.06142651573326701,0.06142651573326701,0.06142651573326701,-2.5805968812317057,-2.5805968812317057,-2.5805968812317057,0.0,0.0,0.0,21.163618458853943
2024-03-10,23.682561612229666,15.222060642673641,27.144758996586052,23.682561612229666,23.682561612229666,-2.296520746243076,-2.296520746243076,-2.296520746243076,0.27756591849953627,0.27756591849953627,0.27756591849953627,-2.574086664742612,-2.574086664742612,-2.574086664742612,0.0,0.0,0.0,21.38604086598659
2024-03-11,23.68233440010695,15.224265526353872,27.959281960416337,23.68233440010695,23.68233440010695,-2.17241442994763,-2.17241442994763,-2.17241442994763,0.36674902339907234,0.36674902339907234,0.36674902339907234,-2.539163453346702,-2.539163453346702,-2.539163453346702,0.0,0.0,0.0,21.50991997015932
2024-03-12,23.68210718798423,14.36426245673229,26.915103599224572,23.68210718798423,23.68210718798423,-3.028583490194574,-3.028583490194574,-3.028583490194574,-0.5519292038361694,-0.5519292038361694,-0.5519292038361694,-2.4766542863584045,-2.4766542863584045,-2.4766542863584045,0.0,0.0,0.0,20.653523697789655
2024-03-13,23.681879975861513,15.20525456867649,27.70089717437334,23.681879975861513,23.681879975861513,-2.0210036221101486,-2.0210036221101486,-2.0210036221101486,0.3667812482226415,0.3667812482226415,0.3667812482226415,-2.38778487033279,-2.38778487033279,-2.38778487033279,0.0,0.0,0.0,21.660876353751362
2024-03-14,23.681652763738796,14.574410986751365,27.112558135590938,23.681652763738796,23.681652763738796,-2.33460138328702,-2.33460138328702,-2.33460138328702,-0.06047854999741578,-0.06047854999741578,-0.06047854999741578,-2.2741228332896046,-2.2741228332896046,-2.2741228332896046,0.0,0.0,0.0,21.347051380451777
2024-03-15,23.68142555161608,14.463341888311291,27.384346604843998,23.68142555161608,23.68142555161608,-2.5976313443465076,-2.5976313443465076,-2.5976313443465076,-0.46011495202247904,-0.46011495202247904,-0.46011495202247904,-2.1375163923240286,-2.1375163923240286,-2.1375163923240286,0.0,0.0,0.0,21.083794207269573
2024-03-16,23.681198339493363,15.568511943602223,28.474273844758155,23.681198339493363,23.681198339493363,-1.9186037329410022,-1.9186037329410022,-1.9186037329410022,0.06142651573617329,0.06142651573617329,0.06142651573617329,-1.9800302486771757,-1.9800302486771757,-1.9800302486771757,0.0,0.0,0.0,21.762594606552362
2024-03-17,23.680971127370643,15.8629039568293,28.076471555017253,23.680971127370643,23.680971127370643,-1.526314599489323,-1.526314599489323,-1.526314599489323,0.2775659184980163,0.2775659184980163,0.2775659184980163,-1.8038805179873392,-1.8038805179873392,-1.8038805179873392,0.0,0.0,0.0,22.154656527881322
2024-03-18,23.680743915247927,16.19743313286453,28.80488627685636,23.680743915247927,23.680743915247927,-1.244621424630944,-1.244621424630944,-1.244621424630944,0.3667490234014551,0.3667490234014551,0.3667490234014551,-1.6113704480323991,-1.6113704480323991,-1.6113704480323991,0.0,0.0,0.0,22.436122490616984
2024-03-19,23.68051670312521,15.284618787435228,27.96673171565234,23.68051670312521,23.68051670312521,-1.956757778717013,-1.956757778717013,-1.956757778717013,-0.5519292038359493,-0.5519292038359493,-0.5519292038359493,-1.4048285748810636,-1.4048285748810636,-1.4048285748810636,0.0,0.0,0.0,21.723758924408198
2024-03-20,23.680289491002494,16.97859628400803,29.516550380797987,23.680289491002494,23.680289491002494,-0.8197695771823462,-0.8197695771823462,-0.8197695771823462,0.36678124822396624,0.36678124822396624,0.36678124822396624,-1.1865508254063124,-1.1865508254063124,-1.1865508254063124,0.0,0.0,0.0,22.86051991382015
2024-03-21,23.680062278879777,16.07498864752887,28.87591605646766,23.680062278879777,23.680062278879777,-1.0192264448201545,-1.0192264448201545,-1.0192264448201545,-0.060478549999296305,-0.060478549999296305,-0.060478549999296305,-0.9587478948208581,-0.9587478948208581,-0.9587478948208581,0.0,0.0,0.0,22.660835834059622
2024-03-22,23.679835066757057,16.446864029078792,28.670336506378337,23.679835066757057,23.679835066757057,-1.1836139706510742,-1.1836139706510742,-1.1836139706510742,-0.4601149520230957,-0.4601149520230957,-0.4601149520230957,-0.7234990186279785,-0.7234990186279785,-0.7234990186279785,0.0,0.0,0.0,22.496221096105984
2024-03-23,23.67960785463434,17.21246535204956,29.585299786416392,23.67960785463434,23.67960785463434,-0.42128651024596714,-0.42128651024596714,-0.42128651024596714,0.06142651573207663,0.06142651573207663,0.06142651573207663,-0.4827130259780437,-0.4827130259780437,-0.4827130259780437,0.0,0.0,0.0,23.258321344388374
2024-03-24,23.679380642511624,17.326667105868616,30.09675123208928,23.679380642511624,23.679380642511624,0.03946860523442791,0.03946860523442791,0.03946860523442791,0.27756591849907764,0.27756591849907764,0.27756591849907764,-0.2380973132646497,-0.2380973132646497,-0.2380973132646497,0.0,0.0,0.0,23.718849247746054
2024-03-25,23.679153430388908,17.140106103188405,30.07707191850332,23.679153430388908,23.679153430388908,0.37561390287074636,0.37561390287074636,0.37561390287074636,0.36674902340104726,0.36674902340104726,0.36674902340104726,0.008864879469699114,0.008864879469699114,0.008864879469699114,0.0,0.0,0.0,24.054767333259655
2024-03-26,23.678926218266188,17.252595474726505,29.761417028664418,23.678926218266188,23.678926218266188,-0.2950004402352304,-0.2950004402352304,-0.2950004402352304,-0.5519292038362371,-0.5519292038362371,-0.5519292038362371,0.2569287636010067,0.2569287636010067,0.2569287636010067,0.0,0.0,0.0,23.383925778030957
2024-03-27,23.67869900614347,18.496476144227,31.255722025674874,23.67869900614347,23.67869900614347,0.8718752408528438,0.8718752408528438,0.8718752408528438,0.3667812482239418,0.3667812482239418,0.3667812482239418,0.5050939926289021,0.5050939926289021,0.5050939926289021,0.0,0.0,0.0,24.550574246996316
2024-04-01,23.677562945529885,19.775672262142617,31.93658692829635,23.677562945529885,23.677562945529885,2.095452065490478,2.095452065490478,2.095452065490478,0.36674902340020504,0.36674902340020504,0.36674902340020504,1.7287030420902727,1.7287030420902727,1.7287030420902727,0.0,0.0,0.0,25.773015011020362
2024-04-02,23.67733573340717,18.529531914670923,31.316181649245213,23.67733573340717,23.67733573340717,1.4171238476995585,1.4171238476995585,1.4171238476995585,-0.5519292038360845,-0.5519292038360845,-0.5519292038360845,1.9690530515356428,1.9690530515356428,1.9690530515356428,0.0,0.0,0.0,25.094459581106726
2024-04-03,23.677108521284453,19.677709702688833,32.31383498173881,23.677108521284453,23.677108521284453,2.5751437441994467,2.5751437441994467,2.5751437441994467,0.36678124822370944,0.36678124822370944,0.36678124822370944,2.208362495975737,2.208362495975737,2.208362495975737,0.0,0.0,0.0,26.2522522654839
2024-04-04,23.676881309161736,19.6465157877664,32.294962753249074,23.676881309161736,23.676881309161736,2.3865323635724476,2.3865323635724476,2.3865323635724476,-0.06047854999921037,-0.06047854999921037,-0.06047854999921037,2.447010913571658,2.447010913571658,2.447010913571658,0.0,0.0,0.0,26.063413672734185
2024-04-05,23.676654097039016,18.966256098335776,32.26911552689766,23.676654097039016,23.676654097039016,2.225304400437205,2.225304400437205,2.225304400437205,-0.46011495202358654,-0.46011495202358654,-0.46011495202358654,2.6854193524607917,2.6854193524607917,2.6854193524607917,0.0,0.0,0.0,25.901958497476222
2024-04-06,23.6764268849163,20.114413496092055,32.76008953315213,23.6764268849163,23.6764268849163,2.9854450236870096,2.9854450236870096,2.9854450236870096,0.06142651573410726,0.06142651573410726,0.06142651573410726,2.924018507952902,2.924018507952902,2.924018507952902,0.0,0.0,0.0,26.66187190860331
2024-04-07,23.676199672793583,20.26075560420186,33.303227505214686,23.676199672793583,23.676199672793583,3.4407849812921087,3.4407849812921087,3.4407849812921087,0.27756591849990947,0.27756591849990947,0.27756591849990947,3.1632190627921997,3.1632190627921997,3.1632190627921997,0.0,0.0,0.0,27.11698465408569
2024-04-08,23.675972460670867,20.827207090157557,33.57696054022182,23.675972460670867,23.675972460670867,3.7701341500207994,3.7701341500207994,3.7701341500207994,0.36674902340023174,0.36674902340023174,0.36674902340023174,3.4033851266205675,3.4033851266205675,3.4033851266205675,0.0,0.0,0.0,27.446106610691665
2024-04-09,23.67574524854815,20.104745777239845,32.49165786886381,23.67574524854815,23.67574524854815,3.0928823208909693,3.0928823208909693,3.0928823208909693,-0.5519292038358646,-0.5519292038358646,-0.5519292038358646,3.644811524726834,3.644811524726834,3.644811524726834,0.0,0.0,0.0,26.76862756943912
2024-04-10,23.67551803642543,21.560469144301063,34.018902647755276,23.67551803642543,23.67551803642543,4.254486769811003,4.254486769811003,4.254486769811003,0.36678124822233593,0.36678124822233593,0.36678124822233593,3.887705521588667,3.887705521588667,3.887705521588667,0.0,0.0,0.0,27.930004806236433
2024-04-11,23.675290824302714,21.70330909756428,33.52776163524396,23.675290824302714,23.675290824302714,4.071694837444964,4.071694837444964,4.071694837444964,-0.06047855000109084,-0.06047855000109084,-0.06047855000109084,4.132173387446055,4.132173387446055,4.132173387446055,0.0,0.0,0.0,27.74698566174768
2024-04-12,23.675063612179997,21.31692535320858,33.85844165936417,23.675063612179997,23.675063612179997,3.9180970799934824,3.9180970799934824,3.9180970799934824,-0.46011495202420327,-0.46011495202420327,-0.46011495202420327,4.378212032017686,4.378212032017686,4.378212032017686,0.0,0.0,0.0,27.59316069217348
2024-04-13,23.67483640005728,21.993846454347825,34.719983646350556,23.67483640005728,23.67483640005728,4.687132260351255,4.687132260351255,4.687132260351255,0.06142651573512257,0.06142651573512257,0.06142651573512257,4.625705744616132,4.625705744616132,4.625705744616132,0.0,0.0,0.0,28.361968660408536
2024-04-14,23.67460918793456,22.449963913084506,35.0619482651681,23.67460918793456,23.67460918793456,5.151993818626449,5.151993818626449,5.151993818626449,0.27756591850061574,0.27756591850061574,0.27756591850061574,4.874427900125833,4.874427900125833,4.874427900125833,0.0,0.0,0.0,28.826603006561008
2024-04-15,23.674381975811844,22.716899989302956,36.046568974894306,23.674381975811844,23.674381975811844,5.490796344679278,5.490796344679278,5.490796344679278,0.3667490233993895,0.3667490233993895,0.3667490233993895,5.124047321279888,5.124047321279888,5.124047321279888,0.0,0.0,0.0,29.165178320491123
2024-04-16,23.674154763689128,22.176067748236537,34.619178572388236,23.674154763689128,23.674154763689128,4.822209630560234,4.822209630560234,4.822209630560234,-0.5519292038356446,-0.5519292038356446,-0.5519292038356446,5.374138834395879,5.374138834395879,5.374138834395879,0.0,0.0,0.0,28.496364394249362
2024-04-17,23.67392755156641,23.252493809292314,36.094362382808356,23.67392755156641,23.67392755156641,5.990978671090505,5.990978671090505,5.990978671090505,0.3667812482236607,0.3667812482236607,0.3667812482236607,5.624197422866844,5.624197422866844,5.624197422866844,0.0,0.0,0.0,29.664906222656917
2024-04-18,23.673700339443695,23.326574917463688,35.691064700500675,23.673700339443695,23.673700339443695,5.813176723872625,5.813176723872625,5.813176723872625,-0.06047855000104788,-0.06047855000104788,-0.06047855000104788,5.8736552738736725,5.8736552738736725,5.8736552738736725,0.0,0.0,0.0,29.48687706331632
2024-04-19,23.673473127320975,23.401082492594856,35.82603299260264,23.673473127320975,23.673473127320975,5.661785980028441,5.661785980028441,5.661785980028441,-0.4601149520240774,-0.4601149520240774,-0.4601149520240774,6.121900932052518,6.121900932052518,6.121900932052518,0.0,0.0,0.0,29.335259107349415
2024-04-20,23.673245915198258,24.043079371730744,36.515669539883106,23.673245915198258,23.673245915198258,6.429726236882584,6.429726236882584,6.429726236882584,0.061426515736137846,0.061426515736137846,0.061426515736137846,6.368299721146446,6.368299721146446,6.368299721146446,0.0,0.0,0.0,30.10297215208084
2024-04-21,23.67301870307554,24.483822985469125,36.704686098009894,23.67301870307554,23.67301870307554,6.889780490568354,6.889780490568354,6.889780490568354,0.2775659184990959,0.2775659184990959,0.2775659184990959,6.612214572069259,6.612214572069259,6.612214572069259,0.0,0.0,0.0,30.562799193643897
2024-04-22,23.672791490952825,24.753987644071547,37.79157894959378,23.672791490952825,23.672791490952825,7.219775426862959,7.219775426862959,7.219775426862959,0.3667490233985472,0.3667490233985472,0.3667490233985472,6.853026403464411,6.853026403464411,6.853026403464411,0.0,0.0,0.0,30.892566917815785
2024-04-23,23.67256427883011,24.27345161387637,36.303626028710134,23.67256427883011,23.67256427883011,6.5382240339552995,6.5382240339552995,6.5382240339552995,-0.5519292038359322,-0.5519292038359322,-0.5519292038359322,7.090153237791231,7.090153237791231,7.090153237791231,0.0,0.0,0.0,30.210788312785407
2024-04-24,23.67233706670739,25.372783166185723,37.51383636404452,23.67233706670739,23.67233706670739,7.6898485487131625,7.6898485487131625,7.6898485487131625,0.36678124822363634,0.36678124822363634,0.36678124822363634,7.323067300489526,7.323067300489526,7.323067300489526,0.0,0.0,0.0,31.36218561542055
2024-04-25,23.672109854584672,24.90480781513384,37.29075392392979,23.672109854584672,23.672109854584672,7.490830889254494,7.490830889254494,7.490830889254494,-0.06047855000075357,-0.06047855000075357,-0.06047855000075357,7.551309439255249,7.551309439255249,7.551309439255249,0.0,0.0,0.0,31.162940743839165
2024-04-26,23.671882642461956,24.98377390866209,37.26793957272547,23.671882642461956,23.671882642461956,7.31438535942781,7.31438535942781,7.31438535942781,-0.46011495202257724,-0.46011495202257724,-0.46011495202257724,7.774500311450387,7.774500311450387,7.774500311450387,0.0,0.0,0.0,30.986268001889766
2024-04-27,23.67165543033924,25.311566175921996,37.53339923095759,23.67165543033924,23.67165543033924,8.053774432018638,8.053774432018638,8.053774432018638,0.06142651573715317,0.06142651573715317,0.06142651573715317,7.992347916281484,7.992347916281484,7.992347916281484,0.0,0.0,0.0,31.725429862357878
2024-05-01,23.67074658184837,26.333516277869514,39.3091819137927,23.67074658184837,23.67074658184837,9.174391581854108,9.174391581854108,9.174391581854108,0.366781248223612,0.366781248223612,0.366781248223612,8.807610333630496,8.807610333630496,8.807610333630496,0.0,0.0,0.0,32.84513816370248
2024-05-02,23.670519369725653,26.58801626878034,39.112870174986995,23.670519369725653,23.670519369725653,8.936965605430926,8.936965605430926,8.936965605430926,-0.06047854999878713,-0.06047854999878713,-0.06047854999878713,8.997444155429712,8.997444155429712,8.997444155429712,0.0,0.0,0.0,32.60748497515658
2024-05-03,23.670292157602933,26.342791423630963,38.72570182039159,23.670292157602933,23.670292157602933,8.72182379731212,8.72182379731212,8.72182379731212,-0.46011495202531083,-0.46011495202531083,-0.46011495202531083,9.181938749337434,9.181938749337434,9.181938749337434,0.0,0.0,0.0,32.392115954915056
2024-05-04,23.670064945480217,26.794012622348536,39.3997743492678,23.670064945480217,23.670064945480217,9.422722544573476,9.422722544573476,9.422722544573476,0.0614265157362775,0.0614265157362775,0.0614265157362775,9.361296028837199,9.361296028837199,9.361296028837199,0.0,0.0,0.0,33.092787490053695
2024-05-05,23.669837733357504,26.77743618072616,39.76327891177152,23.669837733357504,23.669837733357504,9.813297250206276,9.813297250206276,9.813297250206276,0.27756591849992773,0.27756591849992773,0.27756591849992773,9.535731331706348,9.535731331706348,9.535731331706348,0.0,0.0,0.0,33.48313498356378
2024-05-06,23.669610521234784,27.183534506224866,39.57345751279275,23.669610521234784,23.669610521234784,10.072201811493382,10.072201811493382,10.072201811493382,0.3667490234005222,0.3667490234005222,0.3667490234005222,9.70545278809286,9.70545278809286,9.70545278809286,0.0,0.0,0.0,33.741812332728166
2024-05-07,23.669383309112067,27.060845451671486,39.07611325101967,23.669383309112067,23.669383309112067,9.318711130605518,9.318711130605518,9.318711130605518,-0.5519292038365748,-0.5519292038365748,-0.5519292038365748,9.870640334442093,9.870640334442093,9.870640334442093,0.0,0.0,0.0,32.988094439717585
2024-05-08,23.669156096989347,27.491417988510953,40.12105315863442,23.669156096989347,23.669156096989347,10.398206432855654,10.398206432855654,10.398206432855654,0.36678124822358754,0.36678124822358754,0.36678124822358754,10.031425184632067,10.031425184632067,10.031425184632067,0.0,0.0,0.0,34.067362529845
2024-05-09,23.66892888486663,27.891876960212187,40.21468378772519,23.66892888486663,23.66892888486663,10.127392015934172,10.127392015934172,10.127392015934172,-0.06047855000066763,-0.06047855000066763,-0.06047855000066763,10.187870565934839,10.187870565934839,10.187870565934839,0.0,0.0,0.0,33.7963209008008
2024-05-10,23.668701672743918,27.462878061617804,39.839086389199124,23.668701672743918,23.668701672743918,9.879839544624492,9.879839544624492,9.879839544624492,-0.4601149520238107,-0.4601149520238107,-0.4601149520238107,10.339954496648302,10.339954496648302,10.339954496648302,0.0,0.0,0.0,33.54854121736841
2024-05-11,23.668474460621198,27.903140636365126,40.865771077132045,23.668474460621198,23.668474460621198,10.548981841343029,10.548981841343029,10.548981841343029,0.06142651573407182,0.06142651573407182,0.06142651573407182,10.487555325608957,10.487555325608957,10.487555325608957,0.0,0.0,0.0,34.217456301964226
2024-05-12,23.66824724849848,28.1457394560148,41.38470801541185,23.66824724849848,23.66824724849848,10.908006591421165,10.908006591421165,10.908006591421165,0.2775659184996984,0.2775659184996984,0.2775659184996984,10.630440672921466,10.630440672921466,10.630440672921466,0.0,0.0,0.0,34.576253839919644
2024-05-13,23.66802003637576,28.444119616194843,41.062505644184604,23.66802003637576,23.66802003637576,11.13500933227659,11.13500933227659,11.13500933227659,0.36674902340054893,0.36674902340054893,0.36674902340054893,10.768260308876043,10.768260308876043,10.768260308876043,0.0,0.0,0.0,34.80302936865235
2024-05-14,23.66779282425305,27.57437660130064,40.49328700014882,23.66779282425305,23.66779282425305,10.348614183393765,10.348614183393765,10.348614183393765,-0.5519292038358474,-0.5519292038358474,-0.5519292038358474,10.900543387229614,10.900543387229614,10.900543387229614,0.0,0.0,0.0,34.01640700764681
2024-05-15,23.66756561213033,29.24726611857283,41.55478360708981,23.66756561213033,23.66756561213033,11.393481561865423,11.393481561865423,11.393481561865423,0.3667812482249123,0.3667812482249123,0.3667812482249123,11.02670031364051,11.02670031364051,11.02670031364051,0.0,0.0,0.0,35.06104717399575
2024-05-16,23.667338400007612,28.558894050118482,41.308060830423095,23.667338400007612,23.667338400007612,11.085550834237488,11.085550834237488,11.085550834237488,-0.06047854999652637,-0.06047854999652637,-0.06047854999652637,11.146029384234014,11.146029384234014,11.146029384234014,0.0,0.0,0.0,34.7528892342451
2024-05-17,23.667111187884895,27.931472848141787,40.85752700011183,23.667111187884895,23.667111187884895,10.797613225545064,10.797613225545064,10.797613225545064,-0.46011495202231045,-0.46011495202231045,-0.46011495202231045,11.257728177567374,11.257728177567374,11.257728177567374,0.0,0.0,0.0,34.46472441342996
2024-05-18,23.666883975762175,28.59857311946753,41.659593831845555,23.666883975762175,23.666883975762175,11.422336045957335,11.422336045957335,11.422336045957335,0.061426515733196144,0.061426515733196144,0.061426515733196144,11.36090953022414,11.36090953022414,11.36090953022414,0.0,0.0,0.0,35.08922002171951
2024-05-19,23.666656763639462,29.721485258901602,41.851316527964705,23.666656763639462,23.666656763639462,11.732187695252973,11.732187695252973,11.732187695252973,0.27756591849946904,0.27756591849946904,0.27756591849946904,11.454621776753502,11.454621776753502,11.454621776753502,0.0,0.0,0.0,35.398844458892434
2024-05-20,23.666429551516742,29.64781796406115,42.08554381477575,23.666429551516742,23.666429551516742,11.904621816399576,11.904621816399576,11.904621816399576,0.3667490233997066,0.3667490233997066,0.3667490233997066,11.53787279299987,11.53787279299987,11.53787279299987,0.0,0.0,0.0,35.57105136791632
2024-05-21,23.666202339394026,29.0148606798456,40.675944636465296,23.666202339394026,23.666202339394026,11.057728048779753,11.057728048779753,11.057728048779753,-0.5519292038361351,-0.5519292038361351,-0.5519292038361351,11.609657252615886,11.609657252615886,11.609657252615886,0.0,0.0,0.0,34.72393038817378
2024-05-22,23.665975127271306,29.0697697088268,41.87307496410742,23.665975127271306,23.665975127271306,12.035767641624204,12.035767641624204,12.035767641624204,0.3667812482233308,0.3667812482233308,0.3667812482233308,11.668986393400873,11.668986393400873,11.668986393400873,0.0,0.0,0.0,35.701742768895514
2024-05-23,23.66574791514859,29.538159593838053,41.919427906251855,23.66574791514859,23.66574791514859,11.654440946664353,11.654440946664353,11.654440946664353,-0.06047854999840689,-0.06047854999840689,-0.06047854999840689,11.71491949666276,11.71491949666276,11.71491949666276,0.0,0.0,0.0,35.320188861812944
2024-05-24,23.665520703025877,28.52228928802605,40.89579818800704,23.665520703025877,23.665520703025877,11.286481259768502,11.286481259768502,11.286481259768502,-0.46011495202504415,-0.46011495202504415,-0.46011495202504415,11.746596211793547,11.746596211793547,11.746596211793547,0.0,0.0,0.0,34.95200196279438
2024-05-25,23.665293490903156,29.215513843132154,41.52571262832397,23.665293490903156,23.665293490903156,11.824695327620763,11.824695327620763,11.824695327620763,0.06142651573610245,0.06142651573610245,0.06142651573610245,11.76326881188466,11.76326881188466,11.76326881188466,0.0,0.0,0.0,35.48998881852392
2024-05-26,23.66506627878044,29.61008053327029,42.073237361671524,23.66506627878044,23.66506627878044,12.041899364404202,12.041899364404202,12.041899364404202,0.27756591849888484,0.27756591849888484,0.27756591849888484,11.764333445905319,11.764333445905319,11.764333445905319,0.0,0.0,0.0,35.706965643184645
2024-05-27,23.66483906665772,29.412529789955915,41.77646269020119,23.66483906665772,23.66483906665772,12.116108482800067,12.116108482800067,12.116108482800067,0.36674902340208937,0.36674902340208937,0.36674902340208937,11.749359459397978,11.749359459397978,11.749359459397978,0.0,0.0,0.0,35.780947549457785
2024-06-01,23.663703006044134,28.914798055435856,41.77025326248732,23.663703006044134,23.663703006044134,11.49539201494819,11.49539201494819,11.49539201494819,0.061426515735226755,0.061426515735226755,0.061426515735226755,11.433965499212963,11.433965499212963,11.433965499212963,0.0,0.0,0.0,35.159095020992325
2024-06-02,23.66347579392142,28.9045168714038,41.22478826220942,23.66347579392142,23.66347579392142,11.603798366617648,11.603798366617648,11.603798366617648,0.2775659184986554,0.2775659184986554,0.2775659184986554,11.326232448118992,11.326232448118992,11.326232448118992,0.0,0.0,0.0,35.26727416053907
2024-06-03,23.6632485817987,28.77686746242311,42.2933341149446,23.6632485817987,23.6632485817987,11.572723218402695,11.572723218402695,11.572723218402695,0.3667490234012471,0.3667490234012471,0.3667490234012471,11.205974195001449,11.205974195001449,11.205974195001449,0.0,0.0,0.0,35.2359718002014
2024-06-04,23.663021369675985,28.039796649152848,40.86184653823768,23.663021369675985,23.663021369675985,10.522782269542008,10.522782269542008,10.522782269542008,-0.5519292038356952,-0.5519292038356952,-0.5519292038356952,11.074711473377704,11.074711473377704,11.074711473377704,0.0,0.0,0.0,34.185803639217994
2024-06-05,23.662794157553268,28.43939101139318,41.12987395319961,23.662794157553268,23.662794157553268,11.300978010610832,11.300978010610832,11.300978010610832,0.36678124822328195,0.36678124822328195,0.36678124822328195,10.93419676238755,10.93419676238755,10.93419676238755,0.0,0.0,0.0,34.9637721681641
2024-06-06,23.662566945430548,28.10637312826289,41.0621409900784,23.662566945430548,23.662566945430548,10.725912839538559,10.725912839538559,10.725912839538559,-0.060478549998320905,-0.060478549998320905,-0.060478549998320905,10.78639138953688,10.78639138953688,10.78639138953688,0.0,0.0,0.0,34.38847978496911
2024-06-07,23.662339733307835,27.68709424678068,40.344613326015555,23.662339733307835,23.662339733307835,10.173322111164785,10.173322111164785,10.173322111164785,-0.46011495202341807,-0.46011495202341807,-0.46011495202341807,10.633437063188202,10.633437063188202,10.633437063188202,0.0,0.0,0.0,33.83566184447262
2024-06-08,23.662112521185115,27.986940038990177,40.49683627911769,23.662112521185115,23.662112521185115,10.539048890960677,10.539048890960677,10.539048890960677,0.061426515734351095,0.061426515734351095,0.061426515734351095,10.477622375226325,10.477622375226325,10.477622375226325,0.0,0.0,0.0,34.201161412145794
2024-06-09,23.6618853090624,28.343606771224753,40.83818134495519,23.6618853090624,23.6618853090624,10.598910863519531,10.598910863519531,10.598910863519531,0.27756591849971674,0.27756591849971674,0.27756591849971674,10.321344945019815,10.321344945019815,10.321344945019815,0.0,0.0,0.0,34.260796172581934
2024-06-10,23.66165809693968,27.8132462297078,40.85207713711152,23.66165809693968,23.66165809693968,10.533819012953773,10.533819012953773,10.533819012953773,0.3667490234008393,0.3667490234008393,0.3667490234008393,10.167069989552935,10.167069989552935,10.167069989552935,0.0,0.0,0.0,34.19547710989345
2024-06-11,23.661430884816966,26.856736733708118,40.134253518342184,23.661430884816966,23.661430884816966,9.465356994657084,9.465356994657084,9.465356994657084,-0.5519292038359828,-0.5519292038359828,-0.5519292038359828,10.017286198493066,10.017286198493066,10.017286198493066,0.0,0.0,0.0,33.12678787947405
2024-06-12,23.66120367269425,27.475103692196697,40.364459012600456,23.66120367269425,23.66120367269425,10.241241112971318,10.241241112971318,10.241241112971318,0.36678124822170055,0.36678124822170055,0.36678124822170055,9.874459864749618,9.874459864749618,9.874459864749618,0.0,0.0,0.0,33.902444785665566
2024-06-13,23.66097646057153,26.800329606224985,39.5953074032757,23.66097646057153,23.66097646057153,9.680509718984675,9.680509718984675,9.680509718984675,-0.060478549998277946,-0.060478549998277946,-0.060478549998277946,9.740988268982955,9.740988268982955,9.740988268982955,0.0,0.0,0.0,33.341486179556206
2024-06-14,23.660749248448813,26.191246966753756,38.90852870140737,23.660749248448813,23.660749248448813,9.159038387618164,9.159038387618164,9.159038387618164,-0.4601149520219179,-0.4601149520219179,-0.4601149520219179,9.61915333964008,9.61915333964008,9.61915333964008,0.0,0.0,0.0,32.81978763606698
2024-06-15,23.660522036326093,27.25467440257224,39.43707397311105,23.660522036326093,23.660522036326093,9.572503123692146,9.572503123692146,9.572503123692146,0.061426515737257374,0.061426515737257374,0.061426515737257374,9.51107660795489,9.51107660795489,9.51107660795489,0.0,0.0,0.0,33.23302516001824
2024-06-16,23.66029482420338,27.380795648331745,39.615517320849804,23.66029482420338,23.66029482420338,9.69624236892448,9.69624236892448,9.69624236892448,0.2775659184981969,0.2775659184981969,0.2775659184981969,9.418676450426283,9.418676450426283,9.418676450426283,0.0,0.0,0.0,33.35653719312786
2024-06-17,23.66006761208066,27.052544917252252,39.593019459228834,23.66006761208066,23.66006761208066,9.710377583889077,9.710377583889077,9.710377583889077,0.36674902340043153,0.36674902340043153,0.36674902340043153,9.343628560488646,9.343628560488646,9.343628560488646,0.0,0.0,0.0,33.37044519596974
2024-06-18,23.659840399957943,26.078448588593208,38.61707997947366,23.659840399957943,23.659840399957943,8.735401314238395,8.735401314238395,8.735401314238395,-0.5519292038363378,-0.5519292038363378,-0.5519292038363378,9.287330518074732,9.287330518074732,9.287330518074732,0.0,0.0,0.0,32.39524171419634
2024-06-19,23.659613187835227,27.34988859239985,39.87102941007457,23.659613187835227,23.659613187835227,9.617652480922585,9.617652480922585,9.617652480922585,0.3667812482216761,0.3667812482216761,0.3667812482216761,9.25087123270091,9.25087123270091,9.25087123270091,0.0,0.0,0.0,33.27726566875781
2024-06-20,23.65938597571251,26.494816771220304,38.89996144106819,23.65938597571251,23.65938597571251,9.174527375229603,9.174527375229603,9.174527375229603,-0.06047855000015845,-0.06047855000015845,-0.06047855000015845,9.23500592522976,9.23500592522976,9.23500592522976,0.0,0.0,0.0,32.83391335094211
2024-06-21,23.659158763589794,26.43872890274215,38.94544407103863,23.659158763589794,23.659158763589794,8.780022236637237,8.780022236637237,8.780022236637237,-0.46011495202253466,-0.46011495202253466,-0.46011495202253466,9.240137188659771,9.240137188659771,9.240137188659771,0.0,0.0,0.0,32.43918100022703
2024-06-22,23.658931551467074,26.95543798483064,39.44862501079735,23.658931551467074,23.658931551467074,9.327729048212381,9.327729048212381,9.327729048212381,0.06142651573638173,0.06142651573638173,0.06142651573638173,9.266302532475999,9.266302532475999,9.266302532475999,0.0,0.0,0.0,32.98666059967945
2024-06-23,23.658704339344357,26.891389103295907,39.421874194989606,23.658704339344357,23.658704339344357,9.590734590388713,9.590734590388713,9.590734590388713,0.2775659184989031,0.2775659184989031,0.2775659184989031,9.31316867188981,9.31316867188981,9.31316867188981,0.0,0.0,0.0,33.249438929733074
2024-06-24,23.658477127221637,27.148449108079966,39.363982542412685,23.658477127221637,23.658477127221637,9.746781699694173,9.746781699694173,9.746781699694173,0.36674902340002374,0.36674902340002374,0.36674902340002374,9.380032676294151,9.380032676294151,9.380032676294151,0.0,0.0,0.0,33.40525882691581
2024-06-25,23.658249915098924,25.99543849357339,39.09225347972655,23.658249915098924,23.658249915098924,8.91390074034838,8.91390074034838,8.91390074034838,-0.5519292038366255,-0.5519292038366255,-0.5519292038366255,9.465829944185005,9.465829944185005,9.465829944185005,0.0,0.0,0.0,32.5721506554473
2024-06-26,23.658022702976208,27.555366957818954,39.500283709990605,23.658022702976208,23.658022702976208,9.93593007639021,9.93593007639021,9.93593007639021,0.3667812482230009,0.3667812482230009,0.3667812482230009,9.56914882816721,9.56914882816721,9.56914882816721,0.0,0.0,0.0,33.59395277936642
2024-06-27,23.657795490853488,26.73851689546082,39.16417044998045,23.657795490853488,23.657795490853488,9.627773046832074,9.627773046832074,9.627773046832074,-0.06047854999819201,-0.06047854999819201,-0.06047854999819201,9.688251596830264,9.688251596830264,9.688251596830264,0.0,0.0,0.0,33.28556853768556
2024-07-01,23.656886642362622,28.18857261412378,40.73905900619441,23.656886642362622,23.656886642362622,10.644731323869202,10.644731323869202,10.644731323869202,0.3667490233991815,0.3667490233991815,0.3667490233991815,10.27798230047002,10.27798230047002,10.27798230047002,0.0,0.0,0.0,34.301617966231824
2024-07-02,23.656659430239902,26.771444686407783,39.29686837263192,23.656659430239902,23.656659430239902,9.888756691894883,9.888756691894883,9.888756691894883,-0.5519292038364054,-0.5519292038364054,-0.5519292038364054,10.44068589573129,10.44068589573129,10.44068589573129,0.0,0.0,0.0,33.54541612213478
2024-07-03,23.656432218117185,27.89010625098939,41.006584624214916,23.656432218117185,23.656432218117185,10.97051971976585,10.97051971976585,10.97051971976585,0.3667812482243256,0.3667812482243256,0.3667812482243256,10.603738471541524,10.603738471541524,10.603738471541524,0.0,0.0,0.0,34.626951937883035
2024-07-04,23.65620500599447,28.38561898493881,40.40089774568774,23.65620500599447,23.65620500599447,10.703642469609505,10.703642469609505,10.703642469609505,-0.060478549997897715,-0.060478549997897715,-0.060478549997897715,10.764121019607403,10.764121019607403,10.764121019607403,0.0,0.0,0.0,34.35984747560397
2024-07-05,23.655977793871752,27.968478070622258,40.252405256595374,23.655977793871752,23.655977793871752,10.458696566835515,10.458696566835515,10.458696566835515,-0.46011495202376806,-0.46011495202376806,-0.46011495202376806,10.91881151885928,10.91881151885928,10.91881151885928,0.0,0.0,0.0,34.11467436070727
2024-07-06,23.655750581749032,28.96503745257923,41.10329403042237,23.655750581749032,23.655750581749032,11.126259400765754,11.126259400765754,11.126259400765754,0.0614265157351913,0.0614265157351913,0.0614265157351913,11.064832885030562,11.064832885030562,11.064832885030562,0.0,0.0,0.0,34.782009982514786
2024-07-07,23.655523369626316,28.56193690147939,41.136871827333756,23.655523369626316,23.655523369626316,11.47686567342872,11.47686567342872,11.47686567342872,0.2775659184997349,0.2775659184997349,0.2775659184997349,11.199299754928987,11.199299754928987,11.199299754928987,0.0,0.0,0.0,35.132389043055035
2024-07-08,23.6552961575036,28.794720521429184,41.634479165703176,23.6552961575036,23.6552961575036,11.686212329758892,11.686212329758892,11.686212329758892,0.36674902339920823,0.36674902339920823,0.36674902339920823,11.319463306359683,11.319463306359683,11.319463306359683,0.0,0.0,0.0,35.34150848726249
2024-07-09,23.655068945380883,27.99100356293198,40.96549714845338,23.655068945380883,23.655068945380883,10.87082416850203,10.87082416850203,10.87082416850203,-0.5519292038362529,-0.5519292038362529,-0.5519292038362529,11.422753372338285,11.422753372338285,11.422753372338285,0.0,0.0,0.0,34.525893113882915
2024-07-10,23.654841733258166,28.98777985893553,41.46442745317011,23.654841733258166,23.654841733258166,11.873598426210714,11.873598426210714,11.873598426210714,0.3667812482229521,0.3667812482229521,0.3667812482229521,11.506817177987763,11.506817177987763,11.506817177987763,0.0,0.0,0.0,35.52844015946888
2024-07-11,23.654614521135446,29.300987645592564,41.497835018569006,23.654614521135446,23.654614521135446,11.509075558022412,11.509075558022412,11.509075558022412,-0.060478549997854736,-0.060478549997854736,-0.060478549997854736,11.569554108020267,11.569554108020267,11.569554108020267,0.0,0.0,0.0,35.16369007915786
2024-07-12,23.65438730901273,28.21066486565367,40.913101854561404,23.65438730901273,23.65438730901273,11.149031047824892,11.149031047824892,11.149031047824892,-0.460114952022268,-0.460114952022268,-0.460114952022268,11.60914599984716,11.60914599984716,11.60914599984716,0.0,0.0,0.0,34.803418356837625
2024-07-13,23.654160096890013,29.15871153990603,41.72033579766236,23.654160096890013,23.654160096890013,11.685509065437891,11.685509065437891,11.685509065437891,0.061426515736206624,0.061426515736206624,0.061426515736206624,11.624082549701685,11.624082549701685,11.624082549701685,0.0,0.0,0.0,35.33966916232791
2024-07-14,23.653932884767297,29.116690602871333,41.90857128543864,23.653932884767297,23.653932884767297,11.890747433057777,11.890747433057777,11.890747433057777,0.2775659185007962,0.2775659185007962,0.2775659185007962,11.613181514556983,11.613181514556983,11.613181514556983,0.0,0.0,0.0,35.544680317825076
2024-07-15,23.65370567264458,29.30160614113149,41.736602209519134,23.65370567264458,23.65370567264458,11.942352512285582,11.942352512285582,11.942352512285582,0.3667490234011564,0.3667490234011564,0.3667490234011564,11.575603488884424,11.575603488884424,11.575603488884424,0.0,0.0,0.0,35.596058184930165
2024-07-16,23.65347846052186,28.44339509569727,40.71280142501451,23.65347846052186,23.65347846052186,10.958931926625676,10.958931926625676,10.958931926625676,-0.5519292038360329,-0.5519292038360329,-0.5519292038360329,11.51086113046171,11.51086113046171,11.51086113046171,0.0,0.0,0.0,34.612410387147534
2024-07-17,23.653251248399144,29.3771401503859,42.152567521702764,23.653251248399144,23.653251248399144,11.785604050000382,11.785604050000382,11.785604050000382,0.3667812482242769,0.3667812482242769,0.3667812482242769,11.418822801776107,11.418822801776107,11.418822801776107,0.0,0.0,0.0,35.438855298399524
2024-07-18,23.653024036276427,28.92966976208218,40.931659220342134,23.653024036276427,23.653024036276427,11.239232131484375,11.239232131484375,11.239232131484375,-0.06047854999973524,-0.06047854999973524,-0.06047854999973524,11.299710681484111,11.299710681484111,11.299710681484111,0.0,0.0,0.0,34.892256167760806
2024-07-19,23.65279682415371,28.166629936188663,40.92339720898051,23.65279682415371,23.65279682415371,10.69397853071667,10.69397853071667,10.69397853071667,-0.4601149520250016,-0.4601149520250016,-0.4601149520250016,11.15409348274167,11.15409348274167,11.15409348274167,0.0,0.0,0.0,34.34677535487038
2024-07-20,23.652569612030995,28.738442718743965,40.91447989315786,23.652569612030995,23.652569612030995,11.044300506683516,11.044300506683516,11.044300506683516,0.06142651573400094,0.06142651573400094,0.06142651573400094,10.982873990949516,10.982873990949516,10.982873990949516,0.0,0.0,0.0,34.696870118714514
2024-07-21,23.652342399908274,28.47120353175514,40.65039537620749,23.652342399908274,23.652342399908274,11.064837620439631,11.064837620439631,11.064837620439631,0.27756591849927625,0.27756591849927625,0.27756591849927625,10.787271701940355,10.787271701940355,10.787271701940355,0.0,0.0,0.0,34.717180020347904
2024-07-22,23.652115187785558,28.72348963362564,41.13840226854764,23.652115187785558,23.652115187785558,10.935549925855755,10.935549925855755,10.935549925855755,0.36674902340074866,0.36674902340074866,0.36674902340074866,10.568800902455004,10.568800902455004,10.568800902455004,0.0,0.0,0.0,34.587665113641314
2024-07-23,23.65188797566284,27.2794475060467,40.10837052624438,23.65188797566284,23.65188797566284,9.777315383876491,9.777315383876491,9.777315383876491,-0.5519292038363206,-0.5519292038363206,-0.5519292038363206,10.329244587712811,10.329244587712811,10.329244587712811,0.0,0.0,0.0,33.42920335953933
2024-07-24,23.651660763540125,27.212349055061072,40.06713521383328,23.651660763540125,23.651660763540125,10.437405904323928,10.437405904323928,10.437405904323928,0.3667812482242524,0.3667812482242524,0.3667812482242524,10.070624656099676,10.070624656099676,10.070624656099676,0.0,0.0,0.0,34.08906666786405
2024-07-25,23.651433551417405,27.236047858864804,39.89758585481113,23.651433551417405,23.651433551417405,9.734690308702449,9.734690308702449,9.734690308702449,-0.06047855000161574,-0.06047855000161574,-0.06047855000161574,9.795168858704065,9.795168858704065,9.795168858704065,0.0,0.0,0.0,33.38612386011985
2024-07-26,23.65120633929469,26.420455294099213,39.11037283892998,23.65120633929469,23.65120633929469,9.045160059955888,9.045160059955888,9.045160059955888,-0.4601149520227588,-0.4601149520227588,-0.4601149520227588,9.505275011978647,9.505275011978647,9.505275011978647,0.0,0.0,0.0,32.69636639925058
2024-07-27,23.650979127171972,26.57075820122229,38.72016451194332,23.650979127171972,23.650979127171972,9.264899521476393,9.264899521476393,9.264899521476393,0.06142651573501627,0.06142651573501627,0.06142651573501627,9.203473005741378,9.203473005741378,9.203473005741378,0.0,0.0,0.0,32.915878648648366
2024-08-01,23.649843066558386,25.012900838208935,37.29481230410975,23.649843066558386,23.649843066558386,7.548086621131876,7.548086621131876,7.548086621131876,-0.06047854999964927,-0.06047854999964927,-0.06047854999964927,7.608565171131525,7.608565171131525,7.608565171131525,0.0,0.0,0.0,31.197929687690262
2024-08-02,23.64961585443567,24.26783269177458,37.058176162503365,23.64961585443567,23.64961585443567,6.83063786604653,6.83063786604653,6.83063786604653,-0.4601149520254924,-0.4601149520254924,-0.4601149520254924,7.290752818072022,7.290752818072022,7.290752818072022,0.0,0.0,0.0,30.4802537204822
2024-08-03,23.649388642312953,24.324192828341257,37.071683154771996,23.649388642312953,23.649388642312953,7.0404700131275675,7.0404700131275675,7.0404700131275675,0.06142651573414062,0.06142651573414062,0.06142651573414062,6.979043497393427,6.979043497393427,6.979043497393427,0.0,0.0,0.0,30.68985865544052
2024-08-04,23.649161430190233,24.469217927585294,36.83927116518303,23.649161430190233,23.649161430190233,6.953142332698814,6.953142332698814,6.953142332698814,0.27756591850010826,0.27756591850010826,0.27756591850010826,6.675576414198705,6.675576414198705,6.675576414198705,0.0,0.0,0.0,30.602303762889047
2024-08-05,23.648934218067517,24.534574718668477,36.52845436288275,23.648934218067517,23.648934218067517,6.749023385094244,6.749023385094244,6.749023385094244,0.3667490233990641,0.3667490233990641,0.3667490233990641,6.382274361695179,6.382274361695179,6.382274361695179,0.0,0.0,0.0,30.39795760316176
2024-08-06,23.6487070059448,23.003648257979783,35.67854215355582,23.6487070059448,23.6487070059448,5.548885243112855,5.548885243112855,5.548885243112855,-0.5519292038363882,-0.5519292038363882,-0.5519292038363882,6.100814446949243,6.100814446949243,6.100814446949243,0.0,0.0,0.0,29.197592249057656
2024-08-07,23.648479793822084,23.54853980126242,36.16875184282472,23.648479793822084,23.648479793822084,6.199383841774885,6.199383841774885,6.199383841774885,0.36678124822264657,0.36678124822264657,0.36678124822264657,5.832602593552238,5.832602593552238,5.832602593552238,0.0,0.0,0.0,29.84786363559697
2024-08-08,23.648252581699367,23.15590232548893,35.3888112546402,23.648252581699367,23.648252581699367,5.518273709271623,5.518273709271623,5.518273709271623,-0.0604785500015298,-0.0604785500015298,-0.0604785500015298,5.578752259273153,5.578752259273153,5.578752259273153,0.0,0.0,0.0,29.166526290970992
2024-08-09,23.648025369576647,21.604486899780404,34.67846896448325,23.648025369576647,23.648025369576647,4.879952814552917,4.879952814552917,4.879952814552917,-0.4601149520239923,-0.4601149520239923,-0.4601149520239923,5.340067766576908,5.340067766576908,5.340067766576908,0.0,0.0,0.0,28.527978184129566
2024-08-10,23.64779815745393,22.37629743423705,35.32912313859367,23.64779815745393,23.64779815745393,5.178459112680338,5.178459112680338,5.178459112680338,0.0614265157351559,0.0614265157351559,0.0614265157351559,5.117032596945182,5.117032596945182,5.117032596945182,0.0,0.0,0.0,28.82625727013427
2024-08-11,23.647570945331214,23.18616198741983,35.44495823004125,23.647570945331214,23.647570945331214,5.187368864147923,5.187368864147923,5.187368864147923,0.27756591849952394,0.27756591849952394,0.27756591849952394,4.909802945648399,4.909802945648399,4.909802945648399,0.0,0.0,0.0,28.83493980947914
2024-08-12,23.647343733208498,22.47186643990494,34.5207572108399,23.647343733208498,23.647343733208498,5.084955795151985,5.084955795151985,5.084955795151985,0.36674902340231585,0.36674902340231585,0.36674902340231585,4.71820677174967,4.71820677174967,4.71820677174967,0.0,0.0,0.0,28.732299528360482
2024-08-13,23.647116521085778,21.148183664178614,33.49755328321565,23.647116521085778,23.647116521085778,3.989819304657796,3.989819304657796,3.989819304657796,-0.5519292038356608,-0.5519292038356608,-0.5519292038356608,4.541748508493456,4.541748508493456,4.541748508493456,0.0,0.0,0.0,27.636935825743574
2024-08-14,23.64688930896306,22.10579704994942,34.65818895503186,23.64688930896306,23.64688930896306,4.746400770086543,4.746400770086543,4.746400770086543,0.3667812482239713,0.3667812482239713,0.3667812482239713,4.379619521862572,4.379619521862572,4.379619521862572,0.0,0.0,0.0,28.393290079049606
2024-08-15,23.64666209684035,21.23444881795679,33.72876927815669,23.64666209684035,23.64666209684035,4.170235770332744,4.170235770332744,4.170235770332744,-0.06047855000148682,-0.06047855000148682,-0.06047855000148682,4.230714320334231,4.230714320334231,4.230714320334231,0.0,0.0,0.0,27.816897867173093
2024-08-16,23.646434884717628,21.011876962460427,33.423399401705126,23.646434884717628,23.646434884717628,3.6335374753229353,3.6335374753229353,3.6335374753229353,-0.4601149520238663,-0.4601149520238663,-0.4601149520238663,4.093652427346802,4.093652427346802,4.093652427346802,0.0,0.0,0.0,27.279972360040563
2024-08-17,23.64620767259491,21.664375109914594,34.10321908371876,23.64620767259491,23.64620767259491,4.028232246364433,4.028232246364433,4.028232246364433,0.06142651573428023,0.06142651573428023,0.06142651573428023,3.9668057306301527,3.9668057306301527,3.9668057306301527,0.0,0.0,0.0,27.674439918959344
2024-08-18,23.64598046047219,21.661032520149504,34.206429510937284,23.64598046047219,23.64598046047219,4.125896939135213,4.125896939135213,4.125896939135213,0.2775659184992946,0.2775659184992946,0.2775659184992946,3.8483310206359183,3.8483310206359183,3.8483310206359183,0.0,0.0,0.0,27.771877399607405
2024-08-19,23.645753248349475,21.735996113229007,34.32970617575145,23.645753248349475,23.645753248349475,4.102956348826624,4.102956348826624,4.102956348826624,0.3667490234019081,0.3667490234019081,0.3667490234019081,3.736207325424716,3.736207325424716,3.736207325424716,0.0,0.0,0.0,27.7487095971761
2024-08-20,23.64552603622676,20.89031216361683,32.96874549404621,23.64552603622676,23.64552603622676,3.0763483396234044,3.0763483396234044,3.0763483396234044,-0.5519292038359485,-0.5519292038359485,-0.5519292038359485,3.628277543459353,3.628277543459353,3.628277543459353,0.0,0.0,0.0,26.721874375850163
2024-08-21,23.645298824104042,21.572612458297073,34.056241951716174,23.645298824104042,23.645298824104042,3.8890750192784385,3.8890750192784385,3.8890750192784385,0.366781248223947,0.366781248223947,0.366781248223947,3.522293771054491,3.522293771054491,3.522293771054491,0.0,0.0,0.0,27.534373843382483
2024-08-22,23.645071611981326,20.72083051798783,33.270916684744684,23.645071611981326,23.645071611981326,3.3554870701220216,3.3554870701220216,3.3554870701220216,-0.06047854999926904,-0.06047854999926904,-0.06047854999926904,3.4159656201212907,3.4159656201212907,3.4159656201212907,0.0,0.0,0.0,27.000558682103346
2024-08-23,23.644844399858606,20.090788872366804,32.50179091383353,23.644844399858606,23.644844399858606,2.8468957750850326,2.8468957750850326,2.8468957750850326,-0.46011495202448316,-0.46011495202448316,-0.46011495202448316,3.3070107271095157,3.3070107271095157,3.3070107271095157,0.0,0.0,0.0,26.491740174943637
2024-08-24,23.64461718773589,21.041724707687518,33.298228936075255,23.64461718773589,23.64461718773589,3.254633084095721,3.254633084095721,3.254633084095721,0.061426515737186556,0.061426515737186556,0.061426515737186556,3.1932065683585344,3.1932065683585344,3.1932065683585344,0.0,0.0,0.0,26.89925027183161
2024-08-25,23.644389975613173,20.22951673763465,33.18446409384822,23.644389975613173,23.644389975613173,3.350008541796573,3.350008541796573,3.350008541796573,0.2775659185003557,0.2775659185003557,0.2775659185003557,3.072442623296217,3.072442623296217,3.072442623296217,0.0,0.0,0.0,26.994398517409746
2024-08-26,23.644162763490456,20.729842844790905,33.138231687871865,23.644162763490456,23.644162763490456,3.309520891299286,3.309520891299286,3.309520891299286,0.36674902340106585,0.36674902340106585,0.36674902340106585,2.94277186789822,2.94277186789822,2.94277186789822,0.0,0.0,0.0,26.953683654789742
2024-08-27,23.64393555136774,19.791259595697802,32.31095139609709,23.64393555136774,23.64393555136774,2.250531335310225,2.250531335310225,2.250531335310225,-0.5519292038363034,-0.5519292038363034,-0.5519292038363034,2.8024605391465283,2.8024605391465283,2.8024605391465283,0.0,0.0,0.0,25.894466886677964
2024-09-01,23.64279949075415,19.052268588249163,31.891224729817875,23.64279949075415,23.64279949075415,2.178659581144706,2.178659581144706,2.178659581144706,0.27756591850012646,0.27756591850012646,0.27756591850012646,1.9010936626445796,1.9010936626445796,1.9010936626445796,0.0,0.0,0.0,25.821459071898857
2024-09-02,23.642572278631434,19.190437485538364,32.16744184914222,23.642572278631434,23.642572278631434,2.0445606579589666,2.0445606579589666,2.0445606579589666,0.3667490234002235,0.3667490234002235,0.3667490234002235,1.677811634558743,1.677811634558743,1.677811634558743,0.0,0.0,0.0,25.6871329365904
2024-09-03,23.64234506650872,18.239016968035436,31.213983900204713,23.64234506650872,23.64234506650872,0.889120480161706,0.889120480161706,0.889120480161706,-0.5519292038360835,-0.5519292038360835,-0.5519292038360835,1.4410496839977895,1.4410496839977895,1.4410496839977895,0.0,0.0,0.0,24.531465546670425
2024-09-04,23.642117854386,18.83989980349841,31.400955233848293,23.642117854386,23.642117854386,1.5587999461918898,1.5587999461918898,1.5587999461918898,0.3667812482238981,0.3667812482238981,0.3667812482238981,1.1920186979679916,1.1920186979679916,1.1920186979679916,0.0,0.0,0.0,25.20091780057789
2024-09-05,23.641890642263284,18.31363374387848,30.54121763166962,23.641890642263284,23.641890642263284,0.8718672974910899,0.8718672974910899,0.8718672974910899,-0.060478549999183104,-0.060478549999183104,-0.060478549999183104,0.932345847490273,0.932345847490273,0.932345847490273,0.0,0.0,0.0,24.513757939754374
2024-09-06,23.641663430140564,17.456985962085746,29.671993123161705,23.641663430140564,23.641663430140564,0.20394075398089695,0.20394075398089695,0.20394075398089695,-0.46011495202359964,-0.46011495202359964,-0.46011495202359964,0.6640557060044966,0.6640557060044966,0.6640557060044966,0.0,0.0,0.0,23.845604184121463
2024-09-07,23.64143621801785,17.970509963199362,30.350295400561777,23.64143621801785,23.64143621801785,0.4509682855329716,0.4509682855329716,0.4509682855329716,0.06142651573410515,0.06142651573410515,0.06142651573410515,0.38954176979886646,0.38954176979886646,0.38954176979886646,0.0,0.0,0.0,24.092404503550824
2024-09-08,23.64120900589513,17.859389193715746,29.977851871993664,23.64120900589513,23.64120900589513,0.38909451114980287,0.38909451114980287,0.38909451114980287,0.27756591849954226,0.27756591849954226,0.27756591849954226,0.1115285926502606,0.1115285926502606,0.1115285926502606,0.0,0.0,0.0,24.030303517044935
2024-09-09,23.640981793772415,18.082101677574006,30.17498489441632,23.640981793772415,23.640981793772415,0.19977399069341403,0.19977399069341403,0.19977399069341403,0.36674902339981574,0.36674902339981574,0.36674902339981574,-0.1669750327064017,-0.1669750327064017,-0.1669750327064017,0.0,0.0,0.0,23.84075578446583
2024-09-10,23.6407545816497,16.261244690816596,28.876392691578857,23.6407545816497,23.6407545816497,-0.9946603958680352,-0.9946603958680352,-0.9946603958680352,-0.5519292038358635,-0.5519292038358635,-0.5519292038358635,-0.44273119203217165,-0.44273119203217165,-0.44273119203217165,0.0,0.0,0.0,22.646094185781664
2024-09-11,23.64052736952698,17.01080487705471,29.934225329390326,23.64052736952698,23.64052736952698,-0.34555414600658485,-0.34555414600658485,-0.34555414600658485,0.3667812482252229,0.3667812482252229,0.3667812482252229,-0.7123353942318077,-0.7123353942318077,-0.7123353942318077,0.0,0.0,0.0,23.294973223520394
2024-09-12,23.640300157404265,16.314338228223882,28.90987170167809,23.640300157404265,23.640300157404265,-1.0327640136077594,-1.0327640136077594,-1.0327640136077594,-0.0604785499969653,-0.0604785499969653,-0.0604785499969653,-0.972285463610794,-0.972285463610794,-0.972285463610794,0.0,0.0,0.0,22.607536143796505
2024-09-13,23.640072945281545,15.66518134479118,27.929155456032714,23.640072945281545,23.640072945281545,-1.679170459877047,-1.679170459877047,-1.679170459877047,-0.4601149520220995,-0.4601149520220995,-0.4601149520220995,-1.2190555078549477,-1.2190555078549477,-1.2190555078549477,0.0,0.0,0.0,21.9609024854045
2024-09-14,23.63984573315883,16.355441883341832,28.362447975441025,23.63984573315883,23.63984573315883,-1.387747002574775,-1.387747002574775,-1.387747002574775,0.06142651573512048,0.06142651573512048,0.06142651573512048,-1.4491735183098953,-1.4491735183098953,-1.4491735183098953,0.0,0.0,0.0,22.252098730584056
2024-09-15,23.63961852103611,16.11537334026446,28.319998737476567,23.63961852103611,23.63961852103611,-1.3817350954933463,-1.3817350954933463,-1.3817350954933463,0.2775659184980223,0.2775659184980223,0.2775659184980223,-1.6593010139913684,-1.6593010139913684,-1.6593010139913684,0.0,0.0,0.0,22.25788342554276
2024-09-16,23.639391308913392,16.017033606241508,28.147788904442933,23.639391308913392,23.639391308913392,-1.4795640031766728,-1.4795640031766728,-1.4795640031766728,0.36674902339940807,0.36674902339940807,0.36674902339940807,-1.846313026576081,-1.846313026576081,-1.846313026576081,0.0,0.0,0.0,22.15982730573672
2024-09-17,23.63916409679068,14.696095756733824,27.20671186922788,23.63916409679068,23.63916409679068,-2.5593058487729903,-2.5593058487729903,-2.5593058487729903,-0.5519292038361513,-0.5519292038361513,-0.5519292038361513,-2.0073766449368393,-2.0073766449368393,-2.0073766449368393,0.0,0.0,0.0,21.07985824801769
2024-09-18,23.63893688466796,15.552775096397163,28.29929625930487,23.63893688466796,23.63893688466796,-1.7732450498286034,-1.7732450498286034,-1.7732450498286034,0.36678124822364144,0.36678124822364144,0.36678124822364144,-2.1400262980522444,-2.1400262980522444,-2.1400262980522444,0.0,0.0,0.0,21.865691834839357
2024-09-19,23.638709672545243,14.834813210849399,27.508897634296048,23.638709672545243,23.638709672545243,-2.302712507157663,-2.302712507157663,-2.302712507157663,-0.060478549998845804,-0.060478549998845804,-0.060478549998845804,-2.2422339571588172,-2.2422339571588172,-2.2422339571588172,0.0,0.0,0.0,21.33599716538758
2024-09-20,23.638482460422523,14.335145527494808,27.185352474266413,23.638482460422523,23.638482460422523,-2.7725874355832216,-2.7725874355832216,-2.7725874355832216,-0.46011495202271613,-0.46011495202271613,-0.46011495202271613,-2.312472483560505,-2.312472483560505,-2.312472483560505,0.0,0.0,0.0,20.8658950248393
2024-09-21,23.63825524829981,14.878478714571443,27.40630508329446,23.63825524829981,23.63825524829981,-2.288343922611335,-2.288343922611335,-2.288343922611335,0.061426515736135785,0.061426515736135785,0.061426515736135785,-2.3497704383474707,-2.3497704383474707,-2.3497704383474707,0.0,0.0,0.0,21.349911325688474
2024-09-22,23.638028036177094,14.96955269540213,27.79589692880325,23.638028036177094,23.638028036177094,-2.0761908855306914,-2.0761908855306914,-2.0761908855306914,0.2775659184990834,0.2775659184990834,0.2775659184990834,-2.353756804029775,-2.353756804029775,-2.353756804029775,0.0,0.0,0.0,21.5618371506464
2024-09-23,23.637800824054374,15.464697477539781,27.876021545015234,23.637800824054374,23.637800824054374,-1.9579452208436408,-1.9579452208436408,-1.9579452208436408,0.3667490234017907,0.3667490234017907,0.3667490234017907,-2.3246942442454315,-2.3246942442454315,-2.3246942442454315,0.0,0.0,0.0,21.679855603210733
2024-09-24,23.637573611931657,14.687996896363467,27.06392742995222,23.637573611931657,23.637573611931657,-2.815428947388245,-2.815428947388245,-2.815428947388245,-0.5519292038364388,-0.5519292038364388,-0.5519292038364388,-2.2634997435518063,-2.2634997435518063,-2.2634997435518063,0.0,0.0,0.0,20.822144664543412
2024-09-25,23.637346399808937,15.463759920374676,27.85449535713565,23.637346399808937,23.637346399808937,-1.8049704729027436,-1.8049704729027436,-1.8049704729027436,0.366781248223617,0.366781248223617,0.366781248223617,-2.1717517211263604,-2.1717517211263604,-2.1717517211263604,0.0,0.0,0.0,21.832375926906195
2024-09-26,23.637119187686224,15.393435201527536,27.86459677303362,23.637119187686224,23.637119187686224,-2.1121615450341755,-2.1121615450341755,-2.1121615450341755,-0.060478549996879384,-0.060478549996879384,-0.060478549996879384,-2.051682995037296,-2.051682995037296,-2.051682995037296,0.0,0.0,0.0,21.524957642652048
2024-09-27,23.636891975563504,15.008794766546856,27.65647388486786,23.636891975563504,23.636891975563504,-2.366274233810434,-2.366274233810434,-2.366274233810434,-0.46011495202333286,-0.46011495202333286,-0.46011495202333286,-1.9061592817871014,-1.9061592817871014,-1.9061592817871014,0.0,0.0,0.0,21.27061774175307
2024-10-01,23.635983127072638,16.014789637191065,28.174358936688126,23.635983127072638,23.635983127072638,-1.698507027476316,-1.698507027476316,-1.698507027476316,-0.551929203836219,-0.551929203836219,-0.551929203836219,-1.1465778236400972,-1.1465778236400972,-1.1465778236400972,0.0,0.0,0.0,21.93747609959632
2024-10-02,23.635755914949918,17.074365689838494,29.113527481193515,23.635755914949918,23.635755914949918,-0.5688504373027319,-0.5688504373027319,-0.5688504373027319,0.36678124822359265,0.36678124822359265,0.36678124822359265,-0.9356316855263245,-0.9356316855263245,-0.9356316855263245,0.0,0.0,0.0,23.066905477647186
2024-10-03,23.6355287028272,16.53046868577705,29.09662907134548,23.6355287028272,23.6355287028272,-0.7872413807571444,-0.7872413807571444,-0.7872413807571444,-0.060478549998759866,-0.060478549998759866,-0.060478549998759866,-0.7267628307583847,-0.7267628307583847,-0.7267628307583847,0.0,0.0,0.0,22.848287322070057
2024-10-04,23.63530149070448,16.518748404511783,28.925110656276356,23.63530149070448,23.63530149070448,-0.9856521999463337,-0.9856521999463337,-0.9856521999463337,-0.460114952023207,-0.460114952023207,-0.460114952023207,-0.5255372479231268,-0.5255372479231268,-0.5255372479231268,0.0,0.0,0.0,22.64964929075815
2024-10-05,23.63507427858177,17.276745034036495,29.558670511551213,23.63507427858177,23.63507427858177,-0.2761057953161755,-0.2761057953161755,-0.2761057953161755,0.061426515734384485,0.061426515734384485,0.061426515734384485,-0.33753231105056,-0.33753231105056,-0.33753231105056,0.0,0.0,0.0,23.358968483265592
2024-10-06,23.634847066459052,17.453409180221854,30.02883312329908,23.634847066459052,23.634847066459052,0.10934129203549275,0.10934129203549275,0.10934129203549275,0.27756591849991535,0.27756591849991535,0.27756591849991535,-0.1682246264644226,-0.1682246264644226,-0.1682246264644226,0.0,0.0,0.0,23.744188358494544
2024-10-07,23.634619854336332,17.514833212407815,30.232204948056673,23.634619854336332,23.634619854336332,0.34387169165174963,0.34387169165174963,0.34387169165174963,0.3667490234009752,0.3667490234009752,0.3667490234009752,-0.022877331749225557,-0.022877331749225557,-0.022877331749225557,0.0,0.0,0.0,23.97849154598808
2024-10-08,23.634392642213616,17.137856472591913,29.324854754607845,23.634392642213616,23.634392642213616,-0.45835859448937877,-0.45835859448937877,-0.45835859448937877,-0.551929203835999,-0.551929203835999,-0.551929203835999,0.09357060934662019,0.09357060934662019,0.09357060934662019,0.0,0.0,0.0,23.176034047724237
2024-10-09,23.634165430090896,17.987774496843528,30.466387759133784,23.634165430090896,23.634165430090896,0.5433918006882218,0.5433918006882218,0.5433918006882218,0.36678124822201114,0.36678124822201114,0.36678124822201114,0.1766105524662107,0.1766105524662107,0.1766105524662107,0.0,0.0,0.0,24.17755723077912
2024-10-10,23.633938217968183,17.40419898275493,29.688025909524924,23.633938217968183,23.633938217968183,0.16178468671161048,0.16178468671161048,0.16178468671161048,-0.06047854999871691,-0.06047854999871691,-0.06047854999871691,0.22226323671032736,0.22226323671032736,0.22226323671032736,0.0,0.0,0.0,23.795722904679792
2024-10-11,23.633711005845463,17.10300643129603,29.47299963631375,23.633711005845463,23.633711005845463,-0.23294660297395792,-0.23294660297395792,-0.23294660297395792,-0.4601149520217069,-0.4601149520217069,-0.4601149520217069,0.22716834904774896,0.22716834904774896,0.22716834904774896,0.0,0.0,0.0,23.400764402871506
2024-10-12,23.633483793722746,17.304763786108527,30.02619707977224,23.633483793722746,23.633483793722746,0.25008885160189137,0.25008885160189137,0.25008885160189137,0.06142651573406976,0.06142651573406976,0.06142651573406976,0.18866233586782166,0.18866233586782166,0.18866233586782166,0.0,0.0,0.0,23.883572645324637
2024-10-13,23.63325658160003,17.76933112206269,29.873356125929366,23.63325658160003,23.63325658160003,0.38240835063862905,0.38240835063862905,0.38240835063862905,0.27756591849968604,0.27756591849968604,0.27756591849968604,0.104842432138943,0.104842432138943,0.104842432138943,0.0,0.0,0.0,24.015664932238657
2024-10-14,23.633029369477313,17.69064133347236,30.19226056808106,23.633029369477313,23.633029369477313,0.34136418037262456,0.34136418037262456,0.34136418037262456,0.36674902340013293,0.36674902340013293,0.36674902340013293,-0.025384843027508354,-0.025384843027508354,-0.025384843027508354,0.0,0.0,0.0,23.97439354984994
2024-10-15,23.632802157354597,16.159676680649074,28.843508425454843,23.632802157354597,23.632802157354597,-0.754201351984562,-0.754201351984562,-0.754201351984562,-0.5519292038363539,-0.5519292038363539,-0.5519292038363539,-0.202272148148208,-0.202272148148208,-0.202272148148208,0.0,0.0,0.0,22.878600805370034
2024-10-16,23.632574945231877,17.148237825764873,29.558667413802034,23.632574945231877,23.632574945231877,-0.05843654434148052,-0.05843654434148052,-0.05843654434148052,0.36678124822198677,0.36678124822198677,0.36678124822198677,-0.4252177925634673,-0.4252177925634673,-0.4252177925634673,0.0,0.0,0.0,23.574138400890398
2024-10-17,23.63234773310916,16.436305652939854,28.793837833619378,23.63234773310916,23.63234773310916,-0.7532494214511255,-0.7532494214511255,-0.7532494214511255,-0.06047855000059741,-0.06047855000059741,-0.06047855000059741,-0.6927708714505281,-0.6927708714505281,-0.6927708714505281,0.0,0.0,0.0,22.879098311658034
2024-10-18,23.632120520986444,15.866129830419126,28.894666212746817,23.632120520986444,23.632120520986444,-1.4627702365432667,-1.4627702365432667,-1.4627702365432667,-0.46011495202444047,-0.46011495202444047,-0.46011495202444047,-1.0026552845188261,-1.0026552845188261,-1.0026552845188261,0.0,0.0,0.0,22.169350284443176
2024-10-19,23.631893308863727,16.128172870900443,28.762899466922097,23.631893308863727,23.631893308863727,-1.2903859012747574,-1.2903859012747574,-1.2903859012747574,0.06142651573697606,0.06142651573697606,0.06142651573697606,-1.3518124170117334,-1.3518124170117334,-1.3518124170117334,0.0,0.0,0.0,22.34150740758897
2024-10-20,23.63166609674101,15.954993263635602,28.608710379647757,23.63166609674101,23.63166609674101,-1.4588958957617906,-1.4588958957617906,-1.4588958957617906,0.2775659184991017,0.2775659184991017,0.2775659184991017,-1.7364618142608923,-1.7364618142608923,-1.7364618142608923,0.0,0.0,0.0,22.17277020097922
2024-10-21,23.63143888461829,15.100657267973585,27.742340773780846,23.63143888461829,23.63143888461829,-1.7854297172388773,-1.7854297172388773,-1.7854297172388773,0.3667490233997252,0.3667490233997252,0.3667490233997252,-2.1521787406386026,-2.1521787406386026,-2.1521787406386026,0.0,0.0,0.0,21.846009167379414
2024-10-22,23.631211672495574,14.373960121471999,26.57539730790288,23.631211672495574,23.631211672495574,-3.1459162951800765,-3.1459162951800765,-3.1459162951800765,-0.5519292038361341,-0.5519292038361341,-0.5519292038361341,-2.5939870913439425,-2.5939870913439425,-2.5939870913439425,0.0,0.0,0.0,20.4852953773155
2024-10-23,23.630984460372858,14.427413562756989,28.139526687921926,23.630984460372858,23.630984460372858,-2.6896844836813103,-2.6896844836813103,-2.6896844836813103,0.3667812482233115,0.3667812482233115,0.3667812482233115,-3.056465731904622,-3.056465731904622,-3.056465731904622,0.0,0.0,0.0,20.941299976691546
2024-10-24,23.63075724825014,13.020742020511916,26.135255902925625,23.63075724825014,23.63075724825014,-3.5943445359544794,-3.5943445359544794,-3.5943445359544794,-0.06047855000055445,-0.06047855000055445,-0.06047855000055445,-3.533865985953925,-3.533865985953925,-3.533865985953925,0.0,0.0,0.0,20.03641271229566
2024-10-25,23.630530036127425,12.894753819658105,25.35244991216376,23.630530036127425,23.630530036127425,-4.480352638348819,-4.480352638348819,-4.480352638348819,-0.46011495202294045,-0.46011495202294045,-0.46011495202294045,-4.020237686325878,-4.020237686325878,-4.020237686325878,0.0,0.0,0.0,19.150177397778606
2024-10-26,23.630302824004705,12.64541728743518,25.63479403716621,23.630302824004705,23.630302824004705,-4.448134440562259,-4.448134440562259,-4.448134440562259,0.06142651573610035,0.06142651573610035,0.06142651573610035,-4.50956095629836,-4.50956095629836,-4.50956095629836,0.0,0.0,0.0,19.182168383442445
2024-10-27,23.63007561188199,12.5041370321595,24.764655745980647,23.63007561188199,23.63007561188199,-4.718314785670314,-4.718314785670314,-4.718314785670314,0.27756591849887247,0.27756591849887247,0.27756591849887247,-4.995880704169187,-4.995880704169187,-4.995880704169187,0.0,0.0,0.0,18.911760826211676
2024-11-01,23.628939551268402,9.150000648932664,22.1872130662442,23.628939551268402,23.628939551268402,-7.655129286948534,-7.655129286948534,-7.655129286948534,-0.460114952023557,-0.460114952023557,-0.460114952023557,-7.195014334924976,-7.195014334924976,-7.195014334924976,0.0,0.0,0.0,15.97381026431987
2024-11-02,23.628712339145686,9.811739464968694,22.587998266995996,23.628712339145686,23.628712339145686,-7.496641249006105,-7.496641249006105,-7.496641249006105,0.06142651573522468,0.06142651573522468,0.06142651573522468,-7.558067764741329,-7.558067764741329,-7.558067764741329,0.0,0.0,0.0,16.132071090139583
2024-11-03,23.62848512702297,9.36350472037925,22.090225610513244,23.62848512702297,23.62848512702297,-7.6111086125249265,-7.6111086125249265,-7.6111086125249265,0.2775659184999336,0.2775659184999336,0.2775659184999336,-7.88867453102486,-7.88867453102486,-7.88867453102486,0.0,0.0,0.0,16.017376514498043
2024-11-04,23.62825791490025,9.366511693513054,22.083665742534706,23.62825791490025,23.62825791490025,-7.818800525297433,-7.818800525297433,-7.818800525297433,0.3667490233984751,0.3667490233984751,0.3667490233984751,-8.185549548695908,-8.185549548695908,-8.185549548695908,0.0,0.0,0.0,15.809457389602816
2024-11-05,23.628030702777533,8.427512571610594,21.25090068859483,23.628030702777533,23.628030702777533,-9.000239931150569,-9.000239931150569,-9.000239931150569,-0.5519292038367767,-0.5519292038367767,-0.5519292038367767,-8.448310727313793,-8.448310727313793,-8.448310727313793,0.0,0.0,0.0,14.627790771626964
2024-11-06,23.627803490654816,8.981598370405246,21.753968339558593,23.627803490654816,23.627803490654816,-8.310705369599438,-8.310705369599438,-8.310705369599438,0.36678124822326275,0.36678124822326275,0.36678124822326275,-8.677486617822701,-8.677486617822701,-8.677486617822701,0.0,0.0,0.0,15.317098121055379
2024-11-07,23.6275762785321,8.316523896486997,21.250208405522873,23.6275762785321,23.6275762785321,-8.934980652700137,-8.934980652700137,-8.934980652700137,-0.06047854999829367,-0.06047854999829367,-0.06047854999829367,-8.874502102701843,-8.874502102701843,-8.874502102701843,0.0,0.0,0.0,14.692595625831963
2024-11-08,23.627349066409383,7.6624157428613175,20.478635963029188,23.627349066409383,23.627349066409383,-9.501757189553404,-9.501757189553404,-9.501757189553404,-0.4601149520234312,-0.4601149520234312,-0.4601149520234312,-9.04164223752997,-9.04164223752997,-9.04164223752997,0.0,0.0,0.0,14.12559187685598
2024-11-09,23.627121854286663,7.84129120902417,20.664918782883678,23.627121854286663,23.627121854286663,-9.120568366513472,-9.120568366513472,-9.120568366513472,0.06142651573624001,0.06142651573624001,0.06142651573624001,-9.181994882249711,-9.181994882249711,-9.181994882249711,0.0,0.0,0.0,14.506553487773191
2024-11-10,23.626894642163947,7.623095423503202,20.706184074590055,23.626894642163947,23.626894642163947,-9.021807363267728,-9.021807363267728,-9.021807363267728,0.27756591849841383,0.27756591849841383,0.27756591849841383,-9.299373281766142,-9.299373281766142,-9.299373281766142,0.0,0.0,0.0,14.60508727889622
2024-11-11,23.62666743004123,8.486013100834262,20.713177836016595,23.62666743004123,23.62666743004123,-9.031471231459125,-9.031471231459125,-9.031471231459125,0.3667490234008578,0.3667490234008578,0.3667490234008578,-9.398220254859984,-9.398220254859984,-9.398220254859984,0.0,0.0,0.0,14.595196198582105
2024-11-12,23.626440217918514,7.376031828420648,20.076253854774013,23.626440217918514,23.626440217918514,-10.035425318898168,-10.035425318898168,-10.035425318898168,-0.5519292038360492,-0.5519292038360492,-0.5519292038360492,-9.483496115062119,-9.483496115062119,-9.483496115062119,0.0,0.0,0.0,13.591014899020346
2024-11-13,23.626213005795798,8.044388302312907,20.720184168434564,23.626213005795798,23.626213005795798,-9.193771616905055,-9.193771616905055,-9.193771616905055,0.36678124822458746,0.36678124822458746,0.36678124822458746,-9.560552865129642,-9.560552865129642,-9.560552865129642,0.0,0.0,0.0,14.432441388890743
2024-11-14,23.625985793673077,7.838923684470836,20.114808984931248,23.625985793673077,23.625985793673077,-9.695476117174701,-9.695476117174701,-9.695476117174701,-0.06047855000017417,-0.06047855000017417,-0.06047855000017417,-9.634997567174528,-9.634997567174528,-9.634997567174528,0.0,0.0,0.0,13.930509676498376
2024-11-15,23.62575858155036,6.815613971725919,19.381187520188416,23.62575858155036,23.62575858155036,-10.172663035751391,-10.172663035751391,-10.172663035751391,-0.46011495202404795,-0.46011495202404795,-0.46011495202404795,-9.712548083727343,-9.712548083727343,-9.712548083727343,0.0,0.0,0.0,13.45309554579897
2024-11-16,23.625531369427645,7.808583421151071,19.921858093285223,23.625531369427645,23.625531369427645,-9.737458087226647,-9.737458087226647,-9.737458087226647,0.0614265157321433,0.0614265157321433,0.0614265157321433,-9.798884602958791,-9.798884602958791,-9.798884602958791,0.0,0.0,0.0,13.888073282200997
2024-11-17,23.625304157304928,8.105282521515175,19.84821362394452,23.625304157304928,23.625304157304928,-9.621934579332285,-9.621934579332285,-9.621934579332285,0.277565918499475,0.277565918499475,0.277565918499475,-9.89950049783176,-9.89950049783176,-9.89950049783176,0.0,0.0,0.0,14.003369577972643
2024-11-18,23.625076945182208,7.822904862937781,20.590303790685997,23.625076945182208,23.625076945182208,-9.652807096331072,-9.652807096331072,-9.652807096331072,0.36674902340045007,0.36674902340045007,0.36674902340045007,-10.01955611973152,-10.01955611973152,-10.01955611973152,0.0,0.0,0.0,13.972269848851136
2024-11-19,23.62484973305949,6.825868551034146,18.65133253171847,23.62484973305949,23.62484973305949,-10.71566829396246,-10.71566829396246,-10.71566829396246,-0.5519292038363367,-0.5519292038363367,-0.5519292038363367,-10.163739090126121,-10.163739090126121,-10.163739090126121,0.0,0.0,0.0,12.909181439097031
2024-11-20,23.624622520936775,7.082525567268644,19.916446314841313,23.624622520936775,23.624622520936775,-9.969353280784533,-9.969353280784533,-9.969353280784533,0.36678124822456304,0.36678124822456304,0.36678124822456304,-10.336134529009096,-10.336134529009096,-10.336134529009096,0.0,0.0,0.0,13.655269240152242
2024-11-21,23.62439530881406,6.666210136777981,18.989737955874585,23.62439530881406,23.62439530881406,-10.600586998588447,-10.600586998588447,-10.600586998588447,-0.06047854999820775,-0.06047854999820775,-0.06047854999820775,-10.54010844859024,-10.54010844859024,-10.54010844859024,0.0,0.0,0.0,13.023808310225611
2024-11-22,23.624168096691342,5.641602207908146,18.250458016187814,23.624168096691342,23.624168096691342,-11.238322201420372,-11.238322201420372,-11.238322201420372,-0.4601149520246646,-0.4601149520246646,-0.4601149520246646,-10.778207249395708,-10.778207249395708,-10.778207249395708,0.0,0.0,0.0,12.38584589527097
2024-11-23,23.623940884568622,6.284949784775434,18.929357968160883,23.623940884568622,23.623940884568622,-10.99064937431707,-10.99064937431707,-10.99064937431707,0.061426515735049626,0.061426515735049626,0.061426515735049626,-11.052075890052118,-11.052075890052118,-11.052075890052118,0.0,0.0,0.0,12.633291510251553
2024-11-24,23.623713672445906,6.313201171342484,18.87686807073609,23.623713672445906,23.623713672445906,-11.084830951655325,-11.084830951655325,-11.084830951655325,0.27756591850053625,0.27756591850053625,0.27756591850053625,-11.362396870155862,-11.362396870155862,-11.362396870155862,0.0,0.0,0.0,12.53888272079058
2024-11-25,23.623486460323193,5.9403851830373124,19.2229383473859,23.623486460323193,23.623486460323193,-11.342102654432466,-11.342102654432466,-11.342102654432466,0.36674902340004223,0.36674902340004223,0.36674902340004223,-11.708851677832508,-11.708851677832508,-11.708851677832508,0.0,0.0,0.0,12.281383805890727
2024-11-26,23.623259248200473,4.641616601711742,17.263924737863597,23.623259248200473,23.623259248200473,-12.642035025465535,-12.642035025465535,-12.642035025465535,-0.5519292038361169,-0.5519292038361169,-0.5519292038361169,-12.090105821629418,-12.090105821629418,-12.090105821629418,0.0,0.0,0.0,10.981224222734937
2024-11-27,23.623032036077756,4.909557581465438,17.28431884153112,23.623032036077756,23.623032036077756,-12.137036754883312,-12.137036754883312,-12.137036754883312,0.36678124822433067,0.36678124822433067,0.36678124822433067,-12.503818003107641,-12.503818003107641,-12.503818003107641,0.0,0.0,0.0,11.485995281194445
2024-12-01,23.622123187586887,3.3314717621202825,15.72126210376321,23.622123187586887,23.622123187586887,-14.126129371319688,-14.126129371319688,-14.126129371319688,0.2775659185003069,0.2775659185003069,0.2775659185003069,-14.403695289819995,-14.403695289819995,-14.403695289819995,0.0,0.0,0.0,9.495993816267198
2024-12-02,23.62189597546417,2.405925023640728,15.574213226077354,23.62189597546417,23.62189597546417,-14.54620015744239,-14.54620015744239,-14.54620015744239,0.366749023402425,0.366749023402425,0.366749023402425,-14.912949180844816,-14.912949180844816,-14.912949180844816,0.0,0.0,0.0,9.07569581802178
2024-12-03,23.62166876334145,1.2323263815626313,13.998097708658186,23.62166876334145,23.62166876334145,-15.9748281496207,-15.9748281496207,-15.9748281496207,-0.5519292038358969,-0.5519292038358969,-0.5519292038358969,-15.422898945784802,-15.422898945784802,-15.422898945784802,0.0,0.0,0.0,7.64684061372075
2024-12-04,23.621441551218734,1.572504769564347,14.558198649011338,23.621441551218734,23.621441551218734,-15.55951077790365,-15.55951077790365,-15.55951077790365,0.3667812482229572,0.3667812482229572,0.3667812482229572,-15.926292026126607,-15.926292026126607,-15.926292026126607,0.0,0.0,0.0,8.061930773315083
2024-12-05,23.621214339096017,0.7277151854181015,13.645655135859771,23.621214339096017,23.621214339096017,-16.476170223227758,-16.476170223227758,-16.476170223227758,-0.06047854999594694,-0.06047854999594694,-0.06047854999594694,-16.41569167323181,-16.41569167323181,-16.41569167323181,0.0,0.0,0.0,7.145044115868259
2024-12-06,23.6209871269733,0.1095603067944634,12.481005783523482,23.6209871269733,23.6209871269733,-17.343752959136616,-17.343752959136616,-17.343752959136616,-0.4601149520237812,-0.4601149520237812,-0.4601149520237812,-16.883638007112836,-16.883638007112836,-16.883638007112836,0.0,0.0,0.0,6.277234167836685
2024-12-07,23.62075991485058,0.3151019876787269,12.839584278267964,23.62075991485058,23.62075991485058,-17.261384313196842,-17.261384313196842,-17.261384313196842,0.06142651573518926,0.06142651573518926,0.06142651573518926,-17.32281082893203,-17.32281082893203,-17.32281082893203,0.0,0.0,0.0,6.359375601653738
2024-12-08,23.620532702727864,-0.034819056351592034,13.05230604044406,23.620532702727864,23.620532702727864,-17.448624424720236,-17.448624424720236,-17.448624424720236,0.27756591850101325,0.27756591850101325,0.27756591850101325,-17.72619034322125,-17.72619034322125,-17.72619034322125,0.0,0.0,0.0,6.171908278007628
2024-12-09,23.62030549060515,-0.7027163994311746,11.65358863454969,23.62030549060515,23.62030549060515,-17.720462960216167,-17.720462960216167,-17.720462960216167,0.36674902340158283,0.36674902340158283,0.36674902340158283,-18.087211983617753,-18.087211983617753,-18.087211983617753,0.0,0.0,0.0,5.899842530388984
2024-12-10,23.62007827848243,-1.520311493088336,11.158622163182647,23.62007827848243,23.62007827848243,-18.951840870883775,-18.951840870883775,-18.951840870883775,-0.551929203835677,-0.551929203835677,-0.551929203835677,-18.399911667048094,-18.399911667048094,-18.399911667048094,0.0,0.0,0.0,4.668237407598657
2024-12-11,23.619851066359715,-0.8345480287681616,11.534163256688574,23.619851066359715,23.619851066359715,-18.292276774475006,-18.292276774475006,-18.292276774475006,0.366781248224282,0.366781248224282,0.366781248224282,-18.659058022699288,-18.659058022699288,-18.659058022699288,0.0,0.0,0.0,5.327574291884709
2024-12-12,23.619623854236995,-1.1999765372886053,11.00180551457606,23.619623854236995,23.619623854236995,-18.920746998606848,-18.920746998606848,-18.920746998606848,-0.060478549997827445,-0.060478549997827445,-0.060478549997827445,-18.86026844860902,-18.86026844860902,-18.86026844860902,0.0,0.0,0.0,4.698876855630147
2024-12-13,23.61939664211428,-3.0190839910788028,10.118287300432607,23.61939664211428,23.61939664211428,-19.460221184802617,-19.460221184802617,-19.460221184802617,-0.46011495202365527,-0.46011495202365527,-0.46011495202365527,-19.000106232778965,-19.000106232778965,-19.000106232778965,0.0,0.0,0.0,4.159175457311662
2024-12-14,23.61916942999156,-1.722405330296033,10.711574932993281,23.61916942999156,23.61916942999156,-19.014729912314092,-19.014729912314092,-19.014729912314092,0.061426515736204564,0.061426515736204564,0.061426515736204564,-19.076156428050297,-19.076156428050297,-19.076156428050297,0.0,0.0,0.0,4.60443951767747
2024-12-15,23.618942217868845,-1.6254196240229024,11.519312917300372,23.618942217868845,23.618942217868845,-18.80951276093959,-18.80951276093959,-18.80951276093959,0.27756591849949325,0.27756591849949325,0.27756591849949325,-19.087078679439085,-19.087078679439085,-19.087078679439085,0.0,0.0,0.0,4.809429456929255
2024-12-16,23.61871500574613,-1.077359391826766,11.288701821152072,23.61871500574613,23.61871500574613,-18.665886733204452,-18.665886733204452,-18.665886733204452,0.36674902340160953,0.36674902340160953,0.36674902340160953,-19.032635756606062,-19.032635756606062,-19.032635756606062,0.0,0.0,0.0,4.952828272541677
2024-12-17,23.61848779362341,-2.1852442401136996,10.075433371209085,23.61848779362341,23.61848779362341,-19.465626332784527,-19.465626332784527,-19.465626332784527,-0.5519292038359647,-0.5519292038359647,-0.5519292038359647,-18.913697128948563,-18.913697128948563,-18.913697128948563,0.0,0.0,0.0,4.152861460838881
2024-12-18,23.618260581500692,-1.2140547618250046,11.158284783159363,23.618260581500692,23.618260581500692,-18.365436273710717,-18.365436273710717,-18.365436273710717,0.36678124822425756,0.36678124822425756,0.36678124822425756,-18.732217521934974,-18.732217521934974,-18.732217521934974,0.0,0.0,0.0,5.252824307789975
2024-12-19,23.618033369377976,-1.1301681597498863,11.245478813860585,23.618033369377976,23.618033369377976,-18.55166954581421,-18.55166954581421,-18.55166954581421,-0.060478549999707976,-0.060478549999707976,-0.060478549999707976,-18.4911909958145,-18.4911909958145,-18.4911909958145,0.0,0.0,0.0,5.066363823563766
2024-12-20,23.61780615725526,-1.5739329302290996,11.490389823272452,23.61780615725526,23.61780615725526,-18.654696628805496,-18.654696628805496,-18.654696628805496,-0.46011495202215513,-0.46011495202215513,-0.46011495202215513,-18.19458167678334,-18.19458167678334,-18.19458167678334,0.0,0.0,0.0,4.963109528449763
2024-12-21,23.617578945132543,-0.2007313241645098,12.262685144843221,23.617578945132543,23.617578945132543,-17.78580631568711,-17.78580631568711,-17.78580631568711,0.06142651573721989,0.06142651573721989,0.06142651573721989,-17.847232831424332,-17.847232831424332,-17.847232831424332,0.0,0.0,0.0,5.831772629445432
2024-12-22,23.617351733009823,0.17997220853950097,12.87574777067732,23.617351733009823,23.617351733009823,-17.177190575347414,-17.177190575347414,-17.177190575347414,0.27756591849926393,0.27756591849926393,0.27756591849926393,-17.45475649384668,-17.45475649384668,-17.45475649384668,0.0,0.0,0.0,6.440161157662409
2024-12-23,23.61712452088711,0.8204056144993453,13.302999004166196,23.61712452088711,23.61712452088711,-16.656657295181425,-16.656657295181425,-16.656657295181425,0.36674902340076726,0.36674902340076726,0.36674902340076726,-17.023406318582193,-17.023406318582193,-17.023406318582193,0.0,0.0,0.0,6.960467225705685
2024-12-24,23.61689730876439,0.1263958397351922,12.42615398328767,23.61689730876439,23.61689730876439,-17.111865933371845,-17.111865933371845,-17.111865933371845,-0.5519292038363196,-0.5519292038363196,-0.5519292038363196,-16.559936729535522,-16.559936729535522,-16.559936729535522,0.0,0.0,0.0,6.505031375392544
2024-12-25,23.616670096641673,1.4616765817301254,13.754349305167226,23.616670096641673,23.616670096641673,-15.704670508036111,-15.704670508036111,-15.704670508036111,0.3667812482242332,0.3667812482242332,0.3667812482242332,-16.071451756260345,-16.071451756260345,-16.071451756260345,0.0,0.0,0.0,7.911999588605562
2024-12-26,23.616442884518953,2.0938502129805783,14.175152207592877,23.616442884518953,23.616442884518953,-15.625725735824444,-15.625725735824444,-15.625725735824444,-0.06047854999774151,-0.06047854999774151,-0.06047854999774151,-15.565247185826705,-15.565247185826705,-15.565247185826705,0.0,0.0,0.0,7.990717148694509
2024-12-27,23.616215672396237,1.977611757846846,14.550109276770948,23.616215672396237,23.616215672396237,-15.508764757814351,-15.508764757814351,-15.508764757814351,-0.4601149520248887,-0.4601149520248887,-0.4601149520248887,-15.048649805789461,-15.048649805789461,-15.048649805789461,0.0,0.0,0.0,8.107450914581886
2024-12-28,23.615988460273524,3.4394801290252293,15.605271621624789,23.615988460273524,23.615988460273524,-14.467431052071245,-14.467431052071245,-14.467431052071245,0.061426515736344216,0.061426515736344216,0.061426515736344216,-14.528857567807588,-14.528857567807588,-14.528857567807588,0.0,0.0,0.0,9.14855740820228
2024-12-29,23.615761248150804,3.693671719811531,15.822871069118666,23.615761248150804,23.615761248150804,-13.73521854277024,-13.73521854277024,-13.73521854277024,0.2775659184986796,0.2775659184986796,0.2775659184986796,-14.012784461268918,-14.012784461268918,-14.012784461268918,0.0,0.0,0.0,9.880542705380565
2024-12-30,23.615534036028087,4.103697646371291,16.658568778926625,23.615534036028087,23.615534036028087,-13.140164729731808,-13.140164729731808,-13.140164729731808,0.3667490233999249,0.3667490233999249,0.3667490233999249,-13.506913753131734,-13.506913753131734,-13.506913753131734,0.0,0.0,0.0,10.47536930629628
2024-12-31,23.615306823905367,3.2466470164164356,16.09689907005203,23.615306823905367,23.615306823905367,-13.569092231594896,-13.569092231594896,-13.569092231594896,-0.5519292038366073,-0.5519292038366073,-0.5519292038366073,-13.01716302775829,-13.01716302775829,-13.01716302775829,0.0,0.0,0.0,10.046214592310472
2025-01-01,23.615079611782654,5.381414678478152,17.980235181375114,23.615079611782654,23.615079611782654,-12.181982906355417,-12.181982906355417,-12.181982906355417,0.36678124822420877,0.36678124822420877,0.36678124822420877,-12.548764154579626,-12.548764154579626,-12.548764154579626,0.0,0.0,0.0,11.433096705427237
2025-01-02,23.614852399659934,5.337934620069173,18.41896184653475,23.614852399659934,23.614852399659934,-12.166639480139365,-12.166639480139365,-12.166639480139365,-0.06047854999962203,-0.06047854999962203,-0.06047854999962203,-12.106160930139744,-12.106160930139744,-12.106160930139744,0.0,0.0,0.0,11.44821291952057
2025-01-03,23.614625187537218,5.192109253291006,17.791497257943053,23.614625187537218,23.614625187537218,-12.153041646119615,-12.153041646119615,-12.153041646119615,-0.4601149520233886,-0.4601149520233886,-0.4601149520233886,-11.692926694096226,-11.692926694096226,-11.692926694096226,0.0,0.0,0.0,11.461583541417603
2025-01-04,23.6143979754145,5.76677478393209,18.102395622438035,23.6143979754145,23.6143979754145,-11.250277201897688,-11.250277201897688,-11.250277201897688,0.061426515734138536,0.061426515734138536,0.061426515734138536,-11.311703717631827,-11.311703717631827,-11.311703717631827,0.0,0.0,0.0,12.364120773516813
2025-01-05,23.61417076329178,6.807531657981384,18.949833602726564,23.61417076329178,23.61417076329178,-10.686599701753101,-10.686599701753101,-10.686599701753101,0.2775659184997409,0.2775659184997409,0.2775659184997409,-10.96416562025284,-10.96416562025284,-10.96416562025284,0.0,0.0,0.0,12.92757106153868
2025-01-06,23.61394355116907,6.842547193854024,19.660021315238104,23.61394355116907,23.61394355116907,-10.284254477426812,-10.284254477426812,-10.284254477426812,0.36674902339995163,0.36674902339995163,0.36674902339995163,-10.651003500826763,-10.651003500826763,-10.651003500826763,0.0,0.0,0.0,13.329689073742257
2025-01-07,23.61371633904635,6.525455593243664,19.02073978555393,23.61371633904635,23.61371633904635,-10.923865089240598,-10.923865089240598,-10.923865089240598,-0.5519292038358797,-0.5519292038358797,-0.5519292038358797,-10.37193588540472,-10.37193588540472,-10.37193588540472,0.0,0.0,0.0,12.68985124980575
2025-01-08,23.613489126923632,7.499071085194308,20.31914845529954,23.613489126923632,23.613489126923632,-9.75896076419874,-9.75896076419874,-9.75896076419874,0.36678124822262725,0.36678124822262725,0.36678124822262725,-10.125742012421368,-10.125742012421368,-10.125742012421368,0.0,0.0,0.0,13.854528362724892
2025-01-09,23.613261914800912,7.421893867045746,19.547104959349436,23.613261914800912,23.613261914800912,-9.970795959938549,-9.970795959938549,-9.970795959938549,-0.060478549997404235,-0.060478549997404235,-0.060478549997404235,-9.910317409941145,-9.910317409941145,-9.910317409941145,0.0,0.0,0.0,13.642465954862363
2025-01-10,23.6130347026782,7.4488878535041145,19.650716579067737,23.613033980522076,23.6130347026782,-10.182865135670626,-10.182865135670626,-10.182865135670626,-0.46011495202188846,-0.46011495202188846,-0.46011495202188846,-9.722750183648737,-9.722750183648737,-9.722750183648737,0.0,0.0,0.0,13.430169567007573
2025-01-11,23.612807490555483,8.193640849509961,20.437318158852175,23.61280541820022,23.612807490555483,-9.497989425789907,-9.497989425789907,-9.497989425789907,0.06142651573326284,0.06142651573326284,0.06142651573326284,-9.559415941523168,-9.559415941523168,-9.559415941523168,0.0,0.0,0.0,14.114818064765576
2025-01-12,23.612580278432763,8.225456654395275,20.902192552843648,23.612577316029626,23.612580278432763,-9.138522925097408,-9.138522925097408,-9.138522925097408,0.27756591849951157,0.27756591849951157,0.27756591849951157,-9.41608884359692,-9.41608884359692,-9.41608884359692,0.0,0.0,0.0,14.474057353335354
2025-01-13,23.612353066310046,8.314403196306722,21.198734865499993,23.6123482149005,23.61235311361986,-8.92131686998303,-8.92131686998303,-8.92131686998303,0.3667490233991094,0.3667490233991094,0.3667490233991094,-9.28806589338214,-9.28806589338214,-9.28806589338214,0.0,0.0,0.0,14.691036196327016
2025-01-14,23.612125854187326,7.42494889091134,19.747297866988443,23.612119631480343,23.612127528882166,-9.722230494186466,-9.722230494186466,-9.722230494186466,-0.5519292038361673,-0.5519292038361673,-0.5519292038361673,-9.170301290350299,-9.170301290350299,-9.170301290350299,0.0,0.0,0.0,13.88989536000086
2025-01-15,23.611898642064613,8.63232204153771,21.06320319189984,23.611890187494495,23.61190159347671,-8.690766198737451,-8.690766198737451,-8.690766198737451,0.3667812482226029,0.3667812482226029,0.3667812482226029,-9.057547446960054,-9.057547446960054,-9.057547446960054,0.0,0.0,0.0,14.921132443327162
2025-01-16,23.611671429941897,8.53823794797324,20.71616647619229,23.61166156650134,23.611676333750058,-9.004977694026483,-9.004977694026483,-9.004977694026483,-0.06047854999928474,-0.06047854999928474,-0.06047854999928474,-8.9444991440272,-8.9444991440272,-8.9444991440272,0.0,0.0,0.0,14.606693735915414
2025-01-17,23.611444217819177,7.766148782314049,21.05690362214626,23.611433385477373,23.611449732675446,-9.286052209150881,-9.286052209150881,-9.286052209150881,-0.46011495202462205,-0.46011495202462205,-0.46011495202462205,-8.82593725712626,-8.82593725712626,-8.82593725712626,0.0,0.0,0.0,14.325392008668295
2025-01-18,23.61121700569646,8.97190878258899,21.080435692359384,23.61120334676332,23.6112226334733,-8.635442018735144,-8.635442018735144,-8.635442018735144,0.061426515738060114,0.061426515738060114,0.061426515738060114,-8.696868534473204,-8.696868534473204,-8.696868534473204,0.0,0.0,0.0,14.975774986961316
2025-01-19,23.61098979357374,9.061889450375839,21.428315913860356,23.61097454483408,23.610997092072193,-8.275092122825658,-8.275092122825658,-8.275092122825658,0.27756591849928225,0.27756591849928225,0.27756591849928225,-8.552658041324941,-8.552658041324941,-8.552658041324941,0.0,0.0,0.0,15.335897670748082
2025-01-20,23.610762581451027,9.387141144851254,22.018295210127604,23.61074572848388,23.610772087954203,-8.022402079758598,-8.022402079758598,-8.022402079758598,0.3667490234014921,0.3667490234014921,0.3667490234014921,-8.389151103160088,-8.389151103160088,-8.389151103160088,0.0,0.0,0.0,15.58836050169243
2025-01-21,23.610535369328307,8.621965853846518,20.794762598749692,23.610517372076366,23.610548654353124,-8.754711077282469,-8.754711077282469,-8.754711077282469,-0.551929203836455,-0.551929203836455,-0.551929203836455,-8.202781873446012,-8.202781873446012,-8.202781873446012,0.0,0.0,0.0,14.855824292045838
2025-01-22,23.61030815720559,9.519127757643131,22.475795083940305,23.61028843372685,23.6103243989615,-7.6238847653415265,-7.6238847653415265,-7.6238847653415265,0.36678124822392766,0.36678124822392766,0.36678124822392766,-7.990666013565455,-7.990666013565455,-7.990666013565455,0.0,0.0,0.0,15.986423391864065
2025-01-23,23.610080945082874,9.4768966335925,22.078929795250218,23.61005935015835,23.610100557055784,-7.811153942586563,-7.811153942586563,-7.811153942586563,-0.06047854999924175,-0.06047854999924175,-0.06047854999924175,-7.75067539258732,-7.75067539258732,-7.75067539258732,0.0,0.0,0.0,15.798927002496312
2025-01-24,23.609853732960158,9.761571861851696,21.72022131760993,23.609829641146188,23.609877657601384,-7.941608133897378,-7.941608133897378,-7.941608133897378,-0.4601149520231219,-0.4601149520231219,-0.4601149520231219,-7.481493181874256,-7.481493181874256,-7.481493181874256,0.0,0.0,0.0,15.668245599062779
2025-01-25,23.60962652083744,10.256479279856276,22.876661815346086,23.609596781411174,23.60965562171474,-7.121221705967558,-7.121221705967558,-7.121221705967558,0.06142651573396343,0.06142651573396343,0.06142651573396343,-7.1826482217015215,-7.1826482217015215,-7.1826482217015215,0.0,0.0,0.0,16.48840481486988
2025-01-26,23.60939930871472,11.275002810594755,23.22023348094917,23.60936304235768,23.60943211152525,-6.576962142608499,-6.576962142608499,-6.576962142608499,0.2775659184990529,0.2775659184990529,0.2775659184990529,-6.854528061107553,-6.854528061107553,-6.854528061107553,0.0,0.0,0.0,17.03243716610622
2025-01-27,23.609172096592005,10.905264614009631,23.59661616907237,23.60913341320602,23.609207391961444,-6.131621581225618,-6.131621581225618,-6.131621581225618,0.36674902340064985,0.36674902340064985,0.36674902340064985,-6.498370604626269,-6.498370604626269,-6.498370604626269,0.0,0.0,0.0,17.47755051536639
2025-01-28,23.608944884469285,11.014735151326086,23.51760102612039,23.608902293576193,23.608983364340723,-6.668164030657349,-6.668164030657349,-6.668164030657349,-0.5519292038357275,-0.5519292038357275,-0.5519292038357275,-6.116234826821621,-6.116234826821621,-6.116234826821621,0.0,0.0,0.0,16.940780853811937
2025-01-29,23.60871767234657,12.129897937635283,24.632591315810288,23.608669844777026,23.60875989963882,-5.3441702763065395,-5.3441702763065395,-5.3441702763065395,0.3667812482225541,0.3667812482225541,0.3667812482225541,-5.710951524529094,-5.710951524529094,-5.710951524529094,0.0,0.0,0.0,18.264547396040033
2025-01-30,23.608490460223855,12.253940278669154,24.457861336387783,23.60843854742302,23.608536148916844,-5.346534104626837,-5.346534104626837,-5.346534104626837,-0.0604785499991988,-0.0604785499991988,-0.0604785499991988,-5.286055554627638,-5.286055554627638,-5.286055554627638,0.0,0.0,0.0,18.261956355597018
2025-01-31,23.608263248101135,11.649350406857451,24.788856553175265,23.608208306477238,23.60831148697182,-5.305816392589715,-5.305816392589715,-5.305816392589715,-0.46011495202299596,-0.46011495202299596,-0.46011495202299596,-4.845701440566719,-4.845701440566719,-4.845701440566719,0.0,0.0,0.0,18.30244685551142
2025-02-01,23.60803603597842,13.50206014199601,25.660851626582154,23.60797648197698,23.608087246611614,-4.333138097421865,-4.333138097421865,-4.333138097421865,0.06142651573497876,0.06142651573497876,0.06142651573497876,-4.394564613156844,-4.394564613156844,-4.394564613156844,0.0,0.0,0.0,19.274897938556553
2025-02-02,23.6078088238557,13.520836745293355,26.180585004555773,23.607746715277894,23.607863696621468,-3.660164952974431,-3.660164952974431,-3.660164952974431,0.2775659185001141,0.2775659185001141,0.2775659185001141,-3.937730871474545,-3.937730871474545,-3.937730871474545,0.0,0.0,0.0,19.94764387088127
2025-02-03,23.607581611732986,14.524703426151257,26.763231076753915,23.60751603635644,23.60764017685844,-3.1138278775229,-3.1138278775229,-3.1138278775229,0.3667490234002421,0.3667490234002421,0.3667490234002421,-3.4805769009231415,-3.4805769009231415,-3.4805769009231415,0.0,0.0,0.0,20.493753734210085
2025-02-04,23.60735439961027,13.328947205559343,26.478607967163317,23.607282828499617,23.60741665968568,-3.5805740658901213,-3.5805740658901213,-3.5805740658901213,-0.5519292038365902,-0.5519292038365902,-0.5519292038365902,-3.028644862053531,-3.028644862053531,-3.028644862053531,0.0,0.0,0.0,20.026780333720147
2025-02-05,23.60712718748755,15.647409483705175,27.555404560282255,23.60705008504192,23.60719507133014,-2.220732914303789,-2.220732914303789,-2.220732914303789,0.3667812482223218,0.3667812482223218,0.3667812482223218,-2.5875141625261104,-2.5875141625261104,-2.5875141625261104,0.0,0.0,0.0,21.38639427318376
2025-02-06,23.606899975364833,15.011442825040575,27.632203500871093,23.606817035993224,23.606972425097275,-2.223152094055883,-2.223152094055883,-2.223152094055883,-0.06047854999915581,-0.06047854999915581,-0.06047854999915581,-2.162673544056727,-2.162673544056727,-2.162673544056727,0.0,0.0,0.0,21.38374788130895
2025-02-07,23.606672763242116,14.676782793556201,27.632093945833837,23.606585990198,23.60674912770311,-2.219511509262745,-2.219511509262745,-2.219511509262745,-0.4601149520214959,-0.4601149520214959,-0.4601149520214959,-1.7593965572412498,-1.7593965572412498,-1.7593965572412498,0.0,0.0,0.0,21.38716125397937
2025-02-08,23.6064455511194,15.661949200289476,28.612526933069926,23.60635255742279,23.606526501598854,-1.3211968467439663,-1.3211968467439663,-1.3211968467439663,0.06142651573410311,0.06142651573410311,0.06142651573410311,-1.3826233624780695,-1.3826233624780695,-1.3826233624780695,0.0,0.0,0.0,22.285248704375434
2025-02-09,23.60621833899668,17.095949552121358,29.312540486079197,23.606119187698397,23.606303624629202,-0.7592856709292692,-0.7592856709292692,-0.7592856709292692,0.27756591849859424,0.27756591849859424,0.27756591849859424,-1.0368515894278636,-1.0368515894278636,-1.0368515894278636,0.0,0.0,0.0,22.84693266806741
2025-02-10,23.605991126873963,16.545638452481768,28.99946133076146,23.60588595404774,23.60608061240766,-0.3592896937067751,-0.3592896937067751,-0.3592896937067751,0.3667490233998343,0.3667490233998343,0.3667490233998343,-0.7260387171066094,-0.7260387171066094,-0.7260387171066094,0.0,0.0,0.0,23.24670143316719
2025-02-11,23.605763914751247,16.13895624504186,29.19671516449457,23.605652819291684,23.60585782938318,-1.0054473134343882,-1.0054473134343882,-1.0054473134343882,-0.5519292038358625,-0.5519292038358625,-0.5519292038358625,-0.4535181095985257,-0.4535181095985257,-0.4535181095985257,0.0,0.0,0.0,22.60031660131686
2025-02-12,23.60553670262853,17.362553419888656,30.244244119256308,23.605418458613542,23.60563475756745,0.1448507802024412,0.1448507802024412,0.1448507802024412,0.36678124822229735,0.36678124822229735,0.36678124822229735,-0.22193046801985616,-0.22193046801985616,-0.22193046801985616,0.0,0.0,0.0,23.75038748283097
2025-02-13,23.605309490505814,17.305687814633167,30.05008736786978,23.605187272575932,23.605411541334796,-0.09365059799288873,-0.09365059799288873,-0.09365059799288873,-0.060478550001036344,-0.060478550001036344,-0.060478550001036344,-0.033172047991852395,-0.033172047991852395,-0.033172047991852395,0.0,0.0,0.0,23.511658892512926
2025-02-14,23.605082278383094,17.515575466218692,29.481230939002593,23.604954318555357,23.605187518995315,-0.3484755067571593,-0.3484755067571593,-0.3484755067571593,-0.4601149520221126,-0.4601149520221126,-0.4601149520221126,0.11163944526495324,0.11163944526495324,0.11163944526495324,0.0,0.0,0.0,23.256606771625936
2025-02-15,23.604855066260377,17.724689273134327,30.110479588148795,23.604720464099422,23.60496530846237,0.273607339122623,0.273607339122623,0.273607339122623,0.06142651573322744,0.06142651573322744,0.06142651573322744,0.2121808233893955,0.2121808233893955,0.2121808233893955,0.0,0.0,0.0,23.878462405383
2025-02-16,23.60462785413766,17.69117723198752,30.31507847259777,23.60448561025258,23.60474233086041,0.5464871542107765,0.5464871542107765,0.5464871542107765,0.2775659184993005,0.2775659184993005,0.2775659184993005,0.26892123571147597,0.26892123571147597,0.26892123571147597,0.0,0.0,0.0,24.151115008348437
2025-02-17,23.604400642014944,18.116184013033788,30.734038903835014,23.60425157423463,23.604519270183278,0.6498513049934783,0.6498513049934783,0.6498513049934783,0.3667490233994265,0.3667490233994265,0.3667490233994265,0.2831022815940519,0.2831022815940519,0.2831022815940519,0.0,0.0,0.0,24.254251947008424
2025-02-18,23.604173429892228,17.107689257831503,29.73165980570483,23.60401879110161,23.604297274306845,-0.29522792857042257,-0.29522792857042257,-0.29522792857042257,-0.5519292038361503,-0.5519292038361503,-0.5519292038361503,0.25670127526572767,0.25670127526572767,0.25670127526572767,0.0,0.0,0.0,23.308945501321805
2025-02-19,23.603946217769508,18.038885079371365,30.13036643546557,23.60378033058215,23.604073769902367,0.5591601652038383,0.5591601652038383,0.5591601652038383,0.3667812482236221,0.3667812482236221,0.3667812482236221,0.19237891698021606,0.19237891698021606,0.19237891698021606,0.0,0.0,0.0,24.163106382973346
2025-02-20,23.60371900564679,17.622947772235804,29.46999395683567,23.603544016547367,23.60385206511787,0.03293442680974152,0.03293442680974152,0.03293442680974152,-0.060478549999069875,-0.060478549999069875,-0.060478549999069875,0.09341297680881139,0.09341297680881139,0.09341297680881139,0.0,0.0,0.0,23.636653432456534
2025-02-21,23.603491793524075,16.611341008655124,29.76217611743223,23.603313040887233,23.603631439746735,-0.49649505077026945,-0.49649505077026945,-0.49649505077026945,-0.4601149520241036,-0.4601149520241036,-0.4601149520241036,-0.036380098746165795,-0.036380098746165795,-0.036380098746165795,0.0,0.0,0.0,23.106996742753804
2025-02-22,23.60326458140136,17.298632666552024,29.263786865399823,23.603079620908662,23.603412741906958,-0.1313069829342421,-0.1313069829342421,-0.1313069829342421,0.061426515736133745,0.061426515736133745,0.061426515736133745,-0.19273349867037584,-0.19273349867037584,-0.19273349867037584,0.0,0.0,0.0,23.471957598467117
2025-02-23,23.603037369278642,17.340462134997704,29.811708689359406,23.60284430911998,23.603190213995045,-0.0934600127891215,-0.0934600127891215,-0.0934600127891215,0.2775659184990712,0.2775659184990712,0.2775659184990712,-0.3710259312881927,-0.3710259312881927,-0.3710259312881927,0.0,0.0,0.0,23.50957735648952
2025-02-24,23.602810157155922,17.414982466568162,29.753928520764678,23.602608729025558,23.60296670821652,-0.19963358618208507,-0.19963358618208507,-0.19963358618208507,0.36674902339858423,0.36674902339858423,0.36674902339858423,-0.5663826095806693,-0.5663826095806693,-0.5663826095806693,0.0,0.0,0.0,23.403176570973837
2025-02-25,23.602582945033205,15.543930019579115,28.616882758348524,23.60237190760429,23.602744501213188,-1.325708013241108,-1.325708013241108,-1.325708013241108,-0.5519292038359302,-0.5519292038359302,-0.5519292038359302,-0.7737788094051777,-0.7737788094051777,-0.7737788094051777,0.0,0.0,0.0,22.276874931792097
